ID,Type,SKU,Name,Published,"Is featured?","Visibility in catalog","Short description",Description,"Date sale price starts","Date sale price ends","Tax status","Tax class","In stock?",Stock,"Low stock amount","Backorders allowed?","Sold individually?","Weight (kg)","Length (cm)","Width (cm)","Height (cm)","Allow customer reviews?","Purchase note","Sale price","Regular price",Categories,Tags,"Shipping class",Images,"Download limit","Download expiry days",Parent,"Grouped products",Upsells,Cross-sells,"External URL","Button text",Position,Бренд,"Meta: recommend_product","Meta: post_views_count","Meta: ekit_post_views_count","Meta: _wpcom_is_markdown","Meta: _last_editor_used_jetpack","Meta: phabis_product_id","Meta: _phabis_product_id","Meta: _qa_cog_cost","Meta: _alg_wc_cog_cost","Meta: ocean_sidebar","Meta: ocean_second_sidebar","Meta: ocean_disable_margins","Meta: ocean_display_top_bar","Meta: ocean_display_header","Meta: ocean_center_header_left_menu","Meta: ocean_custom_header_template","Meta: ocean_header_custom_menu","Meta: ocean_menu_typo_font_family","Meta: ocean_disable_title","Meta: ocean_disable_heading","Meta: ocean_disable_breadcrumbs","Meta: ocean_display_footer_widgets","Meta: ocean_display_footer_bottom","Meta: ocean_custom_footer_template","Meta: ofc_enable_fullscreen","Meta: ofc_fullscreen_nav","Meta: ofc_fullscreen_nav_pos","Meta: osh_disable_topbar_sticky","Meta: osh_disable_header_sticky","Meta: osh_sticky_header_style","Meta: _yoast_wpseo_primary_pwb-brand","Meta: _yoast_wpseo_primary_product_cat","Meta: _yoast_wpseo_estimated-reading-time-minutes","Meta: __product_views_count","Meta: rs_page_bg_color","Meta: page_sidebar_layout","Meta: page_sidebar_template","Meta: featured_video_product","Meta: newproduct","Meta: _yoast_wpseo_wordproof_timestamp","Meta: _yoast_wpseo_content_score","Meta: _yoast_wpseo_metadesc","Meta: _wp_old_date"
7892,simple,,"^AJ CRATECOR filter 20 x 2gr",1,0,visible,,,,,taxable,reduced-rate,1,3,,0,0,,,,,1,ALKALOID,,55,"Витамини и суплементи > Чаеви и билни препарати",,,,,,,,,,,,0,,0,214,215,,,,,,,,,,,,,,,,,,,,,,,,,,,,,,,,,,,,,,,
7893,simple,,"^aj DETOX MIX",1,0,visible,,,,,taxable,reduced-rate,1,3,,0,0,,,,,1,BAYER,,110,"Витамини и суплементи > Чаеви и билни препарати",,,,,,,,,,,,0,,0,291,292,,,,,,,,,,,,,,,,,,,,,,,,,,,,,,,,,,,,,,,
7894,simple,,"^AJ DETSKI filter 20 x 1.5gr",1,0,visible,,,,,taxable,reduced-rate,0,0,,0,0,,,,,1,ALKALOID,,42,"Витамини и суплементи > Чаеви и билни препарати",,,,,,,,,,,,0,,0,199,200,,,,,,,,,,,,,,,,,,,,,,,,,,,,,,,,,,,,,,,
7895,simple,,"VICHY Liftactive Supreme дневна крема за сува до многу сува кожа  50ml",1,0,visible,,,,,taxable,,1,,,0,0,,,,,0,,,2485,"Нега и заштита > Кожа, Нега и заштита",,,https://lifeline.mk/wp-content/uploads/2021/11/vichy-las-d-to-vd.jpg,,,,,,,,,0,"LiftActiv,Vichy",0,239,240,,classic-editor,40b25c01-7fd0-4ce5-8aa1-fba006be5512,field_6081ae4f27756,1586,1586,0,0,enable,default,default,0,0,0,0,default,default,default,default,default,0,disable,enable,right,default,default,default,304,,0,,,,,,0,,,
7896,simple,,"80713-NIVEA FRESH COMFORT intimna nega i higiena 250ml",1,0,visible,,,,,taxable,,0,0,,0,0,,,,,1,"ATLANTIC TRADE",,235,"Нега и заштита > Сексуално здравје и интимна нега",,,,,,,,,,,,0,,0,214,215,,,,,,,,,,,,,,,,,,,,,,,,,,,,,,,,,,,,,,,
7897,simple,,"VICHY Liftactive Supreme ноќна крема за сите типови на кожа   50ml",1,0,visible,,,,,taxable,,1,,,0,0,,,,,0,,,2590,"Нега и заштита > Кожа, Нега и заштита",,,https://lifeline.mk/wp-content/uploads/2021/11/vichy-las-night.jpg,,,,,,,,,0,"LiftActiv,Vichy",0,188,189,,classic-editor,e6d90f95-3165-4f54-b10b-7cfa44bc9451,field_6081ae4f27756,1632,1632,0,0,enable,default,default,0,0,0,0,default,default,default,default,default,0,disable,enable,right,default,default,default,304,,0,,,,,,0,,,
7898,simple,,"ABRI MAN PREMIUM X14",1,0,visible,,,,,taxable,reduced-rate,0,0,,0,0,,,,,1,BAYERSDORF,,320,"Витамини и суплементи > Уринарен систем",,,,,,,,,,,,0,,0,159,160,,,,,,,,,,,,,,,,,,,,,,,,,,,,,,,,,,,,,,,
7899,simple,,"ABRI-FLEX L3 PREMIUMX14",1,0,visible,,,,,taxable,reduced-rate,0,0,,0,0,,,,,1,"ФЕНИКС ФАРМА - СКОПЈЕ",,730,"Витамини и суплементи > Уринарен систем",,,,,,,,,,,,0,,0,146,147,,,,,,,,,,,,,,,,,,,,,,,,,,,,,,,,,,,,,,,
7900,simple,,"ACC 600mg 10eff.(acetylcysteinum)",1,0,visible,,,,,taxable,reduced-rate,1,4,,0,0,,,,,1,"LEK OTC",,250,"Настинка и грип > Кашлица",,,,,,,,,,,,0,,0,486,487,,,,,,,,,,,,,,,,,,,,,,,,,,,,,,,,,,,,,,,
7901,simple,,"ACC DIRECT KESI 10X 600 mg",1,0,visible,,,,,taxable,reduced-rate,0,0,,0,0,,,,,1,"LEK OTC",,240,"Настинка и грип > Кашлица",,,,,,,,,,,,0,,0,405,406,,,,,,,,,,,,,,,,,,,,,,,,,,,,,,,,,,,,,,,
7902,simple,,"ACC JUNIOR 200mg/ml sol 100ml",1,0,visible,,,,,taxable,reduced-rate,1,1,,0,0,,,,,1,"LEK OTC",,220,"Настинка и грип > Кашлица",,,,,,,,,,,,0,,0,233,234,,,,,,,,,,,,,,,,,,,,,,,,,,,,,,,,,,,,,,,
7903,simple,,"ND PHYTOSOLUTION GEL 400ML",1,0,visible,,,,,taxable,,1,1,,notify,0,,,,,0,,,1460,"Нега и заштита > Кожа, Нега и заштита",,,https://lifeline.mk/wp-content/uploads/2021/11/ND-PHYTOSOLUTION-GEL-400ML.jpg,,,,,,,,,0,Vichy,0,252,253,,classic-editor,a6f21110-5b44-4a8b-91df-032964583a2b,field_6081ae4f27756,944,944,0,0,enable,default,default,0,0,0,0,default,default,default,default,default,0,disable,enable,right,default,default,default,,,0,,,,,,0,,,
7904,simple,,"ACEROLA 30tbl x 500mg -bls",1,0,visible,,,,,taxable,reduced-rate,1,3,,0,0,,,,,1,"ALKALOID OTC",,360,"Витамини и суплементи > Имунитет",,,,,,,,,,,,0,,0,125,126,,,,,,,,,,,,,,,,,,,,,,,,,,,,,,,,,,,,,,,
7906,simple,,"ACEROLA tbl.30 x 40mg-blister",1,0,visible,,,,,taxable,reduced-rate,1,3,,0,0,,,,,1,"ALKALOID OTC",,290,"Витамини и суплементи > Имунитет",,,,,,,,,,,,0,,0,283,284,,,,,,,,,,,,,,,,,,,,,,,,,,,,,,,,,,,,,,,
7907,simple,,"VICHY SLOW AGE CREAM",1,0,visible,,,,,taxable,,1,1,,0,0,,,,,0,,,2250,"Нега и заштита > Кожа, Нега и заштита",,,https://lifeline.mk/wp-content/uploads/2021/11/SLOW-AGE-CREAM.jpg,,,,,,,,,0,Vichy,0,255,256,,classic-editor,7c360709-6820-4d87-85f5-d3c0ea8efc5d,field_6081ae4f27756,1510,1510,0,0,enable,default,default,0,0,0,0,default,default,default,default,default,0,disable,enable,right,default,default,default,,,0,,,,,,0,,,
7908,simple,,"ACETON 100ml",1,0,visible,,,,,taxable,,0,0,,0,0,,,,,1,FITOFARM,,60,"Нега и заштита > Нокти",,,,,,,,,,,,0,,0,172,173,,,,,,,,,,,,,,,,,,,,,,,,,,,,,,,,,,,,,,,
7910,simple,,"ACIDI BORICI PULVIS  30 gr",1,0,visible,,,,,taxable,,1,3,,0,0,,,,,1,GALAFARM,,55,"Нега и заштита > Кожа",,,,,,,,,,,,0,,0,937,938,,,,,,,,,,,,,,,,,,,,,,,,,,,,,,,,,,,,,,,
7911,simple,,"VICHY Dermablend корективна пудра за сите типови на кожа № 25",1,1,visible,,,,,taxable,,1,1,,0,0,,,,,0,,,1815,"Нега и заштита > Кожа, Нега и заштита",,,https://lifeline.mk/wp-content/uploads/2021/11/VICHY-DERMABLEND-25-MAKE-UP-30ML.jpg,,,,,,,,,1,"Makeup,Vichy",0,335,336,,classic-editor,2070c6e6-9c74-4bd6-8eac-418e62712338,field_6081ae4f27756,1132,1132,0,0,enable,default,default,0,0,0,0,default,default,default,default,default,0,disable,enable,right,default,default,default,304,,0,,,,,,0,,,
7912,simple,,"ACIDI BORICI sol. 3% 1000 ml",1,0,visible,,,,,taxable,,1,1,,0,0,,,,,1,FITOFARM,,110,"Нега и заштита > Кожа",,,,,,,,,,,,0,,0,362,363,,,,,,,,,,,,,,,,,,,,,,,,,,,,,,,,,,,,,,,
7913,simple,,"VICHY Dermablend корективна пудра за сите типови на кожа № 35",1,0,visible,,,,,taxable,,1,1,,1,0,,,,,0,,,1815,"Нега и заштита > Кожа, Нега и заштита",,,https://lifeline.mk/wp-content/uploads/2021/11/VICHY-DERMABLEND-35-MAKE-UP-30ML.jpg,,,,,,,,,0,"Makeup,Vichy",0,300,301,,classic-editor,f0e60596-0533-4b24-8e46-8eac434fa139,field_6081ae4f27756,1132,1132,0,0,enable,default,default,0,0,0,0,default,default,default,default,default,0,disable,enable,right,default,default,default,304,,0,,,,,,0,,,
7914,simple,,"ACIDOSALUS sprej",1,0,visible,,,,,taxable,reduced-rate,0,0,,0,0,,,,,1,EUROFARM,,970,"Настинка и грип > Грло",,,,,,,,,,,,0,,0,1078,1079,,,,,,,,,,,,,,,,,,,,,,,,,,,,,,,,,,,,,,,
7916,simple,,"AD3 voden rast. kapki 10ml- IVAFARM",1,0,visible,,,,,taxable,reduced-rate,1,1,,0,0,,,,,1,"IVA FARM",,200,"Витамини и суплементи > Имунитет",,,,,,,,,,,,0,,0,235,236,,,,,,,,,,,,,,,,,,,,,,,,,,,,,,,,,,,,,,,
7918,simple,,"AKTIVEN JAGLEN CAPS. X 10",1,0,visible,,,,,taxable,reduced-rate,1,1,,0,0,,,,,1,"ALKALOID OTC",,95,"Витамини и суплементи > Дигестивен тракт и пробиотици",,,,,,,,,,,,0,,0,259,260,,,,,,,,,,,,,,,,,,,,,,,,,,,,,,,,,,,,,,,
7919,simple,,"VICHY LIFTACTIV SPECIALIST GLYCO-C NIGHT PEEL- ампули за хиперпигментација и свеж изглед на кожата, за сите типови на кожа",1,0,visible,,,,,taxable,,0,,,0,0,,,,,0,,,1770,"Нега и заштита > Кожа, Нега и заштита",,,https://lifeline.mk/wp-content/uploads/2021/11/VICHY-LIFTACTIV-SPECIALIST-GLYCO-C-NIGHT-PEEL.jpg,,,,,,,,,0,"LiftActiv,Vichy",0,200,200,,classic-editor,b1b46a4e-0dd8-448d-9273-e85fb345a273,field_6081ae4f27756,1091,1091,0,0,enable,default,default,0,0,0,0,default,default,default,default,default,0,disable,enable,right,default,default,default,304,,0,,,,,,0,,,
7920,simple,,"ALANERV cps. 20x 920mg",1,0,visible,,,,,taxable,reduced-rate,1,1,,0,0,,,,,1,UVOZ,,1230,"Витамини и суплементи > Дијабетес",,,,,,,,,,,,0,,0,333,334,,,,,,,,,,,,,,,,,,,,,,,,,,,,,,,,,,,,,,,
7921,simple,,"VICHY Liftactive Supreme H.A Epidermic Filler  серум за нега за сите типови кожа  30ml",1,0,visible,,,,,taxable,,1,10,,notify,0,,,,,0,,,2790,"Нега и заштита > Кожа, Нега и заштита",,,https://lifeline.mk/wp-content/uploads/2021/11/VICHY-LIFTACTIV-SUPREME-H.A-EPIDERMIC-FILLER.jpg,,,,,,,,,0,"LiftActiv,Vichy",0,167,168,,classic-editor,ea20ca3f-0269-4e63-97a1-a1832179d401,field_6081ae4f27756,1800,1800,0,0,enable,default,default,0,0,0,0,default,default,default,default,default,0,disable,enable,right,default,default,default,304,,0,,,,,,0,,,
7924,simple,,"ALFAPLAST water rezist.ass.5vel /40",1,0,visible,,,,,taxable,,0,0,,0,0,,,,,1,BAYER,,60,"Нега и заштита > Кожа",,,,,,,,,,,,0,,0,162,163,,,,,,,,,,,,,,,,,,,,,,,,,,,,,,,,,,,,,,,
7925,simple,,"VICHY MINERALBLEND 06 30ML",1,0,visible,,,,,taxable,,0,,,0,0,,,,,0,,,"1400,424","Нега и заштита > Кожа, Нега и заштита",,,https://lifeline.mk/wp-content/uploads/2021/11/VICHY-MINERALBLEND-06-30ML.jpg,,,,,,,,,0,"Makeup,Vichy",0,337,338,,classic-editor,d7041d1d-fda8-4294-a56d-bc10159a1a86,field_6081ae4f27756,989,989,0,0,enable,default,default,0,0,0,0,default,default,default,default,default,0,disable,enable,right,default,default,default,304,,,,,,,,,,60,
7926,simple,,"ALGA SAN AKUT GENU mast za koleno 50ML",1,0,visible,,,,,taxable,,1,1,,0,0,,,,,1,NATUSANA,,290,"Против болка",,,,,,,,,,,,0,,0,256,257,,,,,,,,,,,,,,,,,,,,,,,,,,,,,,,,,,,,,,,
7927,simple,,"VICHY MINERALBLEND 09 30ML",1,0,visible,,,,,taxable,,0,,,0,0,,,,,0,,,"1400,424","Нега и заштита > Кожа, Нега и заштита",,,https://lifeline.mk/wp-content/uploads/2021/11/VICHY-MINERALBLEND-09-30ML.jpg,,,,,,,,,0,"Makeup,Vichy",0,222,223,,classic-editor,9d84e063-f64d-4f65-b8f4-a5ce0bd37ecf,field_6081ae4f27756,989,989,0,0,enable,default,default,0,0,0,0,default,default,default,default,default,0,disable,enable,right,default,default,default,304,,,,,,,,,,60,
7928,simple,,"ALGA SAN MOBIL GEL za masaza 100ML",1,0,visible,,,,,taxable,,1,2,,0,0,,,,,1,NATUSANA,,260,"Против болка",,,,,,,,,,,,0,,0,297,298,,,,,,,,,,,,,,,,,,,,,,,,,,,,,,,,,,,,,,,
7930,simple,,"ALGA SAN MOBIL krem 50ml.",1,0,visible,,,,,taxable,,1,1,,0,0,,,,,1,BAYER,,280,"Против болка",,,,,,,,,,,,0,,0,243,244,,,,,,,,,,,,,,,,,,,,,,,,,,,,,,,,,,,,,,,
7932,simple,,"ALITOL perli.x 48",1,0,visible,,,,,taxable,reduced-rate,1,1,,0,0,,,,,1,KRKA,,230,"Витамини и суплементи > Заштита на срце и крвни садови",,,,,,,,,,,,0,,0,396,397,,,,,,,,,,,,,,,,,,,,,,,,,,,,,,,,,,,,,,,
7934,simple,,"ALKALAX tbl. 20 x 5mg",1,0,visible,,,,,taxable,reduced-rate,0,0,,0,0,,,,,1,ALKALOID,,68,"Витамини и суплементи > Дигестивен тракт и пробиотици",,,,,,,,,,,,0,,0,243,244,,,,,,,,,,,,,,,,,,,,,,,,,,,,,,,,,,,,,,,
7935,simple,,"ALKAVIT folic acid film.obl.tbl.20 x 5 mg",1,0,visible,,,,,taxable,reduced-rate,1,4,,0,0,,,,,1,ALKALOID,,"45,68","Витамини и суплементи > Витамини за трудници и доилки",,,,,,,,,,,,0,,0,257,258,,,,,,,,,,,,,,,,,,,,,,,,,,,,,,,,,,,,,,,
7936,simple,,"ALKAVIT folic acid tbl.30 x 0,4 mg",1,0,visible,,,,,taxable,reduced-rate,1,2,,0,0,,,,,1,ALKALOID,,110,"Витамини и суплементи > Витамини за трудници и доилки",,,,,,,,,,,,0,,0,247,248,,,,,,,,,,,,,,,,,,,,,,,,,,,,,,,,,,,,,,,
7937,simple,,"SEBAMED BABY krem ekstra mek 50 ml",1,0,visible,,,,,taxable,,1,1,,0,0,,,,,0,,,220,"Бебешка програма > Бебешка козметика, Бебешка програма",,,https://lifeline.mk/wp-content/uploads/2021/11/SEBAMED-BABY-krem-ekstra-mek-50-ml.jpg,,,,,,,,,0,Sebamed,0,343,344,,,0a863bd0-6658-43cd-830f-219176fb5ca5,field_6081ae4f27756,148.01,148.01,0,0,enable,default,default,0,0,0,0,default,default,default,default,default,0,disable,enable,right,default,default,default,,,,,,,,,,,,
7938,simple,,"ALPECIN COFEIN C1 sampon",1,0,visible,,,,,taxable,,0,0,,0,0,,,,,1,EUROFARM,,510,"Нега и заштита > Коса",,,,,,,,,,,,0,,0,382,383,,,,,,,,,,,,,,,,,,,,,,,,,,,,,,,,,,,,,,,
7939,simple,,"SEBAMED BABY krem protiv osip 100 ml",1,0,visible,,,,,taxable,,1,1,,0,0,,,,,0,,,460,"Бебешка програма > Бебешка козметика, Бебешка програма",,,https://lifeline.mk/wp-content/uploads/2021/11/SEBAMED-BABY-krem-protiv-osip-100-ml.jpg,,,,,,,,,0,Sebamed,0,325,326,,,4621b345-aa0e-4f65-a470-7184a86023e6,field_6081ae4f27756,314.16,314.16,0,0,enable,default,default,0,0,0,0,default,default,default,default,default,0,disable,enable,right,default,default,default,,,,,,,,,,,,
7940,simple,,"ALVOGEN ORS sum.tbl x 12",1,0,visible,,,,,taxable,reduced-rate,1,5,,0,0,,,,,0,GRCKI,,300,"Витамини и суплементи, Витамини и суплементи > Дигестивен тракт и пробиотици",,,https://lifeline.mk/wp-content/uploads/2021/11/ALVOGEN-ORS-sum.tbl-x-12.png,,,,,,,,,0,Alvogen,0,455,456,,,,,,,,,,,,,,,,,,,,,,,,,,,,,,,,,,,,,,,
7941,simple,,"SEBAMED BABY krem za lice 50 ml",1,0,visible,,,,,taxable,,1,1,,notify,0,,,,,0,,,410,"Бебешка програма > Бебешка козметика, Бебешка програма",,,https://lifeline.mk/wp-content/uploads/2021/11/SEBAMED-BABY-krem-za-lice-50-ml.jpg,,,,,,,,,0,Sebamed,0,116,117,,classic-editor,302fe4ba-7d7b-440f-81aa-e190f1715613,field_6081ae4f27756,280.96,280.96,0,0,enable,default,default,0,0,0,0,default,default,default,default,default,0,disable,enable,right,default,default,default,,,,,,,,,,,,
7942,simple,,"ALWAYS INFINITY 10 pads.",1,0,visible,,,,,taxable,,1,1,,0,0,,,,,1,"NELT ST-PAMPERS",,"199,656","Нега и заштита > Сексуално здравје и интимна нега",,,,,,,,,,,,0,,0,184,185,,,,,,,,,,,,,,,,,,,,,,,,,,,,,,,,,,,,,,,
7943,simple,,"ALWAYS INFINITY 12 pads.",1,0,visible,,,,,taxable,,1,2,,0,0,,,,,1,"NELT ST-PAMPERS",,"199,656","Нега и заштита > Сексуално здравје и интимна нега",,,,,,,,,,,,0,,0,189,190,,,,,,,,,,,,,,,,,,,,,,,,,,,,,,,,,,,,,,,
7944,simple,,"SEBAMED BABY losion 200 ml",1,0,visible,,,,,taxable,,1,1,,0,0,,,,,0,,,540,"Бебешка програма > Бебешка козметика, Бебешка програма",,,https://lifeline.mk/wp-content/uploads/2021/11/SEBAMED-BABY-losion-200-ml.jpg,,,,,,,,,0,Sebamed,0,169,170,,,b7f8db82-dcbf-48f2-a834-d884c20059c4,field_6081ae4f27756,368.27,368.27,0,0,enable,default,default,0,0,0,0,default,default,default,default,default,0,disable,enable,right,default,default,default,,,,,,,,,,,,
7945,simple,,"ALWAYS PLATINUM NIGHT vloski/6 -101421",1,0,visible,,,,,taxable,,1,2,,0,0,,,,,1,"NELT ST-PAMPERS",,100,"Нега и заштита > Сексуално здравје и интимна нега",,,,,,,,,,,,0,,0,306,307,,,,,,,,,,,,,,,,,,,,,,,,,,,,,,,,,,,,,,,
7946,simple,,"SEBAMED BABY sampon 150 ml",1,0,visible,,,,,taxable,,1,3,,0,0,,,,,0,,,330,"Бебешка програма > Бебешка козметика, Бебешка програма",,,https://lifeline.mk/wp-content/uploads/2021/11/SEBAMED-BABY-sampon-150-ml.jpg,,,,,,,,,0,Sebamed,0,102,103,,,ab40dd39-e4eb-4579-ab7c-48cb302f359d,field_6081ae4f27756,225.13,225.13,0,0,enable,default,default,0,0,0,0,default,default,default,default,default,0,disable,enable,right,default,default,default,,,,,,,,,,,,
7947,simple,,"ALWAYS PLATINUM NORMAL vloski/8 -101419",1,0,visible,,,,,taxable,,1,2,,0,0,,,,,1,"NELT ST-PAMPERS",,100,"Нега и заштита > Сексуално здравје и интимна нега",,,,,,,,,,,,0,,0,297,298,,,,,,,,,,,,,,,,,,,,,,,,,,,,,,,,,,,,,,,
7948,simple,,"SEBAMED BABY sapun 100gr.",1,0,visible,,,,,taxable,,1,1,,0,0,,,,,0,,,240,"Бебешка програма > Бебешка козметика, Бебешка програма",,,https://lifeline.mk/wp-content/uploads/2021/11/SEBAMED-BABY-sapun-100gr..jpg,,,,,,,,,0,Sebamed,0,259,260,,,0ccd6b16-a1fc-48a0-957e-da9f8aaa698e,field_6081ae4f27756,162.27,162.27,0,0,enable,default,default,0,0,0,0,default,default,default,default,default,0,disable,enable,right,default,default,default,,,,,,,,,,,,
7949,simple,,"ALWAYS PLATINUM SUPER vloski/7 -101420",1,0,visible,,,,,taxable,,1,1,,0,0,,,,,1,"NELT ST-PAMPERS",,100,"Нега и заштита > Сексуално здравје и интимна нега",,,,,,,,,,,,0,,0,228,229,,,,,,,,,,,,,,,,,,,,,,,,,,,,,,,,,,,,,,,
7950,simple,,"ALWAYS ULTRA NIGHT DUO vloski 2x7/14 - 101402",1,0,visible,,,,,taxable,,1,2,,0,0,,,,,1,ALWAUS,,170,"Нега и заштита > Сексуално здравје и интимна нега",,,,,,,,,,,,0,,0,325,326,,,,,,,,,,,,,,,,,,,,,,,,,,,,,,,,,,,,,,,
7951,simple,,"SEBAMED CF gel protiv akni 10 ml",1,0,visible,,,,,taxable,,1,1,,0,0,,,,,0,,,300,"Нега и заштита > Кожа, Нега и заштита > Кожа - масна и акни, Нега и заштита",,,https://lifeline.mk/wp-content/uploads/2021/11/SEBAMED-CF-gel-protiv-akni-10-ml.jpg,,,,,,,,,0,Sebamed,0,181,182,,,2cd98034-1f6b-43a3-94db-6f1524f6d633,field_6081ae4f27756,209.13,209.13,0,0,enable,default,default,0,0,0,0,default,default,default,default,default,0,disable,enable,right,default,default,default,,,,,,,,,,,,
7952,simple,,"ALWAYS ULTRA NORMAL DUO X 20 - 101368",1,0,visible,,,,,taxable,,1,2,,0,0,,,,,1,ALWAUS,,170,"Нега и заштита > Сексуално здравје и интимна нега",,,,,,,,,,,,0,,0,220,221,,,,,,,,,,,,,,,,,,,,,,,,,,,,,,,,,,,,,,,
7954,simple,,"SEBAMED CF tonirana krema za akni 10 ml",1,0,visible,,,,,taxable,,1,1,,notify,0,,,,,0,,,300,"Нега и заштита > Кожа, Нега и заштита > Кожа - масна и акни, Нега и заштита",,,https://lifeline.mk/wp-content/uploads/2021/11/SEBAMED-CF-krema-za-akni-10-ml.jpg,,,,,,,,,0,Sebamed,0,286,287,,,a8cd5c50-2759-4748-8b8e-616612006d89,field_6081ae4f27756,206.88,206.88,0,0,enable,default,default,0,0,0,0,default,default,default,default,default,0,disable,enable,right,default,default,default,,,,,,,,,,,,
7955,simple,,"ALWAYS ULTRA SUPER  vloski /8 - 101427",1,0,visible,,,,,taxable,,1,1,,0,0,,,,,1,ALWAUS,,100,"Нега и заштита > Сексуално здравје и интимна нега",,,,,,,,,,,,0,,0,354,355,,,,,,,,,,,,,,,,,,,,,,,,,,,,,,,,,,,,,,,
7956,simple,,"SEBAMED CF pena za lice 150 ml",1,0,visible,,,,,taxable,,1,1,,notify,0,,,,,0,,,530,"Нега и заштита > Кожа, Нега и заштита > Кожа - масна и акни, Нега и заштита",,,https://lifeline.mk/wp-content/uploads/2021/11/SEBAMED-CF-pena-za-lice-150-ml.jpg,,,,,,,,,0,Sebamed,0,270,271,,,bb8a6474-8bb7-40d1-87bf-c21e489e87da,field_6081ae4f27756,359.49,359.49,0,0,enable,default,default,0,0,0,0,default,default,default,default,default,0,disable,enable,right,default,default,default,,,,,,,,,,,,
7957,simple,,"AMOSVITAL ACE+ZN+C EFF x 20",1,0,visible,,,,,taxable,reduced-rate,0,0,,0,0,,,,,1,SOMA,,150,"Витамини и суплементи > Имунитет",,,,,,,,,,,,0,,0,340,341,,,,,,,,,,,,,,,,,,,,,,,,,,,,,,,,,,,,,,,
7958,simple,,"AMOSVITAL MG. FORTE 240 mg sum.tbl.",1,0,visible,,,,,taxable,reduced-rate,1,6,,0,0,,,,,1,SOMA,,130,"Витамини и суплементи > Заштита на нервниот систем",,,,,,,,,,,,0,,0,218,219,,,,,,,,,,,,,,,,,,,,,,,,,,,,,,,,,,,,,,,
7959,simple,,"SEBAMED CF sapun 100gr.",1,0,visible,,,,,taxable,,1,1,,notify,0,,,,,0,,,290,"Нега и заштита > Кожа, Нега и заштита > Кожа - масна и акни, Нега и заштита",,,https://lifeline.mk/wp-content/uploads/2021/11/SEBAMED-CF-sapun-100gr..jpg,,,,,,,,,0,Sebamed,0,219,220,,classic-editor,e8819577-85e0-4418-b1da-bca671765f13,field_6081ae4f27756,194.5,194.5,0,0,enable,default,default,0,0,0,0,default,default,default,default,default,0,disable,enable,right,default,default,default,,,,,,,,,,,60,
7960,simple,,"AMOSVITAL PIVSKI KVASEC+A+C+E tbl.x500",1,0,visible,,,,,taxable,reduced-rate,1,1,,0,0,,,,,1,SOMA,,560,"Витамини и суплементи > Имунитет",,,,,,,,,,,,0,,0,286,287,,,,,,,,,,,,,,,,,,,,,,,,,,,,,,,,,,,,,,,
7961,simple,,"AMOSVITAL VIT.C 300mg+CINK 5mg x 60cps",1,0,visible,,,,,taxable,reduced-rate,1,4,,0,0,,,,,1,SOMA,,300,"Витамини и суплементи > Имунитет",,,,,,,,,,,,0,,0,239,239,,,,,,,,,,,,,,,,,,,,,,,,,,,,,,,,,,,,,,,
7962,simple,,"SEBAMED CF tonik za lice 150 ml",1,0,visible,,,,,taxable,,backorder,0,,notify,0,,,,,0,,,390,"Нега и заштита > Кожа, Нега и заштита > Кожа - масна и акни, Нега и заштита",,,https://lifeline.mk/wp-content/uploads/2021/11/SEBAMED-CF-tonik-za-lice-150-ml.jpg,,,,,,,,,0,Sebamed,0,247,248,,,3008229f-93ca-4ff7-b417-554ccd8fee41,field_6081ae4f27756,265.92,265.92,0,0,enable,default,default,0,0,0,0,default,default,default,default,default,0,disable,enable,right,default,default,default,,,,,,,,,,,,
7963,simple,,"ANDOL 100 tbl. 20 x 100 mg",1,0,visible,,,,,taxable,reduced-rate,1,8,,0,0,,,,,1,"PLIVA OTC",,60,"Витамини и суплементи > Заштита на срце и крвни садови",,,,,,,,,,,,0,,0,633,634,,,,,,,,,,,,,,,,,,,,,,,,,,,,,,,,,,,,,,,
7964,simple,,"SEBAMED shampon perut 200 ml",1,0,visible,,,,,taxable,,0,0,,0,0,,,,,0,,,450,"Нега и заштита > Кожа, Нега и заштита > Кожа - масна и акни, Нега и заштита",,,https://lifeline.mk/wp-content/uploads/2021/11/SEBAMED-shampon-perut-200-ml.jpg,,,,,,,,,0,Sebamed,0,118,119,,,c004c39f-2351-4fbc-aede-50b3be328ef0,field_6081ae4f27756,303.71,303.71,0,0,enable,default,default,0,0,0,0,default,default,default,default,default,0,disable,enable,right,default,default,default,,,,,,,,,,,,
7965,simple,,"ANGAL pastili x 24",1,0,visible,,,,,taxable,reduced-rate,1,4,,0,0,,,,,1,"LEK OTC",,220,"Настинка и грип > Грло",,,,,,,,,,,,0,,0,318,319,,,,,,,,,,,,,,,,,,,,,,,,,,,,,,,,,,,,,,,
7966,simple,,"ANGAL sprej 30ml.",1,0,visible,,,,,taxable,reduced-rate,0,0,,0,0,,,,,1,"LEK OTC",,240,"Настинка и грип > Грло",,,,,,,,,,,,0,,0,406,407,,,,,,,,,,,,,,,,,,,,,,,,,,,,,,,,,,,,,,,
7967,simple,,"ANTIMETIL tbl x 30",1,0,visible,,,,,taxable,reduced-rate,1,2,,0,0,,,,,1,UVOZ,,440,"Витамини и суплементи > Дигестивен тракт и пробиотици",,,,,,,,,,,,0,,0,305,306,,,,,,,,,,,,,,,,,,,,,,,,,,,,,,,,,,,,,,,
7968,simple,,"ANTINIKOTEA filter rezervi",1,0,visible,,,,,taxable,,1,2,,0,0,,,,,1,ANTINIKOTEA,,180,"Медицински помагала",,,,,,,,,,,,0,,0,239,240,,,,,,,,,,,,,,,,,,,,,,,,,,,,,,,,,,,,,,,
7969,simple,,"Подхранувачки супер калциум во прав-10",1,0,visible,,,,,taxable,reduced-rate,1,1,,0,0,,,,,0,,,1841,"Витамини и суплементи, Витамини и суплементи > Коски\, зглобови и мускули",,,https://lifeline.mk/wp-content/uploads/2021/11/TIENS-KALCIUM-VO-PRAV-1841-DEN.jpg,,,,,,,,,0,Tiens,0,352,353,,,77da7189-7351-4eb6-a853-9aed1305290d,field_6081ae4f27756,1111.2,1111.2,0,0,enable,default,default,0,0,0,0,default,default,default,default,default,0,disable,enable,right,default,default,default,,,,,,,,,,,,
7970,simple,,"Супер калциум за деца во прав-10",1,0,visible,,,,,taxable,reduced-rate,backorder,0,,notify,0,,,,,0,,,2001,"Витамини и суплементи > Алергија, Витамини и суплементи, Витамини и суплементи > Коски\, зглобови и мускули",,,https://lifeline.mk/wp-content/uploads/2021/11/TIENS-KALCIUM-VO-PRAV-ZA-DECA-1841-DEN-1.jpg,,,,,,,,,0,Tiens,0,386,387,,,87dbdc1a-941a-438f-83e4-e6284590cb8b,field_6081ae4f27756,1524.76,1524.76,0,0,enable,default,default,0,0,0,0,default,default,default,default,default,0,disable,enable,right,default,default,default,,,,,,,,,,,,
7971,simple,,"Супер калциум со лецитин-20 капсули",1,0,visible,,,,,taxable,reduced-rate,1,1,,0,0,,,,,0,,,881,"Витамини и суплементи, Витамини и суплементи > Заштита на нервниот систем, Витамини и суплементи > Коски\, зглобови и мускули",,,https://lifeline.mk/wp-content/uploads/2021/11/TIENS-KALCIUM-TABLETI-SO-LECITIN-881-DEN.jpg,,,,,,,,,0,Tiens,0,332,333,,,e065eb1e-c877-45f1-9922-1fef805947cb,field_6081ae4f27756,671.42,671.42,0,0,enable,default,default,0,0,0,0,default,default,default,default,default,0,disable,enable,right,default,default,default,,,,,,,,,,,,
7972,simple,,"Кордицепс-100 капсули",1,0,visible,,,,,taxable,reduced-rate,backorder,0,,notify,0,,,,,0,,,3522,"Витамини и суплементи, Витамини и суплементи > Имунитет",,,https://lifeline.mk/wp-content/uploads/2021/11/tiens-kordiceps.jpg,,,,,,,,,0,Tiens,0,239,240,,,d41c16a4-cfd4-48cb-bd04-0b2cbd6f193f,field_6081ae4f27756,2683.8,2683.8,0,0,enable,default,default,0,0,0,0,default,default,default,default,default,0,disable,enable,right,default,default,default,,,,,,,,,,,,
7973,simple,,"Хитосан-100 капсули",1,0,visible,,,,,taxable,reduced-rate,1,3,,0,0,,,,,0,,,2803,"Витамини и суплементи, Витамини и суплементи > Препарати за слабеење",,,https://lifeline.mk/wp-content/uploads/2021/11/tiens-hitosan.jpg,,,,,,,,,0,Tiens,0,248,249,,,cee27cd7-3522-4d70-920b-9b8fbc3f767d,field_6081ae4f27756,2135.23,2135.23,0,0,enable,default,default,0,0,0,0,default,default,default,default,default,0,disable,enable,right,default,default,default,,,,,,,,,,,,
7974,simple,,"Спирулина-100 капсули",1,0,visible,,,,,taxable,reduced-rate,backorder,0,,notify,0,,,,,0,,,2001,"Витамини и суплементи > Анемија, Витамини и суплементи, Витамини и суплементи > Дигестивен тракт и пробиотици, Витамини и суплементи > Имунитет",,,https://lifeline.mk/wp-content/uploads/2021/11/TIENS-SPIRULINA.jpg,,,,,,,,,0,Tiens,0,550,554,,,553cdf98-fe0a-4687-bd24-49a661071543,field_6081ae4f27756,1200.1428571429,1200.1428571429,0,0,enable,default,default,0,0,0,0,default,default,default,default,default,0,disable,enable,right,default,default,default,,,,,,,,,,,,
7975,simple,,"Приспивни дуо-60 таблети",1,0,visible,,,,,taxable,,1,,,0,0,,,,,0,,,1681,"Витамини и суплементи, Витамини и суплементи > Заштита на нервниот систем",,,https://lifeline.mk/wp-content/uploads/2021/11/TIENS-PRISPIVACKI-DUO-KAPSULI.jpg,,,,,,,,,0,Tiens,0,218,219,,,,field_6081ae4f27756,,,0,0,enable,default,default,0,0,0,0,default,default,default,default,default,0,disable,enable,right,default,default,default,,,,,,,,,,,,
7976,simple,,"Масло од лук-60 капсули",1,0,visible,,,,,taxable,,1,,,0,0,,,,,0,,,2643,"Витамини и суплементи, Витамини и суплементи > Заштита на срце и крвни садови",,,https://lifeline.mk/wp-content/uploads/2021/11/TIENS-MASLO-OD-LUK.jpg,,,,,,,,,0,Tiens,0,219,220,,,,field_6081ae4f27756,,,0,0,enable,default,default,0,0,0,0,default,default,default,default,default,0,disable,enable,right,default,default,default,,,,,,,,,,,,
7977,simple,,"Мултифункционален уред-биоенергија",1,0,visible,,,,,taxable,,1,,,0,0,,,,,0,,,12596,"Медицински помагала",,,https://lifeline.mk/wp-content/uploads/2021/11/TIENS-BIOENERGIJA.jpg,,,,,,,,,0,Tiens,0,167,168,,,,field_6081ae4f27756,,,0,0,enable,default,default,0,0,0,0,default,default,default,default,default,0,disable,enable,right,default,default,default,,,,,,,,,,,,
7978,simple,,"Мултифункционален уред-фрижидер",1,0,visible,,,,,taxable,,1,,,0,0,,,,,0,,,9898,"Медицински помагала",,,https://lifeline.mk/wp-content/uploads/2021/11/TIENS-POVEKJENAMENSKI-URED-ZA-PROC.-NA-FRIZIDER.jpg,,,,,,,,,0,Tiens,0,226,227,,,,field_6081ae4f27756,,,0,0,enable,default,default,0,0,0,0,default,default,default,default,default,0,disable,enable,right,default,default,default,,,,,,,,,,,,
7979,simple,,"Здрава перница",1,0,visible,,,,,taxable,,1,,,0,0,,,,,0,,,22494,"Медицински помагала",,,https://lifeline.mk/wp-content/uploads/2021/11/TIENS-ZDRAVA-PERNICA.jpg,,,,,,,,,0,Tiens,0,224,225,,,,field_6081ae4f27756,,,0,0,enable,default,default,0,0,0,0,default,default,default,default,default,0,disable,enable,right,default,default,default,,,,,,,,,,,,
7980,simple,,"Здрава прекривка",1,0,visible,,,,,taxable,,1,,,0,0,,,,,0,,,35990,"Медицински помагала",,,https://lifeline.mk/wp-content/uploads/2021/11/TIENS-ZDRAVA-PREKRIVKA.jpg,,,,,,,,,0,Tiens,0,210,211,,,,field_6081ae4f27756,,,0,0,enable,default,default,0,0,0,0,default,default,default,default,default,0,disable,enable,right,default,default,default,,,,,,,,,,,,
7981,simple,,"Здрав душек",1,0,visible,,,,,taxable,,1,,,0,0,,,,,0,,,99973,"Медицински помагала",,,https://lifeline.mk/wp-content/uploads/2021/11/TIENS-ZDRAV-DUSEK.jpg,,,,,,,,,0,Tiens,0,189,190,,,,field_6081ae4f27756,,,0,0,enable,default,default,0,0,0,0,default,default,default,default,default,0,disable,enable,right,default,default,default,,,,,,,,,,,,
7982,simple,,"AQUA MARIS GTT 10 ML",1,0,visible,,,,,taxable,,1,1,,0,0,,,,,0,JADRAN,,135,"Настинка и грип > Нос",,,,,,,,,,,,0,JGL,0,172,173,,,,,,,,,,,,,,,,,,,,,,,,,,,,,,,,,,,,,,,
7983,simple,,"AQUA MARIS kesi morska sol x 30",1,0,visible,,,,,taxable,,1,1,,0,0,,,,,0,JADRAN,,330,"Настинка и грип > Нос",,,,,,,,,,,,0,JGL,0,274,275,,,,,,,,,,,,,,,,,,,,,,,,,,,,,,,,,,,,,,,
7986,simple,,"AQUA MARIS plus 30 ml",1,0,visible,,,,,taxable,,1,3,,0,0,,,,,0,JADRAN,,230,"Настинка и грип > Нос",,,,,,,,,,,,0,JGL,0,344,345,,,,,,,,,,,,,,,,,,,,,,,,,,,,,,,,,,,,,,,
7987,simple,,"AQUA MARIS -SET- za ispiranje na nos",1,0,visible,,,,,taxable,,1,1,,0,0,,,,,0,JADRAN,,953,"Настинка и грип > Нос",,,,,,,,,,,,0,JGL,0,215,216,,,,,,,,,,,,,,,,,,,,,,,,,,,,,,,,,,,,,,,
7988,simple,,"AQUA MARIS sprej 30 ml",1,0,visible,,,,,taxable,,1,2,,0,0,,,,,0,JADRAN,,220,"Настинка и грип > Нос",,,,,,,,,,,,0,JGL,0,244,245,,,,,,,,,,,,,,,,,,,,,,,,,,,,,,,,,,,,,,,
7989,simple,,"AQUA MARIS STRONG spray 30 ml",1,0,visible,,,,,taxable,,1,2,,0,0,,,,,0,JADRAN,,230,"Настинка и грип > Нос",,,,,,,,,,,,0,JGL,0,207,208,,,,,,,,,,,,,,,,,,,,,,,,,,,,,,,,,,,,,,,
7990,simple,,"AROMA krem ARGAN 75ML",1,0,visible,,,,,taxable,,1,2,,0,0,,,,,1,"INTEGRAL DOOEL",,100,"Нега и заштита > Кожа",,,,,,,,,,,,0,,0,168,169,,,,,,,,,,,,,,,,,,,,,,,,,,,,,,,,,,,,,,,
7991,simple,,"AROMA krem NEVEN 75ml",1,0,visible,,,,,taxable,,1,1,,0,0,,,,,1,"INTEGRAL DOOEL",,100,"Нега и заштита > Кожа",,,,,,,,,,,,0,,0,299,300,,,,,,,,,,,,,,,,,,,,,,,,,,,,,,,,,,,,,,,
7992,simple,,"AROMA krem ZDRAVJE 30g",1,0,visible,,,,,taxable,,1,2,,0,0,,,,,1,"AROMA SOFIJA",,70,"Нега и заштита > Кожа",,,,,,,,,,,,0,,0,310,311,,,,,,,,,,,,,,,,,,,,,,,,,,,,,,,,,,,,,,,
7993,simple,,"AROMA krem/KOKOS ekstrakt 75ml",1,0,visible,,,,,taxable,,0,0,,0,0,,,,,1,AWT,,70,"Нега и заштита > Кожа",,,,,,,,,,,,0,,0,186,187,,,,,,,,,,,,,,,,,,,,,,,,,,,,,,,,,,,,,,,
7994,simple,,"AROMA KREMA EKSTRAKT KOKOS I GLICERIN",1,0,visible,,,,,taxable,,0,0,,0,0,,,,,1,"SELLEXICO DOOEL",,"61,09922","Нега и заштита > Кожа",,,,,,,,,,,,0,,0,293,294,,,,,,,,,,,,,,,,,,,,,,,,,,,,,,,,,,,,,,,
7995,simple,,"ARTICOKA SOK 200 ML",1,0,visible,,,,,taxable,,0,0,,0,0,,,,,1,"BETA FARM DOOEL",,498,"Витамини и суплементи > Заштита на црн дроб",,,,,,,,,,,,0,,0,286,287,,,,,,,,,,,,,,,,,,,,,,,,,,,,,,,,,,,,,,,
7996,simple,,"ARTRO TABL. X 30 DEVA",1,0,visible,,,,,taxable,reduced-rate,0,0,,0,0,,,,,1,UVOZ,,220,"Витамини и суплементи > Коски\, зглобови и мускули",,,,,,,,,,,,0,,0,353,354,,,,,,,,,,,,,,,,,,,,,,,,,,,,,,,,,,,,,,,
7997,simple,,"Антилипиден чај-40 кесички",1,0,visible,,,,,taxable,reduced-rate,1,3,,0,0,,,,,0,,,1241,"Витамини и суплементи, Витамини и суплементи > Заштита на срце и крвни садови, Витамини и суплементи > Препарати за слабеење, Витамини и суплементи > Чаеви и билни препарати",,,https://lifeline.mk/wp-content/uploads/2021/11/TIENS-ANTILIPIDEN-CAJ.jpg,,,,,,,,,0,Tiens,0,253,254,,,6c7c2e0e-acc8-4fdd-b9ba-6c5b85e8c172,field_6081ae4f27756,945.71,945.71,0,0,enable,default,default,0,0,0,0,default,default,default,default,default,0,disable,enable,right,default,default,default,,,,,,,,,,,,
7998,simple,,"ASPIRIN 500 tbl. 20 x 500 mg",1,0,visible,,,,,taxable,reduced-rate,1,4,,0,0,,,,,1,SCHERING,,90,"Настинка и грип",,,,,,,,,,,,0,,0,236,237,,,,,,,,,,,,,,,,,,,,,,,,,,,,,,,,,,,,,,,
7999,simple,,"Цинк-60 капсули",1,0,visible,,,,,taxable,reduced-rate,backorder,0,,notify,0,,,,,0,,,1201,"Витамини и суплементи > Алергија, Витамини и суплементи, Витамини и суплементи > Имунитет",,,https://lifeline.mk/wp-content/uploads/2021/11/TIENS-ZINC.jpg,,,,,,,,,0,Tiens,0,239,240,,,261a5cff-5ef4-45ee-bb2b-e7a2fb1f8a6e,field_6081ae4f27756,915.23,915.23,0,0,enable,default,default,0,0,0,0,default,default,default,default,default,0,disable,enable,right,default,default,default,,,,,,,,,,,,
8000,simple,,"ASPIRIN PROTECT 100 MG X 30 TABL",1,0,visible,,,,,taxable,reduced-rate,0,0,,0,0,,,,,1,"BAYER OTC",,130,"Витамини и суплементи > Заштита на срце и крвни садови",,,,,,,,,,,,0,,0,453,454,,,,,,,,,,,,,,,,,,,,,,,,,,,,,,,,,,,,,,,
8001,simple,,"Дигест-90 таблети",1,0,visible,,,,,taxable,reduced-rate,1,2,,0,0,,,,,0,,,2403,"Витамини и суплементи, Витамини и суплементи > Дигестивен тракт и пробиотици",,,https://lifeline.mk/wp-content/uploads/2021/11/TIENS-DIGEST-TABLETI.jpg,,,,,,,,,0,Tiens,0,231,232,,,1a5baa78-f7ef-49d7-9b65-2cdab78639cd,field_6081ae4f27756,1830.47,1830.47,0,0,enable,default,default,0,0,0,0,default,default,default,default,default,0,disable,enable,right,default,default,default,,,,,,,,,,,,
8002,simple,,"ASPIRIN PROTECT 100 tbl.x56",1,0,visible,,,,,taxable,reduced-rate,1,57,,0,0,,,,,1,BAYER,,220,"Витамини и суплементи > Заштита на срце и крвни садови",,,,,,,,,,,,0,,0,265,266,,,,,,,,,,,,,,,,,,,,,,,,,,,,,,,,,,,,,,,
8003,simple,,"Женски хигиенски влошки",1,0,visible,,,,,taxable,,1,,,0,0,,,,,0,,,2698,"Нега и заштита, Нега и заштита > Санитетски материјали, Нега и заштита > Сексуално здравје и интимна нега",,,https://lifeline.mk/wp-content/uploads/2021/11/TIENS-HIGIENSKI-VLOSKI.jpg,,,,,,,,,0,Tiens,0,292,293,,,,field_6081ae4f27756,,,0,0,enable,default,default,0,0,0,0,default,default,default,default,default,0,disable,enable,right,default,default,default,,,,,,,,,,,,
8004,simple,,"ASSO krema za nega na race 100 ml",1,0,visible,,,,,taxable,,0,0,,0,0,,,,,1,ALKALOID,,80,"Нега и заштита > Кожа",,,,,,,,,,,,0,,0,188,189,,,,,,,,,,,,,,,,,,,,,,,,,,,,,,,,,,,,,,,
8005,simple,,"ASSO/Maslinka krem za race 100ml",1,0,visible,,,,,taxable,,0,0,,0,0,,,,,1,BAYER,,90,"Нега и заштита > Кожа",,,,,,,,,,,,0,,0,180,181,,,,,,,,,,,,,,,,,,,,,,,,,,,,,,,,,,,,,,,
8006,simple,,"ASTERA CETKA AKTIV MEDIUM 1+1",1,0,visible,,,,,taxable,,0,0,,0,0,,,,,1,"EVROSTIL TREJD AROMA",,130,"Дентална програма",,,,,,,,,,,,0,,0,233,234,,,,,,,,,,,,,,,,,,,,,,,,,,,,,,,,,,,,,,,
8007,simple,,"ASTERA DETSKA CETKA ZA ZABI mix",1,0,visible,,,,,taxable,,0,0,,0,0,,,,,1,ASTERA,,60,"Дентална програма",,,,,,,,,,,,0,,0,250,251,,,,,,,,,,,,,,,,,,,,,,,,,,,,,,,,,,,,,,,
8008,simple,,"ASTERA PASTA PARADONT ACTIVE 75 ML",1,0,visible,,,,,taxable,,0,0,,0,0,,,,,1,ASTERA,,140,"Дентална програма",,,,,,,,,,,,0,,0,275,276,,,,,,,,,,,,,,,,,,,,,,,,,,,,,,,,,,,,,,,
8009,simple,,"ASTERA PASTA PARADONT STOP  75ml.",1,0,visible,,,,,taxable,,0,0,,0,0,,,,,1,ASTERA,,150,"Дентална програма",,,,,,,,,,,,0,,0,214,215,,,,,,,,,,,,,,,,,,,,,,,,,,,,,,,,,,,,,,,
8010,simple,,"AUBE FILER protiv brchki na lice 10ml",1,0,visible,,,,,taxable,,0,0,,0,0,,,,,1,"AUBE LAB",,890,"Нега и заштита > Кожа",,,,,,,,,,,,0,,0,164,165,,,,,,,,,,,,,,,,,,,,,,,,,,,,,,,,,,,,,,,
8011,simple,,"AUBE SERUM - NOKEN za koza na lice 30ml",1,0,visible,,,,,taxable,,0,0,,0,0,,,,,1,"AUBE LAB",,890,"Нега и заштита > Кожа",,,,,,,,,,,,0,,0,163,164,,,,,,,,,,,,,,,,,,,,,,,,,,,,,,,,,,,,,,,
8012,simple,,"AUBE SERUM za dnevna hidratacija 15ml",1,0,visible,,,,,taxable,,0,0,,0,0,,,,,1,"AUBE LAB",,849,"Нега и заштита > Кожа",,,,,,,,,,,,0,,0,138,139,,,,,,,,,,,,,,,,,,,,,,,,,,,,,,,,,,,,,,,
8013,simple,,"AURIGEN fisek za hig.na uvo",1,0,visible,,,,,taxable,,1,3,,0,0,,,,,1,MPL,,280,"Медицински помагала",,,,,,,,,,,,0,,0,400,401,,,,,,,,,,,,,,,,,,,,,,,,,,,,,,,,,,,,,,,
8014,simple,,"AVARICON cps.x 30",1,0,visible,,,,,taxable,reduced-rate,1,2,,0,0,,,,,0,SALVUS,,370,"Витамини и суплементи > Заштита на срце и крвни садови",,,,,,,,,,,,0,Pharmanova,0,199,200,,,,,,,,,,,,,,,,,,,,,,,,,,,,,,,,,,,,,,,
8015,simple,,"AVARICON gel 75 ml",1,0,visible,,,,,taxable,,1,2,,0,0,,,,,0,SALVUS,,340,"Нега и заштита > Нозе и стапала",,,,,,,,,,,,0,Pharmanova,0,154,155,,,,,,,,,,,,,,,,,,,,,,,,,,,,,,,,,,,,,,,
8016,simple,,"AVENT SCF222/20 LAZLIVKA 0-6m/maska",1,0,visible,,,,,taxable,reduced-rate,0,0,,0,0,,,,,1,"TREJDEK DOOEL",,480,"Бебешка програма > Шишиња\, цуцли и друго",,,,,,,,,,,,0,,0,119,120,,,,,,,,,,,,,,,,,,,,,,,,,,,,,,,,,,,,,,,
8017,simple,,"AVENT SCF651/27 NATURAL SILIKONSKA CUCLA (0+M) 2/1",1,0,visible,,,,,taxable,reduced-rate,0,0,,0,0,,,,,1,AVENT,,"364,14","Бебешка програма > Шишиња\, цуцли и друго",,,,,,,,,,,,0,,0,149,150,,,,,,,,,,,,,,,,,,,,,,,,,,,,,,,,,,,,,,,
8018,simple,,"AVENT SCF695/17 SISE NATURAL PLASTICNO 0% BPA 260ml.-PLAVO",1,0,visible,,,,,taxable,reduced-rate,0,0,,0,0,,,,,1,AVENT,,"605,115","Бебешка програма > Шишиња\, цуцли и друго",,,,,,,,,,,,0,,0,221,222,,,,,,,,,,,,,,,,,,,,,,,,,,,,,,,,,,,,,,,
8019,simple,,"AVENT SCF704/00 GOLEMA CHINIJA 12m+",1,0,visible,,,,,taxable,,1,2,,0,0,,,,,1,AVENT,,440,"Бебешка програма > Шишиња\, цуцли и друго",,,,,,,,,,,,0,,0,154,155,,,,,,,,,,,,,,,,,,,,,,,,,,,,,,,,,,,,,,,
8020,simple,,"AVENT SCF751/07 (6+m) CHASHA SO KLUN ROZEVA 200ml",1,0,visible,,,,,taxable,,0,0,,0,0,,,,,1,AVENT,,554,"Бебешка програма > Шишиња\, цуцли и друго",,,,,,,,,,,,0,,0,145,146,,,,,,,,,,,,,,,,,,,,,,,,,,,,,,,,,,,,,,,
8021,simple,,"AVENT SCF753/00 CASA SO KLUN 260ml. (12+M)",1,0,visible,,,,,taxable,,1,1,,0,0,,,,,1,"TREJDEK DOOEL",,620,"Бебешка програма > Шишиња\, цуцли и друго",,,,,,,,,,,,0,,0,180,181,,,,,,,,,,,,,,,,,,,,,,,,,,,,,,,,,,,,,,,
8022,simple,,"AVENT SCF755/00 CASA SO KLUN 340ml 18+",1,0,visible,,,,,taxable,,0,0,,0,0,,,,,1,"TREJDEK DOOEL",,670,"Бебешка програма > Шишиња\, цуцли и друго",,,,,,,,,,,,0,,0,154,155,,,,,,,,,,,,,,,,,,,,,,,,,,,,,,,,,,,,,,,
8023,simple,,"AVENT SCF796/01 (9+m) CHASHA SO CEVKA 200ml MASHKA",1,0,visible,,,,,taxable,,0,0,,0,0,,,,,1,AVENT,,596,"Бебешка програма > Шишиња\, цуцли и друго",,,,,,,,,,,,0,,0,147,148,,,,,,,,,,,,,,,,,,,,,,,,,,,,,,,,,,,,,,,
8024,simple,,"B.N 12220 SILIK. CUCLA ZA SISE MILK 0-3MES. SIROKO GRLO",1,0,visible,,,,,taxable,reduced-rate,1,1,,0,0,,,,,1,HIPP,,110,"Бебешка програма > Шишиња\, цуцли и друго",,,,,,,,,,,,0,,0,184,185,,,,,,,,,,,,,,,,,,,,,,,,,,,,,,,,,,,,,,,
8025,simple,,"B.N 28140 LATEX CUCLA LAZLIVKA 6-18MES.",1,0,visible,,,,,taxable,reduced-rate,0,0,,0,0,,,,,1,HIPP,,130,"Бебешка програма > Шишиња\, цуцли и друго",,,,,,,,,,,,0,,0,141,142,,,,,,,,,,,,,,,,,,,,,,,,,,,,,,,,,,,,,,,
8026,simple,,"B.N.31150 IGRACKA MAG.OSUMKA",1,0,visible,,,,,taxable,,0,0,,0,0,,,,,1,MAGNOLIJA,,280,"Бебешка програма > Шишиња\, цуцли и друго",,,,,,,,,,,,0,,0,194,195,,,,,,,,,,,,,,,,,,,,,,,,,,,,,,,,,,,,,,,
8027,simple,,"B.N.31246 MUZICKA IGRACKA",1,0,visible,,,,,taxable,,1,1,,0,0,,,,,1,UVOZ,,520,"Бебешка програма > Шишиња\, цуцли и друго",,,,,,,,,,,,0,,0,181,182,,,,,,,,,,,,,,,,,,,,,,,,,,,,,,,,,,,,,,,
8028,simple,,"B.N.31507 GRICKALKA za zabi- PEPERUTKA",1,0,visible,,,,,taxable,,0,0,,0,0,,,,,1,"BABY NOVA",,160,"Бебешка програма > Шишиња\, цуцли и друго",,,,,,,,,,,,0,,0,186,187,,,,,,,,,,,,,,,,,,,,,,,,,,,,,,,,,,,,,,,
8029,simple,,"B.N.34122 LANCE",1,0,visible,,,,,taxable,,1,1,,0,0,,,,,1,MAGNOLIJA,,119,"Бебешка програма > Шишиња\, цуцли и друго",,,,,,,,,,,,0,,0,133,134,,,,,,,,,,,,,,,,,,,,,,,,,,,,,,,,,,,,,,,
8030,simple,,"B.N.34155 DEKORIRANO LANCE ZA CU",1,0,visible,,,,,taxable,,0,0,,0,0,,,,,1,BAYER,,140,"Бебешка програма > Шишиња\, цуцли и друго",,,,,,,,,,,,0,,0,152,153,,,,,,,,,,,,,,,,,,,,,,,,,,,,,,,,,,,,,,,
8031,simple,,"B.N.39301 VES.SILIKONSKI BRADAVICI * 2",1,0,visible,,,,,taxable,,1,1,,0,0,,,,,1,"BABY NOVA",,130,"Бебешка програма > Шишиња\, цуцли и друго",,,,,,,,,,,,0,,0,177,178,,,,,,,,,,,,,,,,,,,,,,,,,,,,,,,,,,,,,,,
8032,simple,,"B.N.46000 DEK.POLIPROPILENT SISE",1,0,visible,,,,,taxable,reduced-rate,0,0,,0,0,,,,,1,"BABY NOVA",,145,"Бебешка програма > Шишиња\, цуцли и друго",,,,,,,,,,,,0,,0,186,187,,,,,,,,,,,,,,,,,,,,,,,,,,,,,,,,,,,,,,,
8033,simple,,"B.N.47000 DEK.POLIPROPILEN.SISE",1,0,visible,,,,,taxable,reduced-rate,0,0,,0,0,,,,,1,"BABY NOVA",,155,"Бебешка програма > Шишиња\, цуцли и друго",,,,,,,,,,,,0,,0,132,132,,,,,,,,,,,,,,,,,,,,,,,,,,,,,,,,,,,,,,,
8034,simple,,"BABY CARE CALMING vl.mar/63",1,0,visible,,,,,taxable,,0,0,,0,0,,,,,1,"МАКО МАРКЕТ ДОО - СКОПЈЕ",,55,"Бебешка програма > Шишиња\, цуцли и друго",,,,,,,,,,,,0,,0,143,144,,,,,,,,,,,,,,,,,,,,,,,,,,,,,,,,,,,,,,,
8035,simple,,"BABY CARE FRESH vl.mar/63",1,0,visible,,,,,taxable,,0,0,,0,0,,,,,1,"МАКО МАРКЕТ ДОО - СКОПЈЕ",,60,"Бебешка програма > Шишиња\, цуцли и друго",,,,,,,,,,,,0,,0,139,140,,,,,,,,,,,,,,,,,,,,,,,,,,,,,,,,,,,,,,,
8036,simple,,"BABY CARE SENSITIVE vl.mar /63",1,0,visible,,,,,taxable,,0,0,,0,0,,,,,1,"МАКО МАРКЕТ ДОО - СКОПЈЕ",,55,"Бебешка програма > Шишиња\, цуцли и друго",,,,,,,,,,,,0,,0,251,252,,,,,,,,,,,,,,,,,,,,,,,,,,,,,,,,,,,,,,,
8037,simple,,"BABYTOL D3 + K1 X 30 KAPSULI SO TECNOST",1,0,visible,,,,,taxable,reduced-rate,1,2,,0,0,,,,,0,UVOZ,,330,"Бебешка програма",,,,,,,,,,,,0,"4U Pharma",0,207,208,,,,,,,,,,,,,,,,,,,,,,,,,,,,,,,,,,,,,,,
8038,simple,,"BABYTOL D3 X 30 CAPS 4U",1,0,visible,,,,,taxable,reduced-rate,1,1,,0,0,,,,,0,UVOZ,,300,"Бебешка програма",,,,,,,,,,,,0,"4U Pharma",0,164,165,,,,,,,,,,,,,,,,,,,,,,,,,,,,,,,,,,,,,,,
8039,simple,,"BABYTOL D3+ OMEGA x 30 cps",1,0,visible,,,,,taxable,reduced-rate,1,3,,0,0,,,,,0,UVOZ,,510,"Бебешка програма",,,,,,,,,,,,0,"4U Pharma",0,227,228,,,,,,,,,,,,,,,,,,,,,,,,,,,,,,,,,,,,,,,
8040,simple,,"BABYTOL DHA + OMEGA x 30cps",1,0,visible,,,,,taxable,reduced-rate,1,2,,0,0,,,,,0,UVOZ,,460,"Бебешка програма",,,,,,,,,,,,0,"4U Pharma",0,202,203,,,,,,,,,,,,,,,,,,,,,,,,,,,,,,,,,,,,,,,
8041,simple,,"B-COMPLEX drag x 60",1,0,visible,,,,,taxable,reduced-rate,1,2,,0,0,,,,,1,"KRKA OTC",,190,"Витамини и суплементи > Заштита на нервниот систем",,,,,,,,,,,,0,,0,435,436,,,,,,,,,,,,,,,,,,,,,,,,,,,,,,,,,,,,,,,
8042,simple,,"B-COMPLEX obl.tbl. x 30",1,0,visible,,,,,taxable,reduced-rate,1,5,,0,0,,,,,1,"KRKA OTC",,"110,15676","Витамини и суплементи > Заштита на нервниот систем",,,,,,,,,,,,0,,0,189,190,,,,,,,,,,,,,,,,,,,,,,,,,,,,,,,,,,,,,,,
8043,simple,,"BEBELAN VL.MARAMICI X 24 ROZE",1,0,visible,,,,,taxable,,0,0,,0,0,,,,,1,UVOZ,,"50,22552","Бебешка програма > Бебешка козметика",,,,,,,,,,,,0,,0,263,264,,,,,,,,,,,,,,,,,,,,,,,,,,,,,,,,,,,,,,,
8044,simple,,"BEBELAN VL.MARAMICI X 24 ZELENI",1,0,visible,,,,,taxable,,0,0,,0,0,,,,,1,UVOZ,,45,"Бебешка програма > Бебешка козметика",,,,,,,,,,,,0,,0,185,186,,,,,,,,,,,,,,,,,,,,,,,,,,,,,,,,,,,,,,,
8045,simple,,"BEBELAN VODA 0.5 L",1,0,visible,,,,,taxable,,1,3,,0,0,,,,,1,UVOZ,,45,"Бебешка програма > Бебешка храна",,,,,,,,,,,,0,,0,183,184,,,,,,,,,,,,,,,,,,,,,,,,,,,,,,,,,,,,,,,
8046,simple,,"BEBELAN VODA 0.5ML",1,0,visible,,,,,taxable,,0,0,,0,0,,,,,1,UVOZ,,45,"Бебешка програма > Бебешка храна",,,,,,,,,,,,0,,0,150,151,,,,,,,,,,,,,,,,,,,,,,,,,,,,,,,,,,,,,,,
8047,simple,,"BEBELAN VODA 1.5L ZA DECA",1,0,visible,,,,,taxable,,1,4,,0,0,,,,,1,"INTEGRAL DOOEL",,70,"Бебешка програма > Бебешка храна",,,,,,,,,,,,0,,0,205,206,,,,,,,,,,,,,,,,,,,,,,,,,,,,,,,,,,,,,,,
8048,simple,,"BEBEVITA 19052 banana-jabolko 90gr",1,0,visible,,,,,taxable,reduced-rate,1,1,,0,0,,,,,1,"NELT ST-PAMPERS",,55,"Бебешка програма > Бебешка храна",,,,,,,,,,,,0,,0,165,166,,,,,,,,,,,,,,,,,,,,,,,,,,,,,,,,,,,,,,,
8049,simple,,"BEBIVITA 1403 multi ovoshje 90g",1,0,visible,,,,,taxable,reduced-rate,0,0,,0,0,,,,,1,BEBIVITA,,"50,357538","Бебешка програма > Бебешка храна",,,,,,,,,,,,0,,0,183,184,,,,,,,,,,,,,,,,,,,,,,,,,,,,,,,,,,,,,,,
8050,simple,,"BEBIVITA 19052 banana/jabolko 90g",1,0,visible,,,,,taxable,reduced-rate,0,0,,0,0,,,,,1,"NELT ST-PAMPERS",,55,"Бебешка програма > Бебешка храна",,,,,,,,,,,,0,,0,179,180,,,,,,,,,,,,,,,,,,,,,,,,,,,,,,,,,,,,,,,
8051,simple,,"BECUTAN KIDS VITs anticolic sol.30ml",1,0,visible,,,,,taxable,,1,1,,0,0,,,,,0,"ALKALOID OTC",,290,"Бебешка програма > Бебешка опрема",,,https://lifeline.mk/wp-content/uploads/2021/11/anticolic-290-den.jpg,,,,,,,,,0,Becutan,0,433,434,,,,,,,,,,,,,,,,,,,,,,,,,,,,,,,,,,,,,,,
8052,simple,,"BECUTAN KIDS VITs aspirator za nos",1,0,visible,,,,,taxable,,1,1,,0,0,,,,,0,"ALKALOID OTC",,450,"Бебешка програма > Бебешка опрема",,,https://lifeline.mk/wp-content/uploads/2021/11/aspirator-za-nos-450-den.jpg,,,,,,,,,0,Becutan,0,773,774,,,,,,,,,,,,,,,,,,,,,,,,,,,,,,,,,,,,,,,
8053,simple,,"BECUTAN KIDS VITs isotonic nasal psray 30ml",1,0,visible,,,,,taxable,,1,1,,0,0,,,,,0,"ALKALOID OTC",,185,"Бебешка програма > Бебешка опрема",,,https://lifeline.mk/wp-content/uploads/2021/11/nazalen-izotonicen-rastvor-so-shishe-185-den.jpg,,,,,,,,,0,Becutan,0,366,367,,,,,,,,,,,,,,,,,,,,,,,,,,,,,,,,,,,,,,,
8054,simple,,"BECUTAN KIDS VITs sir. OMEGA 3 250ml",1,0,visible,,,,,taxable,reduced-rate,1,1,,0,0,,,,,0,"ALKALOID OTC",,620,"Бебешка програма > Бебешка храна",,,https://lifeline.mk/wp-content/uploads/2021/11/multi-omega-3-eng-610-den.jpg,,,,,,,,,0,Becutan,0,357,358,,,,,,,,,,,,,,,,,,,,,,,,,,,,,,,,,,,,,,,
8055,simple,,"BECUTAN krema za deca 100ml",1,0,visible,,,,,taxable,,1,1,,0,0,,,,,0,ALKALOID,,145,"Бебешка програма > Бебешка козметика",,,https://lifeline.mk/wp-content/uploads/2021/11/krema-za-deca-100-ml-145-den.jpg,,,,,,,,,0,Becutan,0,278,279,,,,,,,,,,,,,,,,,,,,,,,,,,,,,,,,,,,,,,,
8056,simple,,"BECUTAN krema za deca 50ml",1,0,visible,,,,,taxable,,1,1,,0,0,,,,,0,ALKALOID,,95,"Бебешка програма > Бебешка козметика",,,https://lifeline.mk/wp-content/uploads/2021/11/detski-krem-50-ml-90-den.jpg,,,,,,,,,0,Becutan,0,395,396,,,,,,,,,,,,,,,,,,,,,,,,,,,,,,,,,,,,,,,
8057,simple,,"BECUTAN kupka 200ml",1,0,visible,,,,,taxable,,1,1,,0,0,,,,,0,ALKALOID,,120,"Бебешка програма > Бебешка козметика",,,https://lifeline.mk/wp-content/uploads/2021/11/penliva-kupka-200-ml-220-den.jpg,,,,,,,,,0,Becutan,0,238,239,,,,,,,,,,,,,,,,,,,,,,,,,,,,,,,,,,,,,,,
8058,simple,,"BECUTAN kupka so kamilica 200ml",1,0,visible,,,,,taxable,,0,0,,0,0,,,,,0,ALKALOID,,125,"Бебешка програма > Бебешка козметика",,,https://lifeline.mk/wp-content/uploads/2021/11/kupka-kamilica-200ml-250den.jpg,,,,,,,,,0,Becutan,0,231,232,,,,,,,,,,,,,,,,,,,,,,,,,,,,,,,,,,,,,,,
8059,simple,,"BECUTAN kupka za deca 400ml",1,0,visible,,,,,taxable,,0,0,,0,0,,,,,0,ALKALOID,,"170,08992","Бебешка програма > Бебешка козметика",,,https://lifeline.mk/wp-content/uploads/2021/11/penliva-kupka-400ml-165den.jpg,,,,,,,,,0,Becutan,0,193,194,,,,,,,,,,,,,,,,,,,,,,,,,,,,,,,,,,,,,,,
8060,simple,,"BECUTAN MASLENA KUPKA 150ml",1,0,visible,,,,,taxable,,1,1,,0,0,,,,,0,ALKALOID,,180,"Бебешка програма > Бебешка козметика",,,https://lifeline.mk/wp-content/uploads/2021/11/maslena-kupka-150ml-170-den.jpg,,,,,,,,,0,Becutan,0,463,464,,,,,,,,,,,,,,,,,,,,,,,,,,,,,,,,,,,,,,,
8061,simple,,"BECUTAN maslo od lavanda 200ml",1,0,visible,,,,,taxable,,1,1,,notify,0,,,,,0,ALKALOID,,130,"Бебешка програма > Бебешка козметика",,,https://lifeline.mk/wp-content/uploads/2021/11/maslo-od-lavanda-200ml-130-den.jpg,,,,,,,,,0,Becutan,0,345,346,,,,,,,,,,,,,,,,,,,,,,,,,,,,,,,,,,,,,,,
8062,simple,,"BECUTAN maslo za deca 200ml",1,0,visible,,,,,taxable,,1,1,,0,0,,,,,0,ALKALOID,,130,"Бебешка програма > Бебешка козметика",,,https://lifeline.mk/wp-content/uploads/2021/11/maslo-za-deca-200ml-260den.jpg,,,,,,,,,0,Becutan,0,415,416,,,,,,,,,,,,,,,,,,,,,,,,,,,,,,,,,,,,,,,
8063,simple,,"BECUTAN mleko za deca 200ml",1,0,visible,,,,,taxable,,1,1,,0,0,,,,,0,ALKALOID,,120,"Бебешка програма > Бебешка козметика",,,https://lifeline.mk/wp-content/uploads/2021/11/mleko-za-telo-200-ml-240-den.jpg,,,,,,,,,0,Becutan,0,270,271,,,,,,,,,,,,,,,,,,,,,,,,,,,,,,,,,,,,,,,
8064,simple,,"BECUTAN PENA za race/lice 250ml",1,0,visible,,,,,taxable,,1,1,,0,0,,,,,0,"ALKALOID OTC",,140,"Бебешка програма > Бебешка козметика",,,https://lifeline.mk/wp-content/uploads/2021/11/Pena-za-race-lice-250ml-280-den.jpg,,,,,,,,,0,Becutan,0,297,298,,,,,,,,,,,,,,,,,,,,,,,,,,,,,,,,,,,,,,,
8065,simple,,"BECUTAN podlogi(novi) 60 x 90cm/7",1,0,visible,,,,,taxable,reduced-rate,1,2,,0,0,,,,,0,ALKALOID,,150,"Бебешка програма > Бебешка опрема",,,https://lifeline.mk/wp-content/uploads/2021/11/podlogi-60x90-600-den.jpg,,,,,,,,,0,Becutan,0,292,293,,,,,,,,,,,,,,,,,,,,,,,,,,,,,,,,,,,,,,,
8066,simple,,"BECUTAN pudra za deca 100gr",1,0,visible,,,,,taxable,,1,2,,0,0,,,,,0,ALKALOID,,110,"Бебешка програма > Бебешка козметика",,,https://lifeline.mk/wp-content/uploads/2021/11/pudra-za-deca-100ml-200-den.jpg,,,,,,,,,0,Becutan,0,423,424,,,,,,,,,,,,,,,,,,,,,,,,,,,,,,,,,,,,,,,
8067,simple,,"BECUTAN sampon so kamilica 200ml",1,0,visible,,,,,taxable,,1,1,,0,0,,,,,0,ALKALOID,,110,"Бебешка програма > Бебешка козметика",,,https://lifeline.mk/wp-content/uploads/2021/11/sampon-so-kamilica-200ml-105den.jpg,,,,,,,,,0,Becutan,0,345,346,,,,,,,,,,,,,,,,,,,,,,,,,,,,,,,,,,,,,,,
8068,simple,,"BECUTAN sampon za deca 400ml",1,0,visible,,,,,taxable,,1,1,,0,0,,,,,0,ALKALOID,,170,"Бебешка програма > Бебешка козметика",,,https://lifeline.mk/wp-content/uploads/2021/11/sampon-za-deca-400ml-170den.jpg,,,,,,,,,0,Becutan,0,367,368,,,,,,,,,,,,,,,,,,,,,,,,,,,,,,,,,,,,,,,
8069,simple,,"BECUTAN sampon/kupka 2 vo 1 200ml",1,0,visible,,,,,taxable,,1,1,,0,0,,,,,0,ALKALOID,,110,"Бебешка програма > Бебешка козметика",,,https://lifeline.mk/wp-content/uploads/2021/11/sampon-i-kupka-2-vo-1-200ml-210-den.jpg,,,,,,,,,0,Becutan,0,317,318,,,,,,,,,,,,,,,,,,,,,,,,,,,,,,,,,,,,,,,
8070,simple,,"BECUTAN sampon+kupka 400ml",1,0,visible,,,,,taxable,,1,1,,0,0,,,,,0,ALKALOID,,180,"Бебешка програма > Бебешка козметика",,,https://lifeline.mk/wp-content/uploads/2021/11/sampon-i-kupka-2-vo-1-400ml-336-den.jpg,,,,,,,,,0,Becutan,0,366,367,,,,,,,,,,,,,,,,,,,,,,,,,,,,,,,,,,,,,,,
8071,simple,,"BECUTAN SAPUN 90 gr",1,0,visible,,,,,taxable,,1,2,,0,0,,,,,0,ALKALOID,,30,"Бебешка програма > Бебешка козметика",,,https://lifeline.mk/wp-content/uploads/2021/11/becutan-sapun-za-deca-90gr-90-den.jpg,,,,,,,,,0,Becutan,0,361,362,,,,,,,,,,,,,,,,,,,,,,,,,,,,,,,,,,,,,,,
8072,simple,,"BECUTAN vitaminska mast 200ml",1,0,visible,,,,,taxable,,1,,,0,0,,,,,0,ALKALOID,,"180,00","Бебешка програма > Бебешка козметика",,,https://lifeline.mk/wp-content/uploads/2021/11/vitaminska-mast-200ml-180den.jpg,,,,,,,,,0,Becutan,0,195,196,,,,,,,,,,,,,,,,,,,,,,,,,,,,,,,,,,,,,,,
8073,simple,,"BECUTAN vitaminska mast 100ml",1,0,visible,,,,,taxable,,1,1,,0,0,,,,,1,ALKALOID,,110,"Бебешка програма > Бебешка козметика",,,,,,,,,,,,0,,0,200,201,,,,,,,,,,,,,,,,,,,,,,,,,,,,,,,,,,,,,,,
8074,simple,,"BECUTAN vitaminska mast 50ml",1,0,visible,,,,,taxable,,1,1,,0,0,,,,,0,ALKALOID,,75,"Бебешка програма > Бебешка козметика",,,https://lifeline.mk/wp-content/uploads/2021/11/becutan-vitaminska-mast-50ml-70den.jpg,,,,,,,,,0,Becutan,0,284,285,,,,,,,,,,,,,,,,,,,,,,,,,,,,,,,,,,,,,,,
8075,simple,,"BECUTAN vlazni maramici /20",1,0,visible,,,,,taxable,,1,4,,0,0,,,,,0,ALKALOID,,45,"Бебешка програма > Бебешка козметика",,,https://lifeline.mk/wp-content/uploads/2021/11/becutan-vlazni-maramici-20-90den.jpg,,,,,,,,,0,Becutan,0,366,367,,,,,,,,,,,,,,,,,,,,,,,,,,,,,,,,,,,,,,,
8084,simple,,"BECUTAN vlazni maramici /26",1,0,visible,,,,,taxable,,1,2,,0,0,,,,,0,ALKALOID,,50,"Бебешка програма > Бебешка козметика",,,https://lifeline.mk/wp-content/uploads/2021/11/becutan-vlazni-maramici-26-72den.jpg,,,,,,,,,0,Becutan,0,370,371,,,,,,,,,,,,,,,,,,,,,,,,,,,,,,,,,,,,,,,
8085,simple,,"BECUTAN vlazni maramici /72",1,0,visible,,,,,taxable,,1,2,,0,0,,,,,1,ALKALOID,,98,"Бебешка програма > Бебешка козметика",,,,,,,,,,,,0,,0,203,204,,,,,,,,,,,,,,,,,,,,,,,,,,,,,,,,,,,,,,,
8086,simple,,"BEDOXIN tbl. 20 x 20 mg",1,0,visible,,,,,taxable,reduced-rate,1,13,,0,0,,,,,1,GALENIKA,,120,"Витамини и суплементи > Заштита на нервниот систем",,,,,,,,,,,,0,,0,729,730,,,,,,,,,,,,,,,,,,,,,,,,,,,,,,,,,,,,,,,
8087,simple,,"Belmiran SAN 20tbl",1,0,visible,,,,,taxable,reduced-rate,1,1,,0,0,,,,,1,BELUPO,,260,"Витамини и суплементи > Заштита на нервниот систем",,,,,,,,,,,,0,,0,329,330,,,,,,,,,,,,,,,,,,,,,,,,,,,,,,,,,,,,,,,
8088,simple,,"SYNERGY FERROFECT x30 tbl",1,0,visible,,,,,taxable,reduced-rate,1,1,,0,0,,,,,0,,,"579,999","Витамини и суплементи > Анемија, Витамини и суплементи > Витамини за трудници и доилки, Витамини и суплементи",,,https://lifeline.mk/wp-content/uploads/2021/11/SYNERGY-FERROFECT-x30-tbl.jpg,,,,,,,,,0,Synergy,0,492,495,,,292e8cc5-b9ff-438c-abdc-2fc70368a278,field_6081ae4f27756,441.904,441.904,0,0,enable,default,default,0,0,0,0,default,default,default,default,default,0,disable,enable,right,default,default,default,,,,,,,,,,,60,
8089,simple,,"BEPANTHEN BABY ung. 5% 30 g",1,0,visible,,,,,taxable,,1,1,,0,0,,,,,1,BAYER,,245,"Бебешка програма > Бебешка козметика",,,,,,,,,,,,0,,0,196,197,,,,,,,,,,,,,,,,,,,,,,,,,,,,,,,,,,,,,,,
8090,simple,,"SYNERGY VIT.D3 2000iu cps x30",1,0,visible,,,,,taxable,reduced-rate,1,3,,0,0,,,,,0,,,580,"Витамини и суплементи, Витамини и суплементи > Имунитет, Витамини и суплементи > Коски\, зглобови и мускули",,,https://lifeline.mk/wp-content/uploads/2021/11/SYNERGY-VIT.D3-2000iu-cps-x30.jpg,,,,,,,,,0,Synergy,0,101,102,,,c0490548-df75-4962-ba02-962a9afb7769,field_6081ae4f27756,228.568,228.568,0,0,enable,default,default,0,0,0,0,default,default,default,default,default,0,disable,enable,right,default,default,default,,,,,,,,,,,,
8091,simple,,"BETADINE r-r 100 ml (1%)",1,0,visible,,,,,taxable,reduced-rate,1,4,,0,0,,,,,1,ALKALOID,,170,"Нега и заштита > Средства за дезинфекција",,,,,,,,,,,,0,,0,226,227,,,,,,,,,,,,,,,,,,,,,,,,,,,,,,,,,,,,,,,
8092,simple,,"SYNERGY VITAMIN K 80mg",1,0,visible,,,,,taxable,reduced-rate,1,1,,0,0,,,,,0,,,840,"Витамини и суплементи, Витамини и суплементи > Заштита на срце и крвни садови, Витамини и суплементи > Коски\, зглобови и мускули",,,https://lifeline.mk/wp-content/uploads/2021/11/SYNERGY-VITAMIN-K-80mg.jpg,,,,,,,,,0,Synergy,0,239,240,,,e9bdedeb-0163-495a-85eb-d4a67e9cb963,field_6081ae4f27756,640,640,0,0,enable,default,default,0,0,0,0,default,default,default,default,default,0,disable,enable,right,default,default,default,,,,,,,,,,,,
8093,simple,,"BETADINE vag. 14 x 200 mg",1,0,visible,,,,,taxable,reduced-rate,1,2,,0,0,,,,,1,ALKALOID,,145,"Нега и заштита > Сексуално здравје и интимна нега",,,,,,,,,,,,0,,0,271,272,,,,,,,,,,,,,,,,,,,,,,,,,,,,,,,,,,,,,,,
8094,simple,,"BETAPLAST plast. flaster 5m x 2,5cm",1,0,visible,,,,,taxable,,0,0,,0,0,,,,,1,"BUSINESS HOUSE",,70,"Медицински помагала",,,,,,,,,,,,0,,0,214,215,,,,,,,,,,,,,,,,,,,,,,,,,,,,,,,,,,,,,,,
8095,simple,,"BETTY BLAZNICI 80 PARCINJA",1,0,visible,,,,,taxable,,0,0,,0,0,,,,,1,"BETTY MAKEDONIJA",,57,"Нега и заштита > Кожа",,,,,,,,,,,,0,,0,167,168,,,,,,,,,,,,,,,,,,,,,,,,,,,,,,,,,,,,,,,
8096,simple,,"BETTY FLASTER SENSITIV X 14",1,0,visible,,,,,taxable,,0,0,,0,0,,,,,1,"ФЕНИКС ФАРМА - СКОПЈЕ",,"88,79736","Медицински помагала",,,,,,,,,,,,0,,0,184,185,,,,,,,,,,,,,,,,,,,,,,,,,,,,,,,,,,,,,,,
8105,simple,,"BEVIPLEX N granuli 70 gr",1,0,visible,,,,,taxable,reduced-rate,1,2,,0,0,,,,,1,GALENIKA,,140,"Витамини и суплементи > Заштита на нервниот систем",,,,,,,,,,,,0,,0,442,443,,,,,,,,,,,,,,,,,,,,,,,,,,,,,,,,,,,,,,,
8106,simple,,"BILOBIL cps.x 60",1,0,visible,,,,,taxable,reduced-rate,1,1,,0,0,,,,,1,KRKA,,510,"Витамини и суплементи > Заштита на нервниот систем",,,,,,,,,,,,0,,0,240,241,,,,,,,,,,,,,,,,,,,,,,,,,,,,,,,,,,,,,,,
8107,simple,,"BILOBIL FORTE cps. 80 mg x 20",1,0,visible,,,,,taxable,reduced-rate,1,2,,0,0,,,,,1,KRKA,,250,"Витамини и суплементи > Заштита на нервниот систем",,,,,,,,,,,,0,,0,255,256,,,,,,,,,,,,,,,,,,,,,,,,,,,,,,,,,,,,,,,
8108,simple,,"BILOBIL INTENSE cps. 60x120mg",1,0,visible,,,,,taxable,reduced-rate,1,2,,0,0,,,,,1,KRKA,,830,"Витамини и суплементи > Заштита на нервниот систем",,,,,,,,,,,,0,,0,255,256,,,,,,,,,,,,,,,,,,,,,,,,,,,,,,,,,,,,,,,
8109,simple,,"BILOBIL INTENSE cps.20 x 120mg",1,0,visible,,,,,taxable,reduced-rate,1,1,,0,0,,,,,1,KRKA,,330,"Витамини и суплементи > Заштита на нервниот систем",,,,,,,,,,,,0,,0,355,356,,,,,,,,,,,,,,,,,,,,,,,,,,,,,,,,,,,,,,,
8110,simple,,"BIO GELEE ROYALE MEDEX FORTE amp.x 12",1,0,visible,,,,,taxable,,0,0,,0,0,,,,,1,MEDEX,,1550,"Витамини и суплементи > Имунитет",,,,,,,,,,,,0,,0,330,331,,,,,,,,,,,,,,,,,,,,,,,,,,,,,,,,,,,,,,,
8111,simple,,"BIO LIFE-100% Maslo od Kokos 200ml",1,0,visible,,,,,taxable,reduced-rate,1,1,,0,0,,,,,1,GALENIUS,,320,"Витамини и суплементи > Заштита на срце и крвни садови",,,,,,,,,,,,0,,0,182,183,,,,,,,,,,,,,,,,,,,,,,,,,,,,,,,,,,,,,,,
8112,simple,,"BIOASTIN cps. 4 mg x 60",1,0,visible,,,,,taxable,reduced-rate,0,0,,0,0,,,,,1,TRIMEKS,,1764,"Витамини и суплементи > Заштита на срце и крвни садови",,,,,,,,,,,,0,,0,235,236,,,,,,,,,,,,,,,,,,,,,,,,,,,,,,,,,,,,,,,
8122,simple,,"BIOBLAS arganovo maslo 100ml",1,0,visible,,,,,taxable,,0,0,,0,0,,,,,0,BIOTA,,330,"Нега и заштита > Коса",,,https://lifeline.mk/wp-content/uploads/2021/11/BIOBLAS-arganovo-maslo-100ml.png,,,,,,,,,0,Bioblas,0,391,392,,,,,,,,,,,,,,,,,,,,,,,,,,,,,,,,,,,,,,,
8123,simple,,"BIOBLAS maska+regenerator 2 vo1 200 ml",1,0,visible,,,,,taxable,,0,0,,0,0,,,,,0,BIOTA,,300,"Нега и заштита > Коса",,,https://lifeline.mk/wp-content/uploads/2021/11/BIOBLAS-maskaregenerator-2-vo1-200-ml.png,,,,,,,,,0,Bioblas,0,227,228,,,,,,,,,,,,,,,,,,,,,,,,,,,,,,,,,,,,,,,
8124,simple,,"BIOBLAS ORGANIC f'stak shampon 400 ML",1,0,visible,,,,,taxable,,0,0,,0,0,,,,,1,"ФЕНИКС ФАРМА - СКОПЈЕ",,250,"Нега и заштита > Коса",,,,,,,,,,,,0,,0,205,206,,,,,,,,,,,,,,,,,,,,,,,,,,,,,,,,,,,,,,,
8125,simple,,"BIOBLAS ORGANIC kopriva maslo shampon 400ml 3-10118",1,0,visible,,,,,taxable,,0,0,,0,0,,,,,0,"BIOFARMA - SKOPJE",,250,"Нега и заштита > Коса",,,https://lifeline.mk/wp-content/uploads/2021/11/BIOBLAS-ORGANIC-kopriva-maslo-shampon-400ml-3-10118.png,,,,,,,,,0,Bioblas,0,287,288,,,,,,,,,,,,,,,,,,,,,,,,,,,,,,,,,,,,,,,
8126,simple,,"BIOBLAS ORGANIC lovorovo maslo shamp.400 ML",1,0,visible,,,,,taxable,,1,2,,0,0,,,,,0,"ФЕНИКС ФАРМА - СКОПЈЕ",,250,"Нега и заштита > Коса",,,https://lifeline.mk/wp-content/uploads/2021/11/BIOBLAS-ORGANIC-lovorovo-maslo-shamp.400-ML.png,,,,,,,,,0,Bioblas,0,242,243,,,,,,,,,,,,,,,,,,,,,,,,,,,,,,,,,,,,,,,
8127,simple,,"BIOBLAS ORGANIC maslinovo/konj.opavche shamp. 400ml 3-9937",1,0,visible,,,,,taxable,,0,0,,0,0,,,,,0,"BIOFARMA - SKOPJE",,250,"Нега и заштита > Коса",,,https://lifeline.mk/wp-content/uploads/2021/11/BIOBLAS-ORGANIC-maslinovokonj.opavche-shamp.-400ml.png,,,,,,,,,0,Bioblas,0,207,208,,,,,,,,,,,,,,,,,,,,,,,,,,,,,,,,,,,,,,,
8128,simple,,"BIOBLAS SHAMPON KOKOS ORGANSKI 360ml",1,0,visible,,,,,taxable,,0,0,,0,0,,,,,0,BIOTA,,250,"Нега и заштита > Коса",,,https://lifeline.mk/wp-content/uploads/2021/11/BIOBLAS-SHAMPON-KOKOS-ORGANSKI-360ml.png,,,,,,,,,0,Bioblas,0,315,316,,,,,,,,,,,,,,,,,,,,,,,,,,,,,,,,,,,,,,,
8129,simple,,"BIOBLAS SHAMPON SO ORGANSKI ARAGAN 360ml",1,0,visible,,,,,taxable,,0,0,,0,0,,,,,0,UVOZ,,250,"Нега и заштита > Коса",,,https://lifeline.mk/wp-content/uploads/2021/11/BIOBLAS-SHAMPON-SO-ORGANSKI-ARAGAN-360ml.png,,,,,,,,,0,Bioblas,0,407,408,,,,,,,,,,,,,,,,,,,,,,,,,,,,,,,,,,,,,,,
8130,simple,,"BIOBLAS shampon/farbana kosa 400 ML",1,0,visible,,,,,taxable,,0,0,,0,0,,,,,1,"ФЕНИКС ФАРМА - СКОПЈЕ",,190,"Нега и заштита > Коса",,,,,,,,,,,,0,,0,184,185,,,,,,,,,,,,,,,,,,,,,,,,,,,,,,,,,,,,,,,
8131,simple,,"BIODERMA ATODERM huile de douche 1L- MASLO ZA TUSHIRANJE",1,0,visible,,,,,taxable,,1,1,,1,0,,,,,0,"<p>SIMPLI MEL DOO</p>
",,1395,"Нега и заштита > Кожа, Нега и заштита",,,https://lifeline.mk/wp-content/uploads/2021/11/BIODERMA-ATODERM-huile-de-douche-1L.jpg,,,,,,,,,0,Bioderma,0,574,575,,,,,,,,,,,,,,,,,,,,,,,,,,,,,,,,,,,,,,,
8140,simple,,"BIODERMA CICABIO krem 40ML",1,0,visible,,,,,taxable,,1,2,,1,0,,,,,0,"<p>SIMPLI MEL DOO</p>
",,680,"Нега и заштита > Кожа, Нега и заштита",,,https://lifeline.mk/wp-content/uploads/2021/11/BIODERMA-CICABIO-krem-40ML.jpg,,,,,,,,,0,Bioderma,0,440,441,,,,,,,,,,,,,,,,,,,,,,,,,,,,,,,,,,,,,,,
8141,simple,,"BIODERMA CICABIO/ARNICA krem 40ML",1,0,visible,,,,,taxable,,1,2,,0,0,,,,,0,"<p>SIMPLI MEL DOO</p>
",,815,"Нега и заштита > Кожа, Нега и заштита",,,https://lifeline.mk/wp-content/uploads/2021/11/BIODERMA-CICABIOARNICA-krem-40ML.jpg,,,,,,,,,0,Bioderma,0,386,387,,,,,,,,,,,,,,,,,,,,,,,,,,,,,,,,,,,,,,,
8142,simple,,"BIODERMA HYDRABIO crem 50ml",1,0,visible,,,,,taxable,,1,2,,notify,0,,,,,0,"<p>SIMPLI MEL DOO</p>
",,1100,"Нега и заштита > Кожа, Нега и заштита",,,https://lifeline.mk/wp-content/uploads/2021/11/BIODERMA-HYDRABIO-cream-50ml.jpg,,,,,,,,,0,Bioderma,0,351,352,,,,,,,,,,,,,,,,,,,,,,,,,,,,,,,,,,,,,,,
8143,simple,,"BIODERMA HYDRABIO SERUM 40ml",1,0,visible,,,,,taxable,,1,2,,0,0,,,,,0,"<p>BIODERMA</p>
",,1100,"Нега и заштита > Кожа, Нега и заштита",,,https://lifeline.mk/wp-content/uploads/2021/11/BIODERMA-HYDRABIO-SERUM-40ml.jpg,,,,,,,,,0,Bioderma,0,367,368,,,,,,,,,,,,,,,,,,,,,,,,,,,,,,,,,,,,,,,
8144,simple,,"H. AID HAIR-VIT cps.x 30",1,0,visible,,,,,taxable,reduced-rate,1,,,0,0,,,,,0,,,980,"Витамини и суплементи, Витамини и суплементи > Витамини и суплементи за коса",,,https://lifeline.mk/wp-content/uploads/2021/11/H-AID-HAIR-VIT-cps.x-30.png,,,,,,,,,0,HealthAid,0,307,308,,,681b5c75-5973-4b01-a257-6e2d911def92,field_6081ae4f27756,712.99,712.99,0,0,enable,default,default,0,0,0,0,default,default,default,default,default,0,disable,enable,right,default,default,default,,,,,,,,,,,,
8145,simple,,"H-AID METHYLCOBALAMIN B12 tbl. x 60",1,0,visible,,,,,taxable,reduced-rate,1,1,,0,0,,,,,0,,,1020,"Витамини и суплементи > Анемија, Витамини и суплементи, Витамини и суплементи > Заштита на нервниот систем",,,https://lifeline.mk/wp-content/uploads/2021/11/H-AID-METHYLCOBALAMIN-B12-tbl.-x-60.jpg,,,,,,,,,0,HealthAid,0,267,268,,,632c7504-ed02-47b9-aefc-48de7fc17630,field_6081ae4f27756,807.675,807.675,0,0,enable,default,default,0,0,0,0,default,default,default,default,default,0,disable,enable,right,default,default,default,,,,,,,,,,,,
8146,simple,,"H-AID OMEGA 3-6-9 cps. x 60",1,0,visible,,,,,taxable,reduced-rate,1,1,,0,0,,,,,0,,,1150,"Витамини и суплементи, Витамини и суплементи > Заштита на срце и крвни садови",,,https://lifeline.mk/wp-content/uploads/2021/11/H-AID-OMEGA-3-6-9-cps.-x-60.png,,,,,,,,,0,HealthAid,0,216,217,,,0d623c02-eed2-4a95-80ff-966269c4b463,field_6081ae4f27756,869.352,869.352,0,0,enable,default,default,0,0,0,0,default,default,default,default,default,0,disable,enable,right,default,default,default,,,,,,,,,,,,
8147,simple,,"BIODERMA SEBIUM hydra krem 40ML.",1,0,visible,,,,,taxable,,1,1,,1,0,,,,,0,"<p>SIMPLI MEL DOO</p>
",,720,"Нега и заштита > Кожа, Нега и заштита",,,https://lifeline.mk/wp-content/uploads/2021/11/BIODERMA-SEBIUM-hydra-krem-40ML..jpg,,,,,,,,,0,Bioderma,0,464,465,,,,,,,,,,,,,,,,,,,,,,,,,,,,258,,,,,,,,0,,60,
8148,simple,,"H-AID PROSTAVITAL cps. x 30",1,0,visible,,,,,taxable,reduced-rate,1,1,,0,0,,,,,0,,,1070,"Витамини и суплементи, Витамини и суплементи > Простата",,,https://lifeline.mk/wp-content/uploads/2021/11/H-AID-PROSTAVITAL-cps.-x-30.png,,,,,,,,,0,HealthAid,0,216,217,,,448aac04-5b38-4af8-81aa-dade3f31e7a8,field_6081ae4f27756,848.82,848.82,0,0,enable,default,default,0,0,0,0,default,default,default,default,default,0,disable,enable,right,default,default,default,,,,,,,,,,,,
8149,simple,,"H-AID VITAMIN B99 COMPLEX tbl. x60",1,0,visible,,,,,taxable,reduced-rate,1,,,0,0,,,,,0,,,1160,"Витамини и суплементи, Витамини и суплементи > Заштита на нервниот систем",,,https://lifeline.mk/wp-content/uploads/2021/11/H-AID-VITAMIN-B99-COMPLEX-tbl.-x60.png,,,,,,,,,0,HealthAid,0,355,356,,,8c9e5650-4cf1-45ae-ae83-51cd505d7f91,field_6081ae4f27756,880.78,880.78,0,0,enable,default,default,0,0,0,0,default,default,default,default,default,0,disable,enable,right,default,default,default,,,,,,,,,,,,
8150,simple,,"H-AID LIVERCARE tbl. X 60",1,0,visible,,,,,taxable,reduced-rate,1,,,0,0,,,,,0,,,1050,"Витамини и суплементи, Витамини и суплементи > Заштита на црн дроб",,,https://lifeline.mk/wp-content/uploads/2021/11/H-AID-LIVERCARE-tbl.-X-60.jpg,,,,,,,,,0,HealthAid,0,528,529,,,865ecd23-8751-4f06-a7d3-13becb656258,field_6081ae4f27756,793.36,793.36,0,0,enable,default,default,0,0,0,0,default,default,default,default,default,0,disable,enable,right,default,default,default,,,,,,,,,,,60,
8151,simple,,"H-AID MAGCITRA tbl. X 60",1,0,visible,,,,,taxable,reduced-rate,1,1,,0,0,,,,,0,,,1050,"Витамини и суплементи, Витамини и суплементи > Заштита на нервниот систем, Витамини и суплементи > Заштита на срце и крвни садови, Витамини и суплементи > Коски\, зглобови и мускули",,,https://lifeline.mk/wp-content/uploads/2021/11/H-AID-MAGCITRA-tbl.-X-60.jpg,,,,,,,,,0,HealthAid,0,227,228,,,b0aff30e-c6dc-46ad-b1c5-ea9bb40af406,field_6081ae4f27756,795.24,795.24,0,0,enable,default,default,0,0,0,0,default,default,default,default,default,0,disable,enable,right,default,default,default,,,,,,,,,,,,
8152,simple,,"H-AID OMEGAZON cps. x 30",1,0,visible,,,,,taxable,reduced-rate,1,,,0,0,,,,,0,,,1100,"Витамини и суплементи, Витамини и суплементи > Заштита на срце и крвни садови",,,https://lifeline.mk/wp-content/uploads/2021/11/H-AID-OMEGAZON-cps.-x-30.png,,,,,,,,,0,HealthAid,0,205,206,,,2e2b3de1-d764-46a0-8efc-67329982f268,field_6081ae4f27756,802.76,802.76,0,0,enable,default,default,0,0,0,0,default,default,default,default,default,0,disable,enable,right,default,default,default,,,,,,,,,,,60,
8153,simple,,"H-AID OSTEOVIT tbl. x 60",1,0,visible,,,,,taxable,reduced-rate,1,1,,notify,0,,,,,0,,,890,"Витамини и суплементи, Витамини и суплементи > Коски\, зглобови и мускули",,,https://lifeline.mk/wp-content/uploads/2021/11/H-AID-OSTEOVIT-tbl.-x-60.png,,,,,,,,,0,HealthAid,0,242,243,,,6ce314e1-2abc-4801-b71e-2808e5f37316,field_6081ae4f27756,688,688,0,0,enable,default,default,0,0,0,0,default,default,default,default,default,0,disable,enable,right,default,default,default,,,,,,,,,,,,
8154,simple,,"H-AID RED YEAST rice tbl. x 90",1,0,visible,,,,,taxable,reduced-rate,1,1,,0,0,,,,,0,,,1360,"Витамини и суплементи, Витамини и суплементи > Заштита на срце и крвни садови",,,https://lifeline.mk/wp-content/uploads/2021/11/H-AID-RED-YEAST-rice-tbl.-x-90.jpeg,,,,,,,,,0,HealthAid,0,489,490,,,909ec4fa-4cf3-4ae5-9e3e-a67c47eff7f3,field_6081ae4f27756,1074.942,1074.942,0,0,enable,default,default,0,0,0,0,default,default,default,default,default,0,disable,enable,right,default,default,default,,,,,,,,,,,,
8155,simple,,"BIODERMA-ATODERM INTENSIVE BAUME 500ML",1,0,visible,,,,,taxable,,1,1,,notify,0,,,,,0,"<p>BIODERMA</p>
",,1650,"Нега и заштита > Кожа, Нега и заштита",,,https://lifeline.mk/wp-content/uploads/2021/11/BIODERMA-ATODERM-INTENSIVE-BAUME-500ML.jpg,,,,,,,,,0,Bioderma,0,298,299,,,,,,,,,,,,,,,,,,,,,,,,,,,,,,,,,,,,,,,
8156,simple,,"H-AID TEA TREE OIL sapun 100g",1,0,visible,,,,,taxable,,0,0,,0,0,,,,,0,,,560,"Нега и заштита > Кожа, Нега и заштита",,,https://lifeline.mk/wp-content/uploads/2021/11/H-AID-TEA-TREE-OIL-sapun-100g.png,,,,,,,,,0,HealthAid,0,217,218,,,798c11fc-915e-4d87-9222-d886abdfb803,field_6081ae4f27756,385,385,0,0,enable,default,default,0,0,0,0,default,default,default,default,default,0,disable,enable,right,default,default,default,,,,,,,,,,,60,
8157,simple,,"H-AID VITAMIN D3 1000 i.u spray",1,0,visible,,,,,taxable,reduced-rate,1,1,,0,0,,,,,0,,,930,"Витамини и суплементи, Витамини и суплементи > Имунитет, Витамини и суплементи > Коски\, зглобови и мускули",,,https://lifeline.mk/wp-content/uploads/2021/11/H-AID-VITAMIN-D3-1000-i.u-spray.png,,,,,,,,,0,HealthAid,0,249,250,,,4131267e-b21f-4edb-9dd2-70d60f1c40f0,field_6081ae4f27756,732.292,732.292,0,0,enable,default,default,0,0,0,0,default,default,default,default,default,0,disable,enable,right,default,default,default,,,,,,,,,,,,
8158,simple,,"BIODERMA-CICABIO LOTION SPRAY 40ML",1,0,visible,,,,,taxable,,1,1,,0,0,,,,,0,"<p>BIODERMA</p>
",,870,"Нега и заштита > Кожа, Нега и заштита",,,https://lifeline.mk/wp-content/uploads/2021/11/BIODERMA-CICABIO-LOTION-SPRAY-40ML.jpg,,,,,,,,,0,Bioderma,0,293,294,,,,,,,,,,,,,,,,,,,,,,,,,,,,,,,,,,,,,,,
8159,simple,,"H-AID VITAMIN E maslo 100% 50ml",1,0,visible,,,,,taxable,reduced-rate,1,1,,notify,0,,,,,0,,,1130,"Нега и заштита > Кожа, Нега и заштита",,,https://lifeline.mk/wp-content/uploads/2021/11/H-AID-VITAMIN-E-maslo-100-50ml.png,,,,,,,,,0,HealthAid,0,293,294,,,e7cbc6f1-e687-46b3-ad40-f3c8e147ee95,field_6081ae4f27756,858,858,0,0,enable,default,default,0,0,0,0,default,default,default,default,default,0,disable,enable,right,default,default,default,,,,,,,,,,,,
8160,simple,,"H-AID VITAMIN E sapun 100g",1,0,visible,,,,,taxable,,0,0,,0,0,,,,,0,,,"575,29956","Нега и заштита > Кожа, Нега и заштита",,,https://lifeline.mk/wp-content/uploads/2021/11/H-AID-VITAMIN-E-sapun-100g.png,,,,,,,,,0,HealthAid,0,164,165,,,b5cbc38a-489f-47a0-a287-f76d7d7b680d,field_6081ae4f27756,406.285,406.285,0,0,enable,default,default,0,0,0,0,default,default,default,default,default,0,disable,enable,right,default,default,default,,,,,,,,,,,60,
8161,simple,,"H-AID WHEAT GERM OIL cps. x 60",1,0,visible,,,,,taxable,reduced-rate,1,1,,notify,0,,,,,0,,,960,"Витамини и суплементи",,,https://lifeline.mk/wp-content/uploads/2021/11/H-AID-WHEAT-GERM-OIL-cps.-x-60.png,,,,,,,,,0,HealthAid,0,231,232,,,9a550710-6b3c-44c7-87ff-6555c2ee8227,field_6081ae4f27756,742.082,742.082,0,0,enable,default,default,0,0,0,0,default,default,default,default,default,0,disable,enable,right,default,default,default,,,,,,,,,,,,
8162,simple,,"BIODERMA-SENSIBIO GEL MOUSSANT 200ML",1,0,visible,,,,,taxable,,1,2,,0,0,,,,,0,"<p>BIODERMA</p>
",,890,"Нега и заштита > Кожа, Нега и заштита",,,https://lifeline.mk/wp-content/uploads/2021/11/BIODERMA-SENSIBIO-GEL-MOUSSANT-200ML-1.jpg,,,,,,,,,0,Bioderma,0,482,483,,,,,,,,,,,,,,,,,,,,,,,,,,,,,,,,,,,,,,,
8163,simple,,"BIOGAIA KAPKI 5ML.",1,0,visible,,,,,taxable,reduced-rate,1,4,,0,0,,,,,1,"BAYER OTC",,710,"Бебешка програма > Бебешка храна",,,,,,,,,,,,0,,0,270,271,,,,,,,,,,,,,,,,,,,,,,,,,,,,,,,,,,,,,,,
8164,simple,,"BIOGAIA LIMON tbl. za dvakanje x 10",1,0,visible,,,,,taxable,reduced-rate,0,0,,0,0,,,,,1,"BAYER OTC",,350,"Витамини и суплементи > Дигестивен тракт и пробиотици",,,,,,,,,,,,0,,0,205,206,,,,,,,,,,,,,,,,,,,,,,,,,,,,,,,,,,,,,,,
8165,simple,,"BIOKRILL ACTIV blister X 30 CAPS",1,0,visible,,,,,taxable,reduced-rate,1,1,,0,0,,,,,1,"ALKALOID OTC",,430,"Витамини и суплементи > Заштита на срце и крвни садови",,,,,,,,,,,,0,,0,199,200,,,,,,,,,,,,,,,,,,,,,,,,,,,,,,,,,,,,,,,
8166,simple,,"BIONIKA UREA 40% crem50g",1,0,visible,,,,,taxable,,1,1,,0,0,,,,,0,VARUS,,490,"Нега и заштита > Кожа",,,,,,,,,,,,0,Bionika,0,211,212,,,,,,,,,,,,,,,,,,,,,,,,,,,,,,,,,,,,,,,
8167,simple,,"BIOSEPT gel za dezinfekcija 500 ml",1,0,visible,,,,,taxable,reduced-rate,1,2,,0,0,,,,,1,"BONES FARM",,140,"Нега и заштита > Средства за дезинфекција",,,,,,,,,,,,0,,0,219,220,,,,,,,,,,,,,,,,,,,,,,,,,,,,,,,,,,,,,,,
8168,simple,,"BIOSEPT gel za dezinfekcija 90 ml",1,0,visible,,,,,taxable,reduced-rate,0,0,,0,0,,,,,1,"BONES FARM",,80,"Нега и заштита > Средства за дезинфекција",,,,,,,,,,,,0,,0,159,160,,,,,,,,,,,,,,,,,,,,,,,,,,,,,,,,,,,,,,,
8169,simple,,"BIOXET lenti za depil. za MAZI x 20 3-8303-1",1,0,visible,,,,,taxable,,1,1,,0,0,,,,,1,"BIOFARMA - SKOPJE",,"182,40912","Нега и заштита > Кожа",,,,,,,,,,,,0,,0,70,71,,,,,,,,,,,,,,,,,,,,,,,,,,,,,,,,,,,,,,,
8193,simple,,"BIOXSIN ACNIUM conc.gel 15ml",1,0,visible,,,,,taxable,,0,0,,0,0,,,,,0,"BIOFARMA - SKOPJE",,"320,4408","Нега и заштита > Кожа",,,https://lifeline.mk/wp-content/uploads/2021/11/BIOXSIN-ACNIUM-conc.gel-15ml.jpg,,,,,,,,,0,Bioxsine,0,269,270,,,,,,,,,,,,,,,,,,,,,,,,,,,,,,,,,,,,,,,
8194,simple,,"BIOXSIN ACNIUM krem 30ml",1,0,visible,,,,,taxable,,0,0,,0,0,,,,,0,"BIOFARMA - SKOPJE",,"540,0624","Нега и заштита > Кожа",,,https://lifeline.mk/wp-content/uploads/2021/11/BIOXSIN-ACNIUM-krem-30ml.jpg,,,,,,,,,0,Bioxsine,0,225,226,,,,,,,,,,,,,,,,,,,,,,,,,,,,,,,,,,,,,,,
8195,simple,,"BIOXSIN ACNIUM maska 75ml",1,0,visible,,,,,taxable,,0,0,,0,0,,,,,0,"BIOFARMA - SKOPJE",,270,"Нега и заштита > Кожа",,,https://lifeline.mk/wp-content/uploads/2021/11/BIOXSIN-ACNIUM-maska-75ml.jpg,,,,,,,,,0,Bioxsine,0,185,186,,,,,,,,,,,,,,,,,,,,,,,,,,,,,,,,,,,,,,,
8196,simple,,"BIOXSIN MELA TON conc.gel 15ml",1,0,visible,,,,,taxable,,0,0,,0,0,,,,,0,"BIOFARMA - SKOPJE",,400,"Нега и заштита > Кожа",,,https://lifeline.mk/wp-content/uploads/2021/11/BIOXSIN-MELA-TON-conc.gel-15ml.jpg,,,,,,,,,0,Bioxsine,0,146,147,,,,,,,,,,,,,,,,,,,,,,,,,,,,,,,,,,,,,,,
8197,simple,,"BIOXSIN MELA TON gel za piling 180ml",1,0,visible,,,,,taxable,,0,0,,0,0,,,,,0,"BIOFARMA - SKOPJE",,400,"Нега и заштита > Кожа",,,https://lifeline.mk/wp-content/uploads/2021/11/BIOXSIN-MELA-TON-gel-za-piling-180ml.jpg,,,,,,,,,0,Bioxsine,0,157,158,,,,,,,,,,,,,,,,,,,,,,,,,,,,,,,,,,,,,,,
8198,simple,,"BIOXSIN MELA TON toniran krem 30ml",1,0,visible,,,,,taxable,,1,1,,0,0,,,,,0,"BIOFARMA - SKOPJE",,650,"Нега и заштита > Кожа",,,https://lifeline.mk/wp-content/uploads/2021/11/BIOXSIN-MELA-TON-toniran-krem-30ml.jpg,,,,,,,,,0,Bioxsine,0,411,412,,,,,,,,,,,,,,,,,,,,,,,,,,,,,,,,,,,,,,,
8199,simple,,"BIOXSINE DERMAGEN FORTE shampon 300ml 3-9338",1,0,visible,,,,,taxable,,1,1,,0,0,,,,,0,"<p>BIOFARMA - SKOPJE</p>
",,480,"Нега и заштита > Коса",,,https://lifeline.mk/wp-content/uploads/2021/11/BIOXSINE-DERMAGEN-FORTE-shampon-300ml.jpg,,,,,,,,,0,Bioxsine,0,396,397,,,,,,,,,,,,,,,,,,,,,,,,,,,,,,,,,,,,,,,
8200,simple,,"BIOXSINE DERMAGEN PENA 150ml 3-7671",1,0,visible,,,,,taxable,,0,0,,0,0,,,,,0,"BIOFARMA - SKOPJE",,600,"Нега и заштита > Коса",,,https://lifeline.mk/wp-content/uploads/2021/11/BIOXSINE-DERMAGEN-PENA-150ml.jpg,,,,,,,,,0,Bioxsine,0,235,236,,,,,,,,,,,,,,,,,,,,,,,,,,,,,,,,,,,,,,,
8201,simple,,"BIOXSINE DERMAGIN SERUM 15X10ml",1,0,visible,,,,,taxable,,1,1,,0,0,,,,,0,"<p>BIOFARMA - SKOPJE</p>
",,1380,"Нега и заштита > Коса",,,https://lifeline.mk/wp-content/uploads/2021/11/BIOXSINE-DERMAGIN-SERUM-15X10ml.png,,,,,,,,,0,Bioxsine,0,203,204,,,,,,,,,,,,,,,,,,,,,,,,,,,,,,,,,,,,,,,
8202,simple,,"BIOXSINE DERMAGEN shampon/masna kosa 300ml 3-9336",1,0,visible,,,,,taxable,,0,0,,0,0,,,,,0,"BIOFARMA - SKOPJE",,430,"Нега и заштита > Коса",,,https://lifeline.mk/wp-content/uploads/2021/11/BIOXSINE-DERMAGEN-shampon-masna-kosa-300ml.jpg,,,,,,,,,0,Bioxsine,0,256,257,,,,,,,,,,,,,,,,,,,,,,,,,,,,,,,,,,,,,,,
8203,simple,,"BIOXSINE DERMAGEN shampon/suva/normalna kosa 300ml 3-10301",1,0,visible,,,,,taxable,,0,0,,0,0,,,,,0,"BIOFARMA - SKOPJE",,430,"Нега и заштита > Коса",,,https://lifeline.mk/wp-content/uploads/2021/11/BIOXSINE-DERMAGEN-shampon-suva-normalna-kosa-300ml.jpg,,,,,,,,,0,Bioxsine,0,203,204,,,,,,,,,,,,,,,,,,,,,,,,,,,,,,,,,,,,,,,
8204,simple,,"BIOXSINE DERMAGEN ZENI sham./suva/normalna 300ml 3-9269",1,0,visible,,,,,taxable,,1,1,,0,0,,,,,0,"BIOFARMA - SKOPJE",,430,"Нега и заштита > Коса",,,https://lifeline.mk/wp-content/uploads/2021/11/BIOXSINE-DERMAGEN-ZENI-shampon-suva-normalna-300ml.jpg,,,,,,,,,0,Bioxsine,0,263,264,,,,,,,,,,,,,,,,,,,,,,,,,,,,,,,,,,,,,,,
8205,simple,,"BIOXSINE DERMAGEN ZENI shamp.za farbana kosa 300ml 3-9437",1,0,visible,,,,,taxable,,0,0,,0,0,,,,,0,"BIOFARMA - SKOPJE",,430,"Нега и заштита > Коса",,,https://lifeline.mk/wp-content/uploads/2021/11/BIOXSINE-DERMAGEN-ZENI-shamp.za-farbana-kosa-300ml.jpg,,,,,,,,,0,Bioxsine,0,235,236,,,,,,,,,,,,,,,,,,,,,,,,,,,,,,,,,,,,,,,
8206,simple,,"BIOXSINE TBL x 40",1,0,visible,,,,,taxable,reduced-rate,0,0,,0,0,,,,,0,"ФЕНИКС ФАРМА - СКОПЈЕ",,535,"Витамини и суплементи > Витамини и суплементи за коса",,,https://lifeline.mk/wp-content/uploads/2021/11/BIOXSINE-TBL-X40.jpg,,,,,,,,,0,Bioxsine,0,231,232,,,,,,,,,,,,,,,,,,,,,,,,,,,,,,,,,,,,,,,
8207,simple,,"BI-VITAMIN C 1000 EFF.X 20 BIOFAR",1,0,visible,,,,,taxable,reduced-rate,1,1,,0,0,,,,,1,BIOFAR,,180,"Витамини и суплементи > Имунитет",,,,,,,,,,,,0,,0,232,233,,,,,,,,,,,,,,,,,,,,,,,,,,,,,,,,,,,,,,,
8208,simple,,"BI-ZINC+VITAMIN C eff.X 20 BIOFAR",1,0,visible,,,,,taxable,reduced-rate,1,3,,0,0,,,,,1,BIOFAR,,180,"Витамини и суплементи > Имунитет",,,,,,,,,,,,0,,0,209,210,,,,,,,,,,,,,,,,,,,,,,,,,,,,,,,,,,,,,,,
8209,simple,,"NU-ASHWAGANDHA caps. 90 x 450mg",1,0,visible,,,,,taxable,reduced-rate,0,0,,0,0,,,,,0,,,1460,"Витамини и суплементи, Витамини и суплементи > Заштита на нервниот систем",,,https://lifeline.mk/wp-content/uploads/2021/11/NU-ASHWAGANDHA-caps.-90-x-450mg.jpg,,,,,,,,,0,Now,0,180,181,,,38a273e7-d8f1-466c-9e3f-99d4c4f3c92e,field_6081ae4f27756,1076.35,1076.35,0,0,enable,default,default,0,0,0,0,default,default,default,default,default,0,disable,enable,right,default,default,default,,,,,,,,,,,,
8210,simple,,"NU-MAGNEZIUM CITRAT caps. X 90",1,0,visible,,,,,taxable,reduced-rate,1,1,,0,0,,,,,0,,,1210,"Витамини и суплементи, Витамини и суплементи > Заштита на нервниот систем, Витамини и суплементи > Коски\, зглобови и мускули",,,https://lifeline.mk/wp-content/uploads/2021/11/NU-MAGNEZIUM-CITRAT-caps.-X-90.jpg,,,,,,,,,0,Now,0,96,97,,,7b24dd47-3cde-43d2-8420-218c773fa39a,field_6081ae4f27756,952,952,0,0,enable,default,default,0,0,0,0,default,default,default,default,default,0,disable,enable,right,default,default,default,,,,,,,,,,,,
8211,simple,,"NU-NAC 600mg",1,0,visible,,,,,taxable,reduced-rate,1,1,,0,0,,,,,0,,,1440,"Витамини и суплементи, Витамини и суплементи > Заштита на нервниот систем, Витамини и суплементи > Заштита на црн дроб",,,https://lifeline.mk/wp-content/uploads/2021/11/NU-NAC-600mg.jpg,,,,,,,,,0,Now,0,51,52,,,66703005-94f6-49de-8028-cc6172e9c8dc,field_6081ae4f27756,1133,1133,0,0,enable,default,default,0,0,0,0,default,default,default,default,default,0,disable,enable,right,default,default,default,,,,,,,,,,,,
8212,simple,,"NU-SELENIUM tbl. 100 x 100mcg",1,0,visible,,,,,taxable,reduced-rate,1,1,,0,0,,,,,0,,,700,"Витамини и суплементи, Витамини и суплементи > Имунитет",,,https://lifeline.mk/wp-content/uploads/2021/11/NU-SELENIUM-tbl.-100-x-100mcg.jpg,,,,,,,,,0,Now,0,100,101,,,283a64f2-182d-4be0-9432-881332d07d11,field_6081ae4f27756,544,544,0,0,enable,default,default,0,0,0,0,default,default,default,default,default,0,disable,enable,right,default,default,default,,,,,,,,,,,,
8213,simple,,"NU-SERRAZIMES caps. x 90",1,0,visible,,,,,taxable,reduced-rate,backorder,0,,notify,0,,,,,0,,,"1641,78","Витамини и суплементи, Витамини и суплементи > Коски\, зглобови и мускули",,,https://lifeline.mk/wp-content/uploads/2021/11/NU-SERRAZIMES-caps.-x-90.jpg,,,,,,,,,0,Now,0,214,215,,,b606128c-55b2-4f03-a89d-9070dde1aa28,field_6081ae4f27756,1237.85,1237.85,0,0,enable,default,default,0,0,0,0,default,default,default,default,default,0,disable,enable,right,default,default,default,,,,,,,,,,,,
8214,simple,,"NU-VITAMIN D3 1000 IE x 180 soft caps.",1,0,visible,,,,,taxable,reduced-rate,1,1,,0,0,,,,,0,,,800,"Витамини и суплементи, Витамини и суплементи > Имунитет, Витамини и суплементи > Коски\, зглобови и мускули",,,https://lifeline.mk/wp-content/uploads/2021/11/NU-VITAMIN-D3-1000-IE-x-180-soft-caps..jpg,,,,,,,,,0,Now,0,175,176,,,85917558-9958-4c14-a89c-14848e7fbd1b,field_6081ae4f27756,629.16,629.16,0,0,enable,default,default,0,0,0,0,default,default,default,default,default,0,disable,enable,right,default,default,default,,,,,,,,,,,,
8215,simple,,"NU-VITAMIN K2 100 mcg",1,0,visible,,,,,taxable,reduced-rate,1,1,,0,0,,,,,0,,,1750,"Витамини и суплементи, Витамини и суплементи > Заштита на срце и крвни садови, Витамини и суплементи > Коски\, зглобови и мускули",,,https://lifeline.mk/wp-content/uploads/2021/11/NU-VITAMIN-K2-100-mcg.jpg,,,,,,,,,0,Now,0,203,204,,,91eda254-ad2e-4f9e-85f2-cd72f1c4dca1,field_6081ae4f27756,1360,1360,0,0,enable,default,default,0,0,0,0,default,default,default,default,default,0,disable,enable,right,default,default,default,,,,,,,,,,,60,
8216,simple,,"BOROLA ENTAN cps. x 30- BLISTER",1,0,visible,,,,,taxable,reduced-rate,1,2,,0,0,,,,,0,BOROLA,,525,"Витамини и суплементи > Заштита на срце и крвни садови",,,https://lifeline.mk/wp-content/uploads/2021/11/BOROLA-ENTAN-cps.-x-30-BLISTER.png,,,,,,,,,0,Borola,0,327,328,,,,,,,,,,,,,,,,,,,,,,,,,,,,,,,,,,,,,,,
8217,simple,,"NU-VIT.D3 10.000 IU",1,0,visible,,,,,taxable,reduced-rate,1,1,,notify,0,,,,,0,,,1400,"Витамини и суплементи, Витамини и суплементи > Имунитет, Витамини и суплементи > Коски\, зглобови и мускули",,,https://lifeline.mk/wp-content/uploads/2021/11/NU-VIT.D3-10.000-IU.jpg,,,,,,,,,0,Now,0,123,124,,,efcf6aa3-935b-461b-aec7-b3aa17bb5a5a,field_6081ae4f27756,1100,1100,0,0,enable,default,default,0,0,0,0,default,default,default,default,default,0,disable,enable,right,default,default,default,,,,,,,,,,,,
8218,simple,,"NU-CHOLINE & INOSITOL caps. x 100",1,0,visible,,,,,taxable,reduced-rate,1,1,,notify,0,,,,,0,,,1188,"Витамини и суплементи, Витамини и суплементи > Заштита на црн дроб",,,https://lifeline.mk/wp-content/uploads/2021/11/NU-CHOLINE-INOSITOL-caps.-x-100.jpg,,,,,,,,,0,Now,0,106,107,,,c836ed83-bfb9-4790-a026-c43c9b8976f1,field_6081ae4f27756,940,940,0,0,enable,default,default,0,0,0,0,default,default,default,default,default,0,disable,enable,right,default,default,default,,,,,,,,,,,,
8219,simple,,"NU-COQ10 caps. 50 x 100mg",1,0,visible,,,,,taxable,reduced-rate,backorder,0,,notify,0,,,,,0,,,1615,"Витамини и суплементи, Витамини и суплементи > Заштита на срце и крвни садови",,,https://lifeline.mk/wp-content/uploads/2021/11/NU-COQ10-caps.-50-x-100mg.jpg,,,,,,,,,0,Now,0,91,92,,,c49ebb84-46de-4609-8b70-727e165e4d67,field_6081ae4f27756,1280,1280,0,0,enable,default,default,0,0,0,0,default,default,default,default,default,0,disable,enable,right,default,default,default,,,,,,,,,,,,
8220,simple,,"NU-INULIN PRASHOK 227gr.",1,0,visible,,,,,taxable,reduced-rate,1,1,,0,0,,,,,0,,,1095,"Витамини и суплементи, Витамини и суплементи > Дигестивен тракт и пробиотици",,,https://lifeline.mk/wp-content/uploads/2021/11/NU-INULIN-PRASHOK-227gr..jpg,,,,,,,,,0,Now,0,137,138,,,84fd7ed8-3d7f-4dbb-8a3d-b76250a7554a,field_6081ae4f27756,867,867,0,0,enable,default,default,0,0,0,0,default,default,default,default,default,0,disable,enable,right,default,default,default,,,,,,,,,,,,
8221,simple,,"BRONLES DIREKT per. r-r 15 x 750mg/5ml 30 x 375 mg",1,0,visible,,,,,taxable,reduced-rate,1,18,,0,0,,,,,1,ALKALOID,,200,"Настинка и грип > Кашлица",,,,,,,,,,,,0,,0,284,285,,,,,,,,,,,,,,,,,,,,,,,,,,,,,,,,,,,,,,,
8222,simple,,"BRONLES SIR 250ML/5ML",1,0,visible,,,,,taxable,reduced-rate,1,2,,0,0,,,,,1,"ALKALOID OTC",,160,"Настинка и грип > Кашлица",,,,,,,,,,,,0,,0,264,265,,,,,,,,,,,,,,,,,,,,,,,,,,,,,,,,,,,,,,,
8230,simple,,"BRONLES sirup 150 ml (125 mg/5 ml)",1,0,visible,,,,,taxable,reduced-rate,0,0,,0,0,,,,,1,ALKALOID,,130,"Настинка и грип > Кашлица",,,,,,,,,,,,0,,0,298,299,,,,,,,,,,,,,,,,,,,,,,,,,,,,,,,,,,,,,,,
8231,simple,,"BRUFEN Kesi 600 mg x 30 sum.granuli",1,0,visible,,,,,taxable,reduced-rate,1,37,,0,0,,,,,1,MYLAN/ABBOTT,,"317,86","Против болка",,,,,,,,,,,,0,,0,1192,1193,,,,,,,,,,,,,,,,,,,,,,,,,,,,,,,,,,,,,,,
8232,simple,,"BRUFEN sirup 100mg / 5ml",1,0,visible,,,,,taxable,reduced-rate,1,1,,0,0,,,,,1,MYLAN/ABBOTT,,180,"Против болка",,,,,,,,,,,,0,,0,258,259,,,,,,,,,,,,,,,,,,,,,,,,,,,,,,,,,,,,,,,
8233,simple,,"BRUSNICA CAJ 100 gr",1,0,visible,,,,,taxable,reduced-rate,1,4,,0,0,,,,,1,VITALIJA,,95,"Витамини и суплементи > Чаеви и билни препарати",,,,,,,,,,,,0,,0,241,242,,,,,,,,,,,,,,,,,,,,,,,,,,,,,,,,,,,,,,,
8234,simple,,"BS.ELAST.ZAVOJ ( 4.,5mX12cm)",1,0,visible,,,,,taxable,,0,0,,0,0,,,,,1,UVOZ,,100,"Медицински помагала",,,,,,,,,,,,0,,0,173,174,,,,,,,,,,,,,,,,,,,,,,,,,,,,,,,,,,,,,,,
8235,simple,,"CAFFETIN COLD MAX PRASOK SO LIMON X 10",1,0,visible,,,,,taxable,reduced-rate,1,11,,0,0,,,,,0,"ALKALOID OTC",,220,"Настинка и грип",,,https://lifeline.mk/wp-content/uploads/2021/11/caffetin-cold-max-prasak-a10-2342x2074-1.png,,,,,,,,,0,Alkaloid,0,504,507,,,,,,,,,,,,,,,,,,,,,,,,,,,,,,,,,,,,,,,
8236,simple,,"CAFFETIN COLD plus tbl.x 10",1,0,visible,,,,,taxable,reduced-rate,1,2,,0,0,,,,,0,ALKALOID,,130,"Настинка и грип",,,https://lifeline.mk/wp-content/uploads/2021/11/CAFFETIN-COLD-tbl.-10.png,,,,,,,,,0,Alkaloid,0,282,283,,,,,,,,,,,,,,,,,,,,,,,,,,,,,,,,,,,,,,,
8245,simple,,"CAFFETIN COLD tbl. 10",1,0,visible,,,,,taxable,reduced-rate,1,4,,0,0,,,,,0,ALKALOID,,120,"Настинка и грип",,,https://lifeline.mk/wp-content/uploads/2021/11/CAFFETIN-COLD-tbl.-10.png,,,,,,,,,0,Alkaloid,0,262,263,,,,,,,,,,,,,,,,,,,,,,,,,,,,,,,,,,,,,,,
8246,simple,,"CAFFETIN tbl. 12 x 500 mg",1,0,visible,,,,,taxable,reduced-rate,1,19,,0,0,,,,,0,ALKALOID,,70,"Против болка",,,https://lifeline.mk/wp-content/uploads/2021/11/CAFFETIN-tbl.-12-x-500-mg.png,,,,,,,,,0,Alkaloid,0,301,302,,,,,,,,,,,,,,,,,,,,,,,,,,,,,,,,,,,,,,,
8247,simple,,"CAILLOU SIRUP 20 X 5ML SPOON",1,0,visible,,,,,taxable,reduced-rate,0,0,,0,0,,,,,0,UVOZ,,455,"Бебешка програма > Бебешка храна",,,https://lifeline.mk/wp-content/uploads/2021/11/CAILLOU-SIRUP-20-X-5ML-SPOON.png,,,,,,,,,0,,0,332,333,,,,,,,,,,,,,,,,,,,,,,,,,,,,,,,,,,,,,,,
8248,simple,,"CAJ ALKALAX MIX FILTER",1,0,visible,,,,,taxable,reduced-rate,1,6,,0,0,,,,,0,"ALKALOID OTC",,70,"Витамини и суплементи > Чаеви и билни препарати",,,https://lifeline.mk/wp-content/uploads/2021/11/CAJ-ALKALAX-MIX-FILTER.png,,,,,,,,,0,"Good Nature",0,669,670,,,,,,,,,,,,,,,,,,,,,,,,,,,,,,,,,,,,,,,
8249,simple,,"CAJ ALKALAX REFUS 50G",1,0,visible,,,,,taxable,reduced-rate,1,3,,0,0,,,,,0,ALKALOID,,75,"Витамини и суплементи > Чаеви и билни препарати",,,https://lifeline.mk/wp-content/uploads/2021/11/CAJ-ALKALAX-REFUS-50G.png,,,,,,,,,0,"Good Nature",0,372,373,,,,,,,,,,,,,,,,,,,,,,,,,,,,,,,,,,,,,,,
8250,simple,,"CAJ BECUTAN anason 20 x 5 gr",1,0,visible,,,,,taxable,reduced-rate,1,2,,0,0,,,,,0,ALKALOID,,120,"Витамини и суплементи > Чаеви и билни препарати",,,https://lifeline.mk/wp-content/uploads/2021/11/CAJ-BECUTAN-anason-20-x-5-gr.png,,,,,,,,,0,Becutan,0,446,447,,,,,,,,,,,,,,,,,,,,,,,,,,,,,,,,,,,,,,,
8251,simple,,"CAJ BECUTAN ANASON 200gr",1,0,visible,,,,,taxable,reduced-rate,1,1,,0,0,,,,,0,ALKALOID,,190,"Витамини и суплементи > Чаеви и билни препарати",,,https://lifeline.mk/wp-content/uploads/2021/11/CAJ-BECUTAN-ANASON-200gr.png,,,,,,,,,0,Becutan,0,671,672,,,,,,,,,,,,,,,,,,,,,,,,,,,,,,,,,,,,,,,
8252,simple,,"CAJ BECUTAN anason/kamilica 20 x 5gr",1,0,visible,,,,,taxable,reduced-rate,1,2,,0,0,,,,,0,ALKALOID,,120,"Витамини и суплементи > Чаеви и билни препарати",,,https://lifeline.mk/wp-content/uploads/2021/11/CAJ-BECUTAN-anason-kamilica-20-x-5gr.png,,,,,,,,,0,Becutan,0,503,504,,,,,,,,,,,,,,,,,,,,,,,,,,,,,,,,,,,,,,,
8253,simple,,"CAJ BECUTAN DETSKI ZA DOBRA NOK 200gr",1,0,visible,,,,,taxable,reduced-rate,1,1,,0,0,,,,,0,"ALKALOID OTC",,190,"Витамини и суплементи > Чаеви и билни препарати",,,https://lifeline.mk/wp-content/uploads/2021/11/CAJ-BECUTAN-DETSKI-ZA-DOBRA-NOK-200gr.png,,,,,,,,,0,Becutan,0,556,557,,,,,,,,,,,,,,,,,,,,,,,,,,,,,,,,,,,,,,,
8254,simple,,"CAJ BEL SLEZ 50G REFUS",1,0,visible,,,,,taxable,,1,3,,0,0,,,,,0,ALKALOID,,120,"Витамини и суплементи > Чаеви и билни препарати",,,https://lifeline.mk/wp-content/uploads/2021/11/CAJ-BEL-SLEZ-50G-REFUS.png,,,,,,,,,0,"Good Nature",0,468,469,,,,,,,,,,,,,,,,,,,,,,,,,,,,,,,,,,,,,,,
8255,simple,,"CAJ BRUSNICA filter 20 x 2gr",1,0,visible,,,,,taxable,reduced-rate,1,3,,0,0,,,,,0,ALKALOID,,100,"Витамини и суплементи > Чаеви и билни препарати",,,https://lifeline.mk/wp-content/uploads/2021/11/CAJ-BRUSNICA-filter-20-x-2gr.png,,,,,,,,,0,"Good Nature",0,398,399,,,,,,,,,,,,,,,,,,,,,,,,,,,,,,,,,,,,,,,
8256,simple,,"CAJ HIBISKUS FILTER X 20KESI",1,0,visible,,,,,taxable,,1,3,,0,0,,,,,0,ALKALOID,,60,"Витамини и суплементи > Чаеви и билни препарати",,,https://lifeline.mk/wp-content/uploads/2021/11/CAJ-HIBISKUS-FILTER-X-20KESI.png,,,,,,,,,0,"Good Nature",0,325,326,,,,,,,,,,,,,,,,,,,,,,,,,,,,,,,,,,,,,,,
8257,simple,,"Anthelios XL Dry Touch Anti-Shine- Крема со заштитен фактор 50+ против масен сјај на лицето",1,0,visible,,"<p>За чувствителна кожа и кожа склона кон нетолеранција на сонце, попозната како алергија на сонце.<br />\nСилен интензитет на сонцето.<br />\nПревенција од сончеви дамки (бременост, фотосензитивност ...).</p>\n<p>XL-PROTECT за многу висока, широк спектар, фотостабилна UVA / UVB заштита.<br />\nОптимална заштита од SPF 50+ подобрена од УВА зраци (построга од европската препорака за производи за заштита од сонце) благодарение на патентираниот систем за филтрирање Mexoplex® во комбинација со термална изворска вода La Roche-Posay, која има смирувачки и антиоксидантни својства.</p>\n<p>БЕЗ Мирис<br />\nМногу водоотпорен. Некомедогено.<br />\nТестирано под дерматолошки надзор.</p>\n",,,taxable,,0,,,0,0,,,,,0,,,1140,"Нега и заштита > Заштита од сонце, Нега и заштита > Кожа, Нега и заштита",,,https://lifeline.mk/wp-content/uploads/2021/11/ANTH.DRY-TOUCH-5050ML.jpg,,,,,,,,,0,"Anthelios,LaRoche-Posay",0,278,279,,classic-editor,hehe,field_6081ae4f27756,,,0,0,enable,default,default,0,0,0,0,default,default,default,default,default,0,disable,enable,right,default,default,default,306,,1,,,,,,,,90,
8258,simple,,"CAJ KAMILICA REFUS 25G",1,0,visible,,,,,taxable,,backorder,0,,notify,0,,,,,0,ALKALOID,,60,"Витамини и суплементи > Чаеви и билни препарати",,,https://lifeline.mk/wp-content/uploads/2021/11/CAJ-KAMILICA-REFUS-25G.png,,,,,,,,,0,"Good Nature",0,375,376,,,,,,,,,,,,,,,,,,,,,,,,,,,,,,,,,,,,,,,
8259,simple,,"CAJ KANTARION filter 20 x 1,5 g",1,0,visible,,,,,taxable,,1,2,,0,0,,,,,0,ALKALOID,,60,"Витамини и суплементи > Чаеви и билни препарати",,,https://lifeline.mk/wp-content/uploads/2021/11/CAJ-KANTARION-filter-20-x-15-g.png,,,,,,,,,0,"Good Nature",0,597,598,,,,,,,,,,,,,,,,,,,,,,,,,,,,,,,,,,,,,,,
8260,simple,,"CAJ KIRKOLINA LUX x 20kesi",1,0,visible,,,,,taxable,reduced-rate,0,0,,0,0,,,,,1,BAYER,,125,"Витамини и суплементи > Чаеви и билни препарати",,,,,,,,,,,,0,,0,238,239,,,,,,,,,,,,,,,,,,,,,,,,,,,,,,,,,,,,,,,
8261,simple,,"ANTHELIOS SUN INTOLERANCE Крема за лице со Невросензин за дневна превенција на реакции на кожата предизвикани од сонцето",1,0,visible,,"<p>ANTHELIOS SUN INTOLERANCE<br />\nКрема за лице со Невросензин за дневна превенција на реакции на кожата предизвикани од сонцето.<br />\nМногу висока заштита. SPF 50+ / UVA<br />\nПомага при ограничување на непријатноста и црвенилото предизвикано под влијание на УВ зрачењето. ИНДИКАЦИИ: Кожа чувствителна на сонце склона кон нетолеранција на УВ зрачење позната како алергија на сонце. Развиена во соработка со дерматолозите. СВОЈСТВА: Хипоалергена. Широк спектар на заштита од UVA и UVB зраци благодарение на XL PROTECT TM технологијата базирана на патентиран и фотостабилен систем на филтри. Засилена со антиоксиданси. Докажана заштита од оштетувања предизвикани од загадување, УВ зраци и оксидативен стрес.<br />\nЗбогатена со смирувачката состојка NEUROSENSINE - формулата помага во ограничување на непријатноста и црвенилото предизвикано под влијание на УВ зрачењето.<br />\nТЕСТУРА: Текстура што се меша со кожата. Некомедогена. Без бели траги. Многу водоотпорна.</p>\n",,,taxable,,0,0,,0,0,,,,,0,,,1390,"Нега и заштита > Заштита од сонце, Нега и заштита > Кожа, Нега и заштита",,,https://lifeline.mk/wp-content/uploads/2021/11/ANTH.SUN-INTOL-50.jpg,,,,,,,,,0,"Anthelios,LaRoche-Posay",0,242,243,,classic-editor,12c43611-83bf-4f29-a72f-e870b3063c2a,field_6081ae4f27756,938,938,0,0,enable,default,default,0,0,0,0,default,default,default,default,default,0,disable,enable,right,default,default,default,,,1,,,,,,,,90,
8270,simple,,"CAJ LINCURA 50gr",1,0,visible,,,,,taxable,,1,2,,0,0,,,,,0,ALKALOID,,108,"Витамини и суплементи > Чаеви и билни препарати",,,https://lifeline.mk/wp-content/uploads/2021/11/CAJ-LINCURA-50gr.png,,,,,,,,,0,"Good Nature",0,367,368,,,,,,,,,,,,,,,,,,,,,,,,,,,,,,,,,,,,,,,
8272,simple,,"CAJ MAGDONOS filter 20 x 2gr",1,0,visible,,,,,taxable,reduced-rate,1,2,,0,0,,,,,0,ALKALOID,,60,"Витамини и суплементи > Чаеви и билни препарати",,,https://lifeline.mk/wp-content/uploads/2021/11/CAJ-MAGDONOS-filter-20-x-2gr.png,,,,,,,,,0,"Good Nature",0,331,332,,,,,,,,,,,,,,,,,,,,,,,,,,,,,,,,,,,,,,,
8274,simple,,"CAJ MATOCINA FILTER X 20",1,0,visible,,,,,taxable,,1,3,,notify,0,,,,,0,ALKALOID,,85,"Витамини и суплементи > Чаеви и билни препарати",,,https://lifeline.mk/wp-content/uploads/2021/11/CAJ-MATOCINA-FILTER-X-20.png,,,,,,,,,0,"Good Nature",0,519,520,,,,,,,,,,,,,,,,,,,,,,,,,,,,,,,,,,,,,,,
8276,simple,,"CAJ NATURAVITA UVIN H -granuli 180 gr",1,0,visible,,,,,taxable,reduced-rate,0,0,,0,0,,,,,1,VICISKI,,190,"Витамини и суплементи > Чаеви и билни препарати",,,,,,,,,,,,0,,0,668,669,,,,,,,,,,,,,,,,,,,,,,,,,,,,,,,,,,,,,,,
8278,simple,,"CAJ PLANINSKI filter 20 x 1,5gr",1,0,visible,,,,,taxable,,1,2,,0,0,,,,,0,ALKALOID,,65,"Витамини и суплементи > Чаеви и билни препарати",,,https://lifeline.mk/wp-content/uploads/2021/11/CAJ-PLANINSKI-filter-20-x-15gr.png,,,,,,,,,0,"Good Nature",0,317,318,,,,,,,,,,,,,,,,,,,,,,,,,,,,,,,,,,,,,,,
8279,simple,,"CAJ PROTIV VOSPALENIE NA JAJNICI 100gr",1,0,visible,,,,,taxable,reduced-rate,0,0,,0,0,,,,,0,ALKALOID,,"56,4732","Витамини и суплементи > Чаеви и билни препарати",,,https://lifeline.mk/wp-content/uploads/2021/11/CAJ-PROTIV-VOSPALENIE-NA-JAJNICI-100gr.png,,,,,,,,,0,"Good Nature",0,1089,1090,,,,,,,,,,,,,,,,,,,,,,,,,,,,,,,,,,,,,,,
8280,simple,,"CAJ SIPKA SO HIBISKUS filer 20 x 2,5 gr",1,0,visible,,,,,taxable,reduced-rate,1,1,,0,0,,,,,0,ALKALOID,,55,"Витамини и суплементи > Чаеви и билни препарати",,,https://lifeline.mk/wp-content/uploads/2021/11/CAJ-SIPKA-SO-HIBISKUS-filer-20-x-25-gr.png,,,,,,,,,0,"Good Nature",0,418,419,,,,,,,,,,,,,,,,,,,,,,,,,,,,,,,,,,,,,,,
8281,simple,,"CAJ UVE MIX 100 gr",1,0,visible,,,,,taxable,reduced-rate,1,1,,notify,0,,,,,0,ALKALOID,,90,"Витамини и суплементи > Чаеви и билни препарати",,,https://lifeline.mk/wp-content/uploads/2021/11/CAJ-UVE-MIX-100-gr.png,,,,,,,,,0,"Good Nature",0,590,591,,,,,,,,,,,,,,,,,,,,,,,,,,,,,,,,,,,,,,,
8282,simple,,"Hydraphase Intense Riche-Интезивна рехидратантна нега за сува и чувствителна кожа",1,0,visible,,"<p>ИНТЕНЗИВНА РЕХИДРАТАНТНА НЕГА СО ДОЛГОТРАЈНА ЕФИКАСНОСТ.<br />\nЈа доведува и задржува водата.<br />\nТЕХНОЛОГИЈА НА КЛЕТОЧНИ ВРСКИ.<br />\nБез парабени.<br />\nСува и чувствителна кожа.<br />\nИновација: клеточните врски обезбедуваат епидермална кохезија која овозможува долготрајна хидратација. Појачана формула со фрагменти на хијалуронска киселина за двојно дејство: • Интензивна рехидратација со вливање вода во кожата. • Зајакнување на клеточната кохезијата за да ѝ помогне на кожата да ја задржи водата подолго. Свежа, мрсна текстура што ја смирува и ѝ враќа чувство на пријатност на кожата. Без парабени. Херметичка пумпица за одржување на оптимална свежина на формулата.<br />\nРезултати: 24-часовна интензивна рехидратација за долготрајно мека кожа</p>\n",,,taxable,,0,0,,0,0,,,,,0,,,1580,"Нега и заштита > Кожа, Нега и заштита",,,https://lifeline.mk/wp-content/uploads/2021/11/HYDRAPHASE-RICH-50ml.jpg,,,,,,,,,0,"Hydraphase,LaRoche-Posay",0,120,121,,classic-editor,3f5652ff-7885-49ac-802b-d8e0aeb47c40,field_6081ae4f27756,1071,1071,0,0,enable,default,default,0,0,0,0,default,default,default,default,default,0,disable,enable,right,default,default,default,306,,1,,,,,,,,90,
8283,simple,,"CAJ VALERIAN MIX filter 20 x 2g",1,0,visible,,,,,taxable,reduced-rate,1,1,,0,0,,,,,0,ALKALOID,,75,"Витамини и суплементи > Чаеви и билни препарати",,,https://lifeline.mk/wp-content/uploads/2021/11/CAJ-VALERIAN-MIX-filter-20-x-2g.png,,,,,,,,,0,"Good Nature",0,462,463,,,,,,,,,,,,,,,,,,,,,,,,,,,,,,,,,,,,,,,
8285,simple,,"CAJ ZALFIJA  25gr",1,0,visible,,,,,taxable,,1,3,,0,0,,,,,1,ALKALOID,,80,"Витамини и суплементи > Чаеви и билни препарати",,,,,,,,,,,,0,,0,394,395,,,,,,,,,,,,,,,,,,,,,,,,,,,,,,,,,,,,,,,
8296,simple,,"CAJ ZELEN filter 20 x 1,5gr",1,0,visible,,,,,taxable,reduced-rate,1,2,,0,0,,,,,1,ALKALOID,,90,"Витамини и суплементи > Чаеви и билни препарати",,,,,,,,,,,,0,,0,213,214,,,,,,,,,,,,,,,,,,,,,,,,,,,,,,,,,,,,,,,
8298,simple,,"CALIVITA vit.C 1000mg.",1,0,visible,,,,,taxable,reduced-rate,1,198,,0,0,,,,,0,"4 LIFE PRODUCTS",,830,"Витамини и суплементи > Имунитет",,,https://lifeline.mk/wp-content/uploads/2021/11/calivita-c.jpg,,,,,,,,,0,Calivita,0,331,332,,,,,,,,,,,,,,,,,,,,,,,,,,,,,,,,,,,,,,,
8300,simple,,"CANBEBE 4 (7-18kg peleni)/10",1,0,visible,,,,,taxable,reduced-rate,1,1,,0,0,,,,,1,MAGNOLIJA,,120,"Бебешка програма > Бебешки марамици и пелени",,,,,,,,,,,,0,,0,218,219,,,,,,,,,,,,,,,,,,,,,,,,,,,,,,,,,,,,,,,
8301,simple,,"CANBEBE 5 (11-18 kg peleni) / 8",1,0,visible,,,,,taxable,reduced-rate,1,1,,0,0,,,,,1,MAGNOLIJA,,120,"Бебешка програма > Бебешки марамици и пелени",,,,,,,,,,,,0,,0,172,173,,,,,,,,,,,,,,,,,,,,,,,,,,,,,,,,,,,,,,,
8302,simple,,"CANBEBE 5 (11-18kg)/ 32",1,0,visible,,,,,taxable,reduced-rate,1,1,,0,0,,,,,1,CANBEBE,,370,"Бебешка програма > Бебешки марамици и пелени",,,,,,,,,,,,0,,0,195,196,,,,,,,,,,,,,,,,,,,,,,,,,,,,,,,,,,,,,,,
8303,simple,,"CANBEBE 6 (15+ kg peleni) / 8",1,0,visible,,,,,taxable,reduced-rate,1,1,,0,0,,,,,1,MAGNOLIJA,,125,"Бебешка програма > Бебешки марамици и пелени",,,,,,,,,,,,0,,0,179,180,,,,,,,,,,,,,,,,,,,,,,,,,,,,,,,,,,,,,,,
8304,simple,,"CANBEBE 6 (16+kg peleni)/ 36",1,0,visible,,,,,taxable,reduced-rate,0,0,,0,0,,,,,1,"INTEGRAL DOOEL",,470,"Бебешка програма > Бебешки марамици и пелени",,,,,,,,,,,,0,,0,141,142,,,,,,,,,,,,,,,,,,,,,,,,,,,,,,,,,,,,,,,
8305,simple,,"CANPED 60 x 90 / 10 podmetaci za vozrasni",1,0,visible,,,,,taxable,reduced-rate,1,8,,0,0,,,,,1,MAGNOLIJA,,150,"Медицински помагала",,,,,,,,,,,,0,,0,258,259,,,,,,,,,,,,,,,,,,,,,,,,,,,,,,,,,,,,,,,
8314,simple,,"CANPED LARGE peleni za vozrasni/16",1,0,visible,,,,,taxable,reduced-rate,1,2,,0,0,,,,,1,MAGNOLIJA,,365,"Медицински помагала",,,,,,,,,,,,0,,0,366,367,,,,,,,,,,,,,,,,,,,,,,,,,,,,,,,,,,,,,,,
8315,simple,,"CANPED PEL. MEDIUM X 18",1,0,visible,,,,,taxable,reduced-rate,1,53,,0,0,,,,,1,MAGNOLIJA,,380,"Медицински помагала",,,,,,,,,,,,0,,0,178,179,,,,,,,,,,,,,,,,,,,,,,,,,,,,,,,,,,,,,,,
8316,simple,,"CS ANTI DARK SPOT 50+ 50ml",1,0,visible,,,,,taxable,,0,0,,0,0,,,,,0,,,1480,"Нега и заштита > Заштита од сонце, Нега и заштита > Кожа, Нега и заштита",,,https://lifeline.mk/wp-content/uploads/2021/11/CS-ANTI-DARK-SPOT-50-50ml.jpg,,,,,,,,,0,"Capital Soleil,Vichy",0,129,130,,classic-editor,3d7801ce-0210-4d41-8660-7180516188d7,field_6081ae4f27756,1040,1040,0,0,enable,default,default,0,0,0,0,default,default,default,default,default,0,disable,enable,right,default,default,default,304,,,,,,,,,,60,
8317,simple,,"CAREFREE ALOE sek. vloski /58 - 12070037",1,0,visible,,,,,taxable,,0,0,,0,0,,,,,1,CAREFREE,,198,"Нега и заштита > Сексуално здравје и интимна нега",,,,,,,,,,,,0,,0,165,166,,,,,,,,,,,,,,,,,,,,,,,,,,,,,,,,,,,,,,,
8318,simple,,"VICHY Liftactive Supreme дневна нега за сите типови на кожа со заштитен фактор 30     50ml",1,0,visible,,,,,taxable,,1,,,0,0,,,,,0,,,2485,"Нега и заштита > Заштита од сонце, Нега и заштита > Кожа, Нега и заштита",,,https://lifeline.mk/wp-content/uploads/2021/11/LIFTACTIV-SUPREME-SPF-30-50ml.jpg,,,,,,,,,0,"LiftActiv,Vichy",0,199,200,,classic-editor,773b1db3-79f2-41cf-8227-089cddd95974,field_6081ae4f27756,1586,1586,0,0,enable,default,default,0,0,0,0,default,default,default,default,default,0,disable,enable,right,default,default,default,304,,0,,,,,,0,,,
8319,simple,,"CAREFREE ULTRA NOKNI PLUS/10-12080014",1,0,visible,,,,,taxable,,0,0,,0,0,,,,,1,CAREFREE,,100,"Нега и заштита > Сексуално здравје и интимна нега",,,,,,,,,,,,0,,0,160,161,,,,,,,,,,,,,,,,,,,,,,,,,,,,,,,,,,,,,,,
8320,simple,,"CAREFREE ULTRA SUPER PLUS/10- 12080013",1,0,visible,,,,,taxable,,1,1,,0,0,,,,,1,CAREFREE,,100,"Нега и заштита > Сексуално здравје и интимна нега",,,,,,,,,,,,0,,0,205,206,,,,,,,,,,,,,,,,,,,,,,,,,,,,,,,,,,,,,,,
8321,simple,,"MINERAL 89 50ML + LIFTACTIV FRESH",1,0,visible,,,,,taxable,,0,,,0,0,,,,,0,,,2390,"Нега и заштита > Кожа, Нега и заштита",,,https://lifeline.mk/wp-content/uploads/2021/11/MINERAL-89-50ML-LIFTACTIV-FRESH.jpg,,,,,,,,,0,Vichy,0,185,186,,classic-editor,ac111ed3-9e8c-4362-b7ef-5741a56f8915,field_6081ae4f27756,1685,1685,0,0,enable,default,default,0,0,0,0,default,default,default,default,default,0,disable,enable,right,default,default,default,308,,,,,,,,0,,60,
8322,simple,,"CASA ZA FECES Sterilna",1,0,visible,,,,,taxable,,1,10,,0,0,,,,,1,DISAKO,,20,"Медицински помагала",,,,,,,,,,,,0,,0,216,217,,,,,,,,,,,,,,,,,,,,,,,,,,,,,,,,,,,,,,,
8331,simple,,"CASA ZA URINA STERILNA (ASTR)",1,0,visible,,,,,taxable,,1,17,,0,0,,,,,1,ASTRA,,20,"Медицински помагала",,,,,,,,,,,,0,,0,182,183,,,,,,,,,,,,,,,,,,,,,,,,,,,,,,,,,,,,,,,
8332,simple,,"CEPKALKI BABI SO GRANICNIK SEPTONA",1,0,visible,,,,,taxable,,0,0,,0,0,,,,,1,UVOZ,,80,"Медицински помагала",,,,,,,,,,,,0,,0,201,202,,,,,,,,,,,,,,,,,,,,,,,,,,,,,,,,,,,,,,,
8334,simple,,"CERUSTOP SPRAY 10ML",1,0,visible,,,,,taxable,reduced-rate,0,0,,0,0,,,,,1,UVOZ,,300,"Медицински помагала",,,,,,,,,,,,0,,0,227,228,,,,,,,,,,,,,,,,,,,,,,,,,,,,,,,,,,,,,,,
8335,simple,,"VICHY MINERAL BLEND 03 30ml",1,0,visible,,,,,taxable,,0,,,0,0,,,,,0,,,"1400,424","Нега и заштита > Кожа, Нега и заштита",,,https://lifeline.mk/wp-content/uploads/2021/11/VICHY-MINERAL-BLEND-03-30ml.jpg,,,,,,,,,0,"Makeup,Vichy",0,86,87,,classic-editor,763b02bc-5852-452f-87ba-e0110e23e896,field_6081ae4f27756,989,989,0,0,enable,default,default,0,0,0,0,default,default,default,default,default,0,disable,enable,right,default,default,default,304,,,,,,,,,,60,
8336,simple,,"CHYMORAL  tbl. x 30",1,0,visible,,,,,taxable,reduced-rate,1,2,,0,0,,,,,1,GALENIKA,,350,"Против болка",,,,,,,,,,,,0,,0,320,321,,,,,,,,,,,,,,,,,,,,,,,,,,,,,,,,,,,,,,,
8337,simple,,"Cicaplast Levres- Балзам за обновување на иритираните и испукани усни",1,0,visible,,"<p>ЗАШТИТЕН ОБНОВУВАЧКИ БАЛСАМ<br />\nОвој обновувачки заштитен балсам го смирува, штити и обновува епидермисот на испукани и иритирани усни и други подрачја, благодарение на формулата со концентрација од 5% смирувачки и обновувачки пантенол, а збогатена со MP-липиди, активни состојки за хидратација, во револуционерна високо филмогена формула, пружа извонредно чувство на удобност и заштита.<br />\nЗа усните и други оштетувања, испукани и иритирани подрачја.<br />\nЗа деца и возрасни.<br />\nНова генерација на заштитна текстура:<br />\nЗаштитна текстура која штити од агресивни влијанија, обновува и смирува.<br />\nИНОВАЦИЈА MP-липиди: Помага во обнова на заштитната бариера на кожата во различни димензии, заедно со [Пантенол 5%] за моментално чувство за олеснување.</p>\n",,,taxable,,0,,,0,0,,,,,0,"<p>UVOZ</p>
",,440,"Нега и заштита > Кожа, Нега и заштита",,,https://lifeline.mk/wp-content/uploads/2021/11/web-frame-3.jpg,,,,,,,,,0,LaRoche-Posay,0,255,256,,classic-editor,,,,,,,,,,,,,,,,,,,,,,,,,,272,,1,,,,,,0,,90,
8339,simple,,"CINKVITAMINSKA MAST 50G",1,0,visible,,,,,taxable,,1,1,,0,0,,,,,1,UVOZ,,210,"Нега и заштита > Кожа",,,,,,,,,,,,0,,0,141,142,,,,,,,,,,,,,,,,,,,,,,,,,,,,,,,,,,,,,,,
8342,simple,,"CITIKOL B sol. 10ml.",1,0,visible,,,,,taxable,reduced-rate,1,1,,0,0,,,,,1,ALKALOID,,430,"Витамини и суплементи > Препарати за око",,,,,,,,,,,,0,,0,437,438,,,,,,,,,,,,,,,,,,,,,,,,,,,,,,,,,,,,,,,
8343,simple,,"VICHY Mineral Micellar Milk for dry skin 400ml",0,0,visible,,,,,taxable,,0,,,0,0,,,,,0,,,965,"Нега и заштита > Кожа, Нега и заштита",,,https://lifeline.mk/wp-content/uploads/2021/11/VICHY-PT-MIC.MILK-DRY-400ml.jpg,,,,,,,,,0,Vichy,0,,,,classic-editor,71879569-41ee-463b-bdc2-0d9157c37feb,field_6081ae4f27756,673,673,0,0,enable,default,default,0,0,0,0,default,default,default,default,default,0,disable,enable,right,default,default,default,,,0,,,,,,0,,,
8344,simple,,"COLG.HERBAL NEPCA(GUMS) pasta za zabi 75 ml.",1,0,visible,,,,,taxable,,0,0,,0,0,,,,,1,COLGATE,,110,"Дентална програма",,,,,,,,,,,,0,,0,214,215,,,,,,,,,,,,,,,,,,,,,,,,,,,,,,,,,,,,,,,
8346,simple,,"COLGATE cetka 360 SO BATERIJA - 22010085",1,0,visible,,,,,taxable,,1,1,,0,0,,,,,0,COLGATE,,885,"Дентална програма",,,https://lifeline.mk/wp-content/uploads/2021/11/COLGATE-cetka-360-SO-BATERIJA-22010085.png,,,,,,,,,0,Colgate,0,108,109,,,,,,,,,,,,,,,,,,,,,,,,,,,,,,,,,,,,,,,
8347,simple,,"COLGATE cetka DETSKA 2-6 god EXTRA SOFT- 22010036",1,0,visible,,,,,taxable,,1,1,,0,0,,,,,0,AWT,,150,"Дентална програма",,,https://lifeline.mk/wp-content/uploads/2021/11/COLGATE-cetka-DETSKA-2-6-god-EXTRA-SOFT-22010036.png,,,,,,,,,0,Colgate,0,166,167,,,,,,,,,,,,,,,,,,,,,,,,,,,,,,,,,,,,,,,
8349,simple,,"COLGATE cetka SMILES 6+ -SOFT- 22010037",1,0,visible,,,,,taxable,,1,2,,0,0,,,,,0,AWT,,150,"Дентална програма",,,https://lifeline.mk/wp-content/uploads/2021/11/COLGATE-cetka-SMILES-6-SOFT-22010037.png,,,,,,,,,0,Colgate,0,216,217,,,,,,,,,,,,,,,,,,,,,,,,,,,,,,,,,,,,,,,
8350,simple,,"COLGATE HERBAL ORIGINAL 75 ML",1,0,visible,,,,,taxable,,backorder,0,,notify,0,,,,,0,"INTEGRAL DOOEL",,90,"Дентална програма",,,https://lifeline.mk/wp-content/uploads/2021/11/herbal-colgate.png,,,,,,,,,0,Colgate,0,291,292,,,,,,,,,,,,,,,,,,,,,,,,,,,,,,,,,,,,,,,
8351,simple,,"COLGATE KONEC za zabi 25m",1,0,visible,,,,,taxable,,1,3,,0,0,,,,,0,COLGATE,,130,"Дентална програма",,,https://lifeline.mk/wp-content/uploads/2021/11/COLGATE-KONEC-za-zabi-25m.png,,,,,,,,,0,Colgate,0,382,383,,,,,,,,,,,,,,,,,,,,,,,,,,,,,,,,,,,,,,,
8352,simple,,"UR-XEMOSE BABY BALSAM PROTIV CESANJE 200ml",1,0,visible,,,,,taxable,,1,1,,notify,0,,,,,0,,,685,"Бебешка програма > Бебешка козметика, Бебешка програма",,,https://lifeline.mk/wp-content/uploads/2021/11/UR-BABY-BALSAM-PROTIV-CESANJE-200ml.jpg,,,,,,,,,0,Uriage,0,254,256,,,f564bd40-328b-4dcb-9c89-2ce673476f50,field_6081ae4f27756,472.3776,472.3776,0,0,enable,default,default,0,0,0,0,default,default,default,default,default,0,disable,enable,right,default,default,default,,,,,,,,,,,,
8353,simple,,"COLGATE pasta 6+ SMILES JUNIOR 50ML-22020087",1,0,visible,,,,,taxable,,1,1,,0,0,,,,,0,AWT,,130,"Дентална програма",,,https://lifeline.mk/wp-content/uploads/2021/11/COLGATE-pasta-6-SMILES-JUNIOR-50ML-22020087.png,,,,,,,,,0,Colgate,0,241,242,,,,,,,,,,,,,,,,,,,,,,,,,,,,,,,,,,,,,,,
8354,simple,,"COLGATE pasta JAGLEN- NATURAL EXTRACTS 75ml",1,0,visible,,,,,taxable,,backorder,0,,notify,0,,,,,0,"АВТ-ИНТЕРНАТИОНАЛ ДООЕЛ СКОПЈЕ - ",,200,"Дентална програма",,,https://lifeline.mk/wp-content/uploads/2021/11/COLGATE-pasta-JAGLEN-NATURAL-EXTRACTS-75ml.png,,,,,,,,,0,Colgate,0,317,318,,,,,,,,,,,,,,,,,,,,,,,,,,,,,,,,,,,,,,,
8355,simple,,"COLGATE pasta MAX WHITE EXPERT COMLETE + cetka SONIC- 22020399",1,0,visible,,,,,taxable,,backorder,0,,notify,0,,,,,0,AWT,,335,"Дентална програма",,,https://lifeline.mk/wp-content/uploads/2021/11/COLGATE-pasta-MAX-WHITE-EXPERT-COMLETE-cetka-SONIC-22020399-2.png,,,,,,,,,0,Colgate,0,241,242,,,,,,,,,,,,,,,,,,,,,,,,,,,,,,,,,,,,,,,
8356,simple,,"COLGATE pasta TRIPLE ACTION 2897/ 50 ml-22020003",1,0,visible,,,,,taxable,,1,2,,notify,0,,,,,0,COLGATE,,70,"Дентална програма",,,https://lifeline.mk/wp-content/uploads/2021/11/COLGATE-pasta-TRIPLE-ACTION-2897-50-ml-22020003.png,,,,,,,,,0,Colgate,0,294,295,,,,,,,,,,,,,,,,,,,,,,,,,,,,,,,,,,,,,,,
8357,simple,,"COLGATE PASTA ZA ZABI PROPOLIS 100 ML",1,0,visible,,,,,taxable,,1,1,,notify,0,,,,,0,COLGATE,,100,"Дентална програма",,,https://lifeline.mk/wp-content/uploads/2021/11/COLGATE-PASTA-ZA-ZABI-PROPOLIS-100-ML.png,,,,,,,,,0,Colgate,0,255,256,,,,,,,,,,,,,,,,,,,,,,,,,,,,,,,,,,,,,,,
8358,simple,,"URI.CU-ZN BEBE sprej 100ml",1,0,visible,,,,,taxable,,1,1,,0,0,,,,,0,,,540,"Бебешка програма > Бебешка козметика, Бебешка програма",,,https://lifeline.mk/wp-content/uploads/2021/11/URI.CU-ZN-BEBE-sprej-100ml.jpg,,,,,,,,,0,Uriage,0,99,100,,,be178aef-2b2e-4a68-b1cd-84cc9e58c96b,field_6081ae4f27756,372.48,372.48,0,0,enable,default,default,0,0,0,0,default,default,default,default,default,0,disable,enable,right,default,default,default,,,,,,,,,,,,
8359,simple,,"COLGATE pasta za zabi SMJLS 3-5 g",1,0,visible,,,,,taxable,,backorder,0,,notify,0,,,,,0,AWT,,100,"Дентална програма",,,https://lifeline.mk/wp-content/uploads/2021/11/COLGATE-pasta-za-zabi-SMJLS-3-5-g.png,,,,,,,,,0,Colgate,0,249,250,,,,,,,,,,,,,,,,,,,,,,,,,,,,,,,,,,,,,,,
8360,simple,,"COLGATE PASTA ZA ZABI WHITENING 100 ML",1,0,visible,,,,,taxable,,1,2,,notify,0,,,,,0,COLGATE,,98,"Дентална програма",,,https://lifeline.mk/wp-content/uploads/2021/11/colgate-pasta-za-zabi-whitening-economy-100ml-014432.png,,,,,,,,,0,Colgate,0,297,298,,,,,,,,,,,,,,,,,,,,,,,,,,,,,,,,,,,,,,,
8361,simple,,"COLGATE PLAX complete care 500ml",1,0,visible,,,,,taxable,,backorder,0,,notify,0,,,,,0,AWT,,"246,29904","Дентална програма",,,https://lifeline.mk/wp-content/uploads/2021/11/COLGATE-PLAX-complete-care-500ml.png,,,,,,,,,0,Colgate,0,273,274,,,,,,,,,,,,,,,,,,,,,,,,,,,,,,,,,,,,,,,
8362,simple,,"COLIEF sol 7 ml",1,0,visible,,,,,taxable,reduced-rate,1,3,,0,0,,,,,1,KEM,,730,"Бебешка програма > Бебешка храна",,,,,,,,,,,,0,,0,218,219,,,,,,,,,,,,,,,,,,,,,,,,,,,,,,,,,,,,,,,
8363,simple,,"CONTRACTUBEX gel 20g",1,0,visible,,,,,taxable,reduced-rate,1,1,,0,0,,,,,1,MERZ,,650,"Нега и заштита > Кожа",,,,,,,,,,,,0,,0,215,216,,,,,,,,,,,,,,,,,,,,,,,,,,,,,,,,,,,,,,,
8364,simple,,"COREGA BIO tbl.x 30",1,0,visible,,,,,taxable,,1,22,,0,0,,,,,1,COREGA,,300,"Дентална програма",,,,,,,,,,,,0,,0,177,178,,,,,,,,,,,,,,,,,,,,,,,,,,,,,,,,,,,,,,,
8365,simple,,"COREGA EXTRA STRONG KREM 40G",1,0,visible,,,,,taxable,,1,2,,0,0,,,,,1,KOZMETIKA,,340,"Дентална програма",,,,,,,,,,,,0,,0,306,307,,,,,,,,,,,,,,,,,,,,,,,,,,,,,,,,,,,,,,,
8366,simple,,"COREGA PARTS tbl.x 30",1,0,visible,,,,,taxable,,0,0,,0,0,,,,,1,COREGA,,300,"Дентална програма",,,,,,,,,,,,0,,0,170,171,,,,,,,,,,,,,,,,,,,,,,,,,,,,,,,,,,,,,,,
8367,simple,,"COSINUS spray",1,0,visible,,,,,taxable,,1,1,,0,0,,,,,1,"RIFAM DOO",,235,"Настинка и грип > Нос",,,,,,,,,,,,0,,0,421,422,,,,,,,,,,,,,,,,,,,,,,,,,,,,,,,,,,,,,,,
8368,simple,,"COSINUS tblx30",1,0,visible,,,,,taxable,reduced-rate,1,1,,0,0,,,,,1,"RIFAM DOO",,240,"Настинка и грип > Нос",,,,,,,,,,,,0,,0,179,180,,,,,,,,,,,,,,,,,,,,,,,,,,,,,,,,,,,,,,,
8369,simple,,"COUNTERPAIN CREM 100GR.",1,0,visible,,,,,taxable,reduced-rate,0,0,,0,0,,,,,0,BAYER,,550,"Против болка",,,,,,,,,,,,0,,0,476,477,,,,,,,,,,,,,,,,,,,,,,,,,,,,,,,,,,,,,,,
8370,simple,,"CRYSTAL VISION lubrikant 10ml",1,0,visible,,,,,taxable,reduced-rate,1,2,,0,0,,,,,1,PHARMAS,,200,"Витамини и суплементи > Препарати за око",,,,,,,,,,,,0,,0,256,257,,,,,,,,,,,,,,,,,,,,,,,,,,,,,,,,,,,,,,,
8371,simple,,"CURAPROX 1560 soft cetka za zabi",1,0,visible,,,,,taxable,,1,2,,0,0,,,,,0,"CURADEN HEALTH CARE",,300,"Дентална програма, Дентална програма > Четки за возрасни",,,https://lifeline.mk/wp-content/uploads/2021/11/1560.jpg,,,,,id:8372,"id:8373, id:8374, id:8375, id:8376",,,0,Curaprox,0,587,588,,,,,,,,,,,,,,,,,,,,,,,,,,,,,,,,,,,,,,,
8372,simple,,"CURAPROX 1560/3 pack soft cetki za zabi",1,0,visible,,,,,taxable,,1,2,,0,0,,,,,0,"CURADEN HEALTH CARE",,730,"Дентална програма, Дентална програма > СЕТ од дентални производи, Дентална програма > Четки за возрасни",,,https://lifeline.mk/wp-content/uploads/2021/11/1560-3.jpg,,,,,id:8371,"id:8373, id:8374, id:8375, id:8376",,,0,Curaprox,0,339,340,,,,,,,,,,,,,,,,,,,,,,,,,,,,,,,,,,,,,,,
8373,simple,,"CURAPROX 3960 super soft cetka za zabi",1,0,visible,,,,,taxable,,1,3,,0,0,,,,,0,"CURADEN HEALTH CARE",,300,"Дентална програма, Дентална програма > Четки за возрасни",,,https://lifeline.mk/wp-content/uploads/2021/11/3960.jpg,,,,,id:8374,"id:8371, id:8372, id:8375, id:8376",,,0,Curaprox,0,389,390,,,,,,,,,,,,,,,,,,,,,,,,,,,,,,,,,,,,0,,60,
8374,simple,,"CURAPROX 3960/3 pack super soft cetki za zabi",1,0,visible,,,,,taxable,,1,3,,0,0,,,,,0,"CURADEN HEALTH CARE",,730,"Дентална програма, Дентална програма > СЕТ од дентални производи, Дентална програма > Четки за возрасни",,,https://lifeline.mk/wp-content/uploads/2021/11/3960-3.jpg,,,,,id:8373,"id:8371, id:8372, id:8375, id:8376",,,0,Curaprox,0,427,428,,,,,,,,,,,,,,,,,,,,,,,,,,,,,,,,,,,,,,,
8375,simple,,"CURAPROX 5460 ultra soft cetka za zabi",1,0,visible,,,,,taxable,,1,3,,0,0,,,,,0,"CURADEN HEALTH CARE",,300,"Дентална програма, Дентална програма > Четки за возрасни",,,https://lifeline.mk/wp-content/uploads/2021/11/5460-1.jpg,,,,,id:8376,,,,0,Curaprox,0,475,476,,,,,,,,,,,,,,,,,,,,,,,,,,,,,,,,,,,,,,,
8376,simple,,"CURAPROX 5460/3 pack ultra soft cetki za zabi",1,0,visible,,,,,taxable,,1,3,,0,0,,,,,0,"CURADEN HEALTH CARE",,730,"Дентална програма, Дентална програма > СЕТ од дентални производи, Дентална програма > Четки за возрасни",,,https://lifeline.mk/wp-content/uploads/2021/11/5460-3.jpg,,,,,id:8375,,,,0,Curaprox,0,353,354,,,,,,,,,,,,,,,,,,,,,,,,,,,,,,,,,,,,,,,
8395,simple,,"CURAPROX 5460-ORTHO cetka za zabi",1,0,visible,,,,,taxable,,1,2,,0,0,,,,,0,JORDAN,,300,"Дентална програма, Дентална програма > Четки за возрасни",,,https://lifeline.mk/wp-content/uploads/2021/11/cs-5460-ortho.jpg,,,,,,,,,0,Curaprox,0,218,219,,,,,,,,,,,,,,,,,,,,,,,,,,,,,,,,,,,,,,,
8396,simple,,"CURAPROX BLACK IS WHITE SET PASTA +CETKA CS5460",1,1,visible,,,,,taxable,,1,3,,0,0,,,,,0,"ТАМИДЕНТАЛ ДОО-СКОПЈЕ - ",,1500,"Дентална програма, Дентална програма > СЕТ од дентални производи",,,https://lifeline.mk/wp-content/uploads/2021/11/blackiswhite.jpg,,,,,,,,,0,Curaprox,0,203,204,,,,,,,,,,,,,,,,,,,,,,,,,,,,,,,,,,,,,,,
8398,simple,,"CURAPROX CTC 203- cistach na jazik",1,0,visible,,,,,taxable,,1,1,,0,0,,,,,0,"<p>ТАМИДЕНТАЛ ДОО-СКОПЈЕ - </p>
",,340,"Дентална програма, Дентална програма > Останати производи за дентална хигиена",,,https://lifeline.mk/wp-content/uploads/2021/11/tongue-cleaner.jpg,,,,,id:8399,,,,0,Curaprox,0,175,176,,,,,,,,,,,,,,,,,,,,,,,,,,,,,,,,,,,,,,,
8399,simple,,"CURAPROX DF 834 konec 50m",1,0,visible,,,,,taxable,,0,0,,0,0,,,,,0,"ТАМИДЕНТАЛ ДОО-СКОПЈЕ - ",,300,"Дентална програма, Дентална програма > Останати производи за дентална хигиена",,,https://lifeline.mk/wp-content/uploads/2021/11/df-834-1.jpg,,,,,id:8398,,,,0,Curaprox,0,175,176,,,,,,,,,,,,,,,,,,,,,,,,,,,,,,,,,,,,,,,
8400,simple,,"CURAPROX SMART-ULTRA SOFT CETKA",1,0,visible,,,,,taxable,,1,1,,0,0,,,,,0,"CURADEN HEALTH CARE",,300,"Дентална програма, Дентална програма > Четки за возрасни",,,https://lifeline.mk/wp-content/uploads/2021/11/ultra-soft-smart.jpg,,,,,,,,,0,Curaprox,0,222,223,,,,,,,,,,,,,,,,,,,,,,,,,,,,,,,,,,,,,,,
8401,simple,,"DAIPERS 16+kg peleni /40",1,0,visible,,,,,taxable,reduced-rate,0,0,,0,0,,,,,1,"МАКО МАРКЕТ ДОО - СКОПЈЕ",,520,"Бебешка програма > Бебешки марамици и пелени",,,,,,,,,,,,0,,0,177,178,,,,,,,,,,,,,,,,,,,,,,,,,,,,,,,,,,,,,,,
8402,simple,,"DAIPERS 4-10 kg peleni /56",1,0,visible,,,,,taxable,reduced-rate,0,0,,0,0,,,,,1,DAIPERS,,520,"Бебешка програма > Бебешки марамици и пелени",,,,,,,,,,,,0,,0,323,324,,,,,,,,,,,,,,,,,,,,,,,,,,,,,,,,,,,,,,,
8403,simple,,"DAIPERS 7-18 kg peleni /50",1,0,visible,,,,,taxable,reduced-rate,0,0,,0,0,,,,,1,DAIPERS,,520,"Бебешка програма > Бебешки марамици и пелени",,,,,,,,,,,,0,,0,234,235,,,,,,,,,,,,,,,,,,,,,,,,,,,,,,,,,,,,,,,
8412,simple,,"DALERON 120/5 SIR.",1,0,visible,,,,,taxable,reduced-rate,0,0,,0,0,,,,,1,"KRKA OTC",,0,"Настинка и грип",,,,,,,,,,,,0,,0,173,174,,,,,,,,,,,,,,,,,,,,,,,,,,,,,,,,,,,,,,,
8413,simple,,"BD FOTODERM KID SPF50 + SPRAY",1,0,visible,,,,,taxable,,0,0,,0,0,,,,,0,,,1500,"Бебешка програма > Бебешка козметика, Бебешка програма, Нега и заштита > Заштита од сонце, Нега и заштита",,,https://lifeline.mk/wp-content/uploads/2021/11/BD-FOTODERM-KID-SPF-50SPRAY.jpg,,,,,,,,,0,"Bioderma,Photoderm",0,233,234,,classic-editor,99d30a13-cde6-4c8b-8b5a-88eaa629c256,field_6081ae4f27756,1042,1042,0,0,enable,default,default,0,0,0,0,default,default,default,default,default,0,disable,enable,right,default,default,default,299,,,,,,,,,,60,
8414,simple,,"DANAI BADEM krema 200 ml +PAVLODERM",1,0,visible,,,,,taxable,,0,0,,0,0,,,,,1,"BONES FARM",,100,"Бебешка програма > Бебешка козметика",,,,,,,,,,,,0,,0,76,77,,,,,,,,,,,,,,,,,,,,,,,,,,,,,,,,,,,,,,,
8416,simple,,"DEFENDYL SIR. 120 ML",1,0,visible,,,,,taxable,,1,2,,0,0,,,,,0,UVOZ,,890,"Витамини и суплементи > Имунитет",,,https://lifeline.mk/wp-content/uploads/2021/11/DEFENDYL-SIR.-120-ML-.png,,,,,,,,,0,Medis,0,340,341,,,,,,,,,,,,,,,,,,,,,,,,,,,,,,,,,,,,,,,
8418,simple,,"DENTIPUR tbl REFIL",1,0,visible,,,,,taxable,,0,0,,0,0,,,,,1,DENTIPUR,,210,"Дентална програма",,,,,,,,,,,,0,,0,150,151,,,,,,,,,,,,,,,,,,,,,,,,,,,,,,,,,,,,,,,
8419,simple,,"BIODERMA ATODERM SOS SPREJ 50ml",1,0,visible,,,,,taxable,,1,,,0,0,,,,,0,,,700,"Нега и заштита > Кожа, Нега и заштита",,,https://lifeline.mk/wp-content/uploads/2021/11/BIODERMA-ATODERM-SOS-SPREJ-50ml.jpg,,,,,,,,,0,"Atoderm,Bioderma",0,337,338,,classic-editor,149efb35-58eb-4bef-b68a-a9e0cac63e6e,field_6081ae4f27756,416.1,416.1,0,0,enable,default,default,0,0,0,0,default,default,default,default,default,0,disable,enable,right,default,default,default,299,,,,,,,,,,60,
8420,simple,,"DERMOGAL losion za lice 120 ml",1,0,visible,,,,,taxable,,1,1,,0,0,,,,,1,GALAFARM,,180,"Нега и заштита > Кожа",,,,,,,,,,,,0,,0,224,225,,,,,,,,,,,,,,,,,,,,,,,,,,,,,,,,,,,,,,,
8422,simple,,"DESDERMAN gel za dezinfekcija 100 ml",1,0,visible,,,,,taxable,reduced-rate,1,2,,0,0,,,,,1,UVOZ,,230,"Нега и заштита > Средства за дезинфекција",,,,,,,,,,,,0,,0,170,171,,,,,,,,,,,,,,,,,,,,,,,,,,,,,,,,,,,,,,,
8423,simple,,"DESDERMAN PURE 100ml",1,0,visible,,,,,taxable,reduced-rate,0,0,,0,0,,,,,1,UVOZ,,200,"Нега и заштита > Средства за дезинфекција",,,,,,,,,,,,0,,0,163,164,,,,,,,,,,,,,,,,,,,,,,,,,,,,,,,,,,,,,,,
8425,simple,,"DETSKA VIT.KREMA-PAVLOV.100ml",1,0,visible,,,,,taxable,,1,4,,0,0,,,,,1,GALAFARM,,100,"Бебешка програма > Бебешка козметика",,,,,,,,,,,,0,,0,166,167,,,,,,,,,,,,,,,,,,,,,,,,,,,,,,,,,,,,,,,
8426,simple,,"DETSKA VIT.KREMA-PAVLOV.250ml",1,0,visible,,,,,taxable,,1,2,,0,0,,,,,1,GALAFARM,,180,"Бебешка програма > Бебешка козметика",,,,,,,,,,,,0,,0,150,151,,,,,,,,,,,,,,,,,,,,,,,,,,,,,,,,,,,,,,,
8428,simple,,"DEZINTAL RAZREDEN R-R 0.2%  950 ml",1,0,visible,,,,,taxable,reduced-rate,1,2,,0,0,,,,,1,ALKALOID,,80,"Нега и заштита > Средства за дезинфекција",,,,,,,,,,,,0,,0,165,166,,,,,,,,,,,,,,,,,,,,,,,,,,,,,,,,,,,,,,,
8436,simple,,"DIABIL CAPS. BIONIKA",1,0,visible,,,,,taxable,reduced-rate,1,1,,0,0,,,,,0,"BIONIKA OTC",,380,"Витамини и суплементи > Дијабетес",,,,,,,,,,,,0,Bionika,0,257,258,,,,,,,,,,,,,,,,,,,,,,,,,,,,,,,,,,,,,,,
8437,simple,,"ANTH LOTION SPF30+ ECOTUB 250ML",1,0,visible,,,,,taxable,,0,0,,0,0,,,,,0,,,1320,"Нега и заштита > Заштита од сонце, Нега и заштита > Кожа, Нега и заштита",,,https://lifeline.mk/wp-content/uploads/2021/11/ANTH-LOTION-SPF30-ECOTUB-250ML.jpg,,,,,,,,,0,"Anthelios,LaRoche-Posay",0,205,206,,classic-editor,ad684e35-5b6f-4a52-bc30-f7af596d8fff,field_6081ae4f27756,890,890,0,0,enable,default,default,0,0,0,0,default,default,default,default,default,0,disable,enable,right,default,default,default,306,,,,,,,,,,60,
8438,simple,,"DIASTOP PROBIO CPS X 10",1,0,visible,,,,,taxable,reduced-rate,1,1,,0,0,,,,,1,"ALKALOID OTC",,210,"Витамини и суплементи > Дигестивен тракт и пробиотици",,,,,,,,,,,,0,,0,301,302,,,,,,,,,,,,,,,,,,,,,,,,,,,,,,,,,,,,,,,
8439,simple,,"DIAVRON TABL. X 30",1,0,visible,,,,,taxable,reduced-rate,1,2,,0,0,,,,,1,"FORTEX KIBERG",,580,"Витамини и суплементи > Дијабетес",,,,,,,,,,,,0,,0,250,253,,,,,,,,,,,,,,,,,,,,,,,,,,,,,,,,,,,,,,,
8440,simple,0,"ANTH LOTION SPF50+ ECOTUBE 250ML",0,0,visible,,,,,taxable,,0,,,0,0,,,,,0,,,1360,"Нега и заштита > Заштита од сонце, Нега и заштита > Кожа, Нега и заштита",,,https://lifeline.mk/wp-content/uploads/2021/11/ANTH-LOTION-SPF50-ECOTUBE-250ML.jpg,,,,,,,,,0,"Anthelios,LaRoche-Posay",0,0,1,,classic-editor,35018c0d-4400-48fe-8050-ab84c8df1d59,field_6081ae4f27756,920,920,0,0,enable,default,default,0,0,0,0,default,default,default,default,default,0,disable,enable,right,default,default,default,306,,0,,,,,,0,,,
8441,simple,,"DIET.FEROHEL RASTVOR",1,0,visible,,,,,taxable,reduced-rate,1,1,,0,0,,,,,0,DIETPHARM/FIDIFARM,,450,"Витамини и суплементи > Анемија",,,https://lifeline.mk/wp-content/uploads/2021/11/DIET.FEROHEL-RASTVOR.png,,,,,,,,,0,DietPharm,0,249,250,,,,,,,,,,,,,,,,,,,,,,,,,,,,,,,,,,,,,,,
8442,simple,,"DIET.GINKO OMEGA+B-compleks cps.x 30",1,0,visible,,,,,taxable,reduced-rate,1,1,,0,0,,,,,0,VICISKI,,"411,196968","Витамини и суплементи > Заштита на нервниот систем",,,https://lifeline.mk/wp-content/uploads/2021/11/DIET.GINKO-OMEGAB-compleks-cps.x-30.png,,,,,,,,,0,DietPharm,0,260,261,,,,,,,,,,,,,,,,,,,,,,,,,,,,,,,,,,,,,,,
8448,simple,,"DIET.IMMUNO SHARK cps.x 30",1,0,visible,,,,,taxable,reduced-rate,1,1,,0,0,,,,,0,VICISKI,,"281,106","Витамини и суплементи > Имунитет",,,https://lifeline.mk/wp-content/uploads/2021/11/DIET.IMMUNO-SHARK-cps.x-30.png,,,,,,,,,0,DietPharm,0,226,227,,,,,,,,,,,,,,,,,,,,,,,,,,,,,,,,,,,,,,,
8449,simple,,"DIET.JABOLKOV OCET cps.x 60",1,0,visible,,,,,taxable,reduced-rate,1,1,,0,0,,,,,0,VICISKI,,450,"Витамини и суплементи > Дигестивен тракт и пробиотици",,,https://lifeline.mk/wp-content/uploads/2021/11/DIET.JABOLKOV-OCET-cps.x-60.png,,,,,,,,,0,DietPharm,0,330,329,,,,,,,,,,,,,,,,,,,,,,,,,,,,,,,,,,,,,,,
8450,simple,,"DIET.MAGNEZIUM NOK cps.x20+10 gratis",1,0,visible,,,,,taxable,reduced-rate,0,0,,0,0,,,,,0,DIETPHARM/FIDIFARM,,420,"Витамини и суплементи > Заштита на нервниот систем",,,https://lifeline.mk/wp-content/uploads/2021/11/DIET.MAGNEZIUM-NOK-cps.x2010-gratis.png,,,,,,,,,0,DietPharm,0,202,203,,,,,,,,,,,,,,,,,,,,,,,,,,,,,,,,,,,,,,,
8451,simple,,"DIET.MAKULIN cps x 30",1,0,visible,,,,,taxable,reduced-rate,1,1,,0,0,,,,,0,DIETPHARM/FIDIFARM,,495,"Витамини и суплементи > Препарати за око",,,https://lifeline.mk/wp-content/uploads/2021/11/DIET.MAKULIN-cps-x-30.png,,,,,,,,,0,DietPharm,0,198,199,,,,,,,,,,,,,,,,,,,,,,,,,,,,,,,,,,,,,,,
8452,simple,,"DIET.MAKULIN PLUS tbl.x 30",1,0,visible,,,,,taxable,reduced-rate,1,1,,0,0,,,,,0,VICISKI,,710,"Витамини и суплементи > Препарати за око",,,https://lifeline.mk/wp-content/uploads/2021/11/DIET.MAKULIN-PLUS-tbl.x-30.png,,,,,,,,,0,DietPharm,0,272,273,,,,,,,,,,,,,,,,,,,,,,,,,,,,,,,,,,,,,,,
8453,simple,,"DIET.REHIDROMIKS MALINA x 5",1,0,visible,,,,,taxable,reduced-rate,0,0,,0,0,,,,,0,GALEV,,285,"Витамини и суплементи > Дигестивен тракт и пробиотици",,,https://lifeline.mk/wp-content/uploads/2021/11/DIET.REHIDROMIKS-MALINA-x-5.png,,,,,,,,,0,DietPharm,0,216,217,,,,,,,,,,,,,,,,,,,,,,,,,,,,,,,,,,,,,,,
8454,simple,,"DISCREET DEO IRRESISTIBLE (CRNI)sek.vloski/20-102141",1,0,visible,,,,,taxable,,1,4,,0,0,,,,,1,"NELT ST-PAMPERS",,80,"Нега и заштита > Сексуално здравје и интимна нега",,,,,,,,,,,,0,,0,162,163,,,,,,,,,,,,,,,,,,,,,,,,,,,,,,,,,,,,,,,
8455,simple,,"DISCREET DEO WATERLILY X20 vloski",1,0,visible,,,,,taxable,,1,1,,0,0,,,,,1,KOZMETIKA,,80,"Нега и заштита > Сексуално здравје и интимна нега",,,,,,,,,,,,0,,0,194,195,,,,,,,,,,,,,,,,,,,,,,,,,,,,,,,,,,,,,,,
8456,simple,,"DISCREET IRRESISTIBLE vloski/60 - 102152",1,0,visible,,,,,taxable,,1,2,,0,0,,,,,1,"NELT ST-PAMPERS",,190,"Нега и заштита > Сексуално здравје и интимна нега",,,,,,,,,,,,0,,0,171,172,,,,,,,,,,,,,,,,,,,,,,,,,,,,,,,,,,,,,,,
8457,simple,,"DISCREET NORMAL (rozevi) sek.vloski-102126",1,0,visible,,,,,taxable,,1,1,,0,0,,,,,1,ALWAUS,,80,"Нега и заштита > Сексуално здравје и интимна нега",,,,,,,,,,,,0,,0,152,153,,,,,,,,,,,,,,,,,,,,,,,,,,,,,,,,,,,,,,,
8458,simple,,"DISCREET NORMAL PLUS vloski/60 -102153",1,0,visible,,,,,taxable,,1,2,,0,0,,,,,1,"NELT ST-PAMPERS",,190,"Нега и заштита > Сексуално здравје и интимна нега",,,,,,,,,,,,0,,0,153,154,,,,,,,,,,,,,,,,,,,,,,,,,,,,,,,,,,,,,,,
8468,simple,,"DISCREET SPRING BREEZE vloski /20-102121",1,0,visible,,,,,taxable,,1,1,,0,0,,,,,1,"NELT ST-PAMPERS",,80,"Нега и заштита > Сексуално здравје и интимна нега",,,,,,,,,,,,0,,0,163,164,,,,,,,,,,,,,,,,,,,,,,,,,,,,,,,,,,,,,,,
8469,simple,,"DISCREET SPRING BREEZE vloski/60 -102154",1,0,visible,,,,,taxable,,1,3,,0,0,,,,,1,"NELT ST-PAMPERS",,190,"Нега и заштита > Сексуално здравје и интимна нега",,,,,,,,,,,,0,,0,177,178,,,,,,,,,,,,,,,,,,,,,,,,,,,,,,,,,,,,,,,
8470,simple,,"DISCREET WATERLILY vloski /20-102129",1,0,visible,,,,,taxable,,0,0,,0,0,,,,,1,"NELT ST-PAMPERS",,80,"Нега и заштита > Сексуално здравје и интимна нега",,,,,,,,,,,,0,,0,173,174,,,,,,,,,,,,,,,,,,,,,,,,,,,,,,,,,,,,,,,
8471,simple,,"DISCREET WATERLILY vloski/60 -102156",1,0,visible,,,,,taxable,,1,1,,0,0,,,,,1,"NELT ST-PAMPERS",,190,"Нега и заштита > Сексуално здравје и интимна нега",,,,,,,,,,,,0,,0,170,171,,,,,,,,,,,,,,,,,,,,,,,,,,,,,,,,,,,,,,,
8472,simple,,"D-MANNURO brusnica kesi x13",1,0,visible,,,,,taxable,reduced-rate,0,0,,0,0,,,,,1,PHARMAMED,,1100,"Витамини и суплементи > Уринарен систем",,,,,,,,,,,,0,,0,193,194,,,,,,,,,,,,,,,,,,,,,,,,,,,,,,,,,,,,,,,
8473,simple,,"DOC ALOE VERA limon 250ml/L",1,0,visible,,,,,taxable,,1,1,,0,0,,,,,0,"HELTIKA FARM ",,670,"Витамини и суплементи > Дигестивен тракт и пробиотици",,,https://lifeline.mk/wp-content/uploads/2021/11/aloe.jpg,,,,,,,,,0,Doc,0,215,216,,,,,,,,,,,,,,,,,,,,,,,,,,,,,,,,,,,,,,,
8474,simple,,"DOC COENZIM Q10 x30tbl",1,0,visible,,,,,taxable,reduced-rate,1,1,,0,0,,,,,0,"HELTIKA FARM ",,500,"Витамини и суплементи > Заштита на срце и крвни садови",,,https://lifeline.mk/wp-content/uploads/2021/11/q10.jpg,,,,,,,,,0,Doc,0,179,180,,,,,,,,,,,,,,,,,,,,,,,,,,,,,,,,,,,,,,,
8475,simple,,"DOC COLAGEN 250ml oral sol.",1,0,visible,,,,,taxable,,1,1,,0,0,,,,,0,"HELTIKA FARM ",,1250,"Витамини и суплементи > Коски\, зглобови и мускули",,,https://lifeline.mk/wp-content/uploads/2021/11/collagen.jpg,,,,,,,,,0,Doc,0,521,522,,,,,,,,,,,,,,,,,,,,,,,,,,,,,,,,,,,,,,,
8476,simple,,"DOC COLAGEN 250ml set 1+1 PROMO",1,0,visible,,,,,taxable,,1,1,,0,0,,,,,0,"HELTIKA FARM ",,2080,"Витамини и суплементи > Коски\, зглобови и мускули",,,,,,,,,,,,0,Doc,0,212,213,,,,,,,,,,,,,,,,,,,,,,,,,,,,,,,,,,,,,,,
8477,simple,,"DOC HAIR x 30tbl",1,0,visible,,,,,taxable,reduced-rate,1,1,,0,0,,,,,0,"HELTIKA FARM ",,630,"Витамини и суплементи > Витамини и суплементи за коса",,,https://lifeline.mk/wp-content/uploads/2021/11/hair.jpg,,,,,,,,,0,Doc,0,159,160,,,,,,,,,,,,,,,,,,,,,,,,,,,,,,,,,,,,,,,
8478,simple,,"DOC HYALURONIC 50ml oral sol.",1,0,visible,,,,,taxable,,1,1,,0,0,,,,,0,"HELTIKA FARM ",,1232,"Витамини и суплементи > Коски\, зглобови и мускули",,,https://lifeline.mk/wp-content/uploads/2021/11/hyaluronic.jpg,,,,,,,,,0,Doc,0,196,197,,,,,,,,,,,,,,,,,,,,,,,,,,,,,,,,,,,,,,,
8479,simple,,"DOC HYALURONIC 50ml SET 1+1 PROMO",1,0,visible,,,,,taxable,,1,1,,0,0,,,,,0,"HELTIKA FARM ",,2080,"Витамини и суплементи > Коски\, зглобови и мускули",,,,,,,,,,,,0,Doc,0,179,180,,,,,,,,,,,,,,,,,,,,,,,,,,,,,,,,,,,,,,,
8480,simple,,"DOC MAGNESIUM 300mg x 60tbl",1,0,visible,,,,,taxable,reduced-rate,1,2,,0,0,,,,,0,"HELTIKA FARM ",,300,"Витамини и суплементи > Заштита на нервниот систем",,,https://lifeline.mk/wp-content/uploads/2021/11/magnesium.jpg,,,,,,,,,0,Doc,0,245,246,,,,,,,,,,,,,,,,,,,,,,,,,,,,,,,,,,,,,,,
8481,simple,,"DOC MASTIC 175mg x60mg",1,0,visible,,,,,taxable,reduced-rate,1,1,,0,0,,,,,0,"HELTIKA FARM ",,770,"Витамини и суплементи > Дигестивен тракт и пробиотици",,,https://lifeline.mk/wp-content/uploads/2021/11/mastic.jpg,,,,,,,,,0,Doc,0,219,220,,,,,,,,,,,,,,,,,,,,,,,,,,,,,,,,,,,,,,,
8482,simple,,"DOC MULTIVITAMIN MAN 30tbl",1,0,visible,,,,,taxable,reduced-rate,0,0,,0,0,,,,,0,"HELTIKA FARM ",,290,"Витамини и суплементи",,,https://lifeline.mk/wp-content/uploads/2021/11/man.jpg,,,,,,,,,0,Doc,0,142,143,,,,,,,,,,,,,,,,,,,,,,,,,,,,,,,,,,,,,,,
8483,simple,,"DOC MULTIVITAMIN WOMEN 30tbl",1,0,visible,,,,,taxable,reduced-rate,1,1,,0,0,,,,,0,"HELTIKA FARM ",,270,"Витамини и суплементи",,,https://lifeline.mk/wp-content/uploads/2021/11/woman.jpg,,,,,,,,,0,Doc,0,194,195,,,,,,,,,,,,,,,,,,,,,,,,,,,,,,,,,,,,,,,
8484,simple,,"DOC NADURAL sir.adulti 200ml",1,0,visible,,,,,taxable,reduced-rate,1,1,,0,0,,,,,0,"HELTIKA FARM ",,310,"Настинка и грип",,,https://lifeline.mk/wp-content/uploads/2021/11/adults.jpg,,,,,,,,,0,Doc,0,194,195,,,,,,,,,,,,,,,,,,,,,,,,,,,,,,,,,,,,,,,
8485,simple,,"DOC NATURAL  sirup kids 200ml",1,0,visible,,,,,taxable,reduced-rate,1,1,,0,0,,,,,0,"HELTIKA FARM ",,280,"Настинка и грип",,,https://lifeline.mk/wp-content/uploads/2021/11/natural.jpg,,,,,,,,,0,Doc,0,196,197,,,,,,,,,,,,,,,,,,,,,,,,,,,,,,,,,,,,,,,
8486,simple,,"DOC VIT. C 500mg x 30tbl",1,0,visible,,,,,taxable,reduced-rate,1,5,,0,0,,,,,0,"HELTIKA FARM ",,250,"Витамини и суплементи, Витамини и суплементи > Имунитет, Настинка и грип",,,https://lifeline.mk/wp-content/uploads/2021/11/viber_image_2021-09-01_11-35-37-000.jpg,,,,,,,,,0,Doc,0,168,169,,,,,,,,,,,,,,,,,,,,,,,,,,,,,,,,,,,,,,,
8487,simple,,"DOC VITAMIN B-COMPLEX 30tbl.",1,0,visible,,,,,taxable,reduced-rate,1,1,,0,0,,,,,0,"HELTIKA FARM ",,250,"Витамини и суплементи > Заштита на нервниот систем",,,https://lifeline.mk/wp-content/uploads/2021/11/b-complex.jpg,,,,,,,,,0,Doc,0,298,299,,,,,,,,,,,,,,,,,,,,,,,,,,,,,,,,,,,,,,,
8488,simple,,"DOC.M-SAMPON za voski 75 ml",1,0,visible,,,,,taxable,,1,1,,0,0,,,,,0,DOCTOR\'S,,150,"Нега и заштита > Коса",,,,,,,,,,,,0,,0,241,242,,,,,,,,,,,,,,,,,,,,,,,,,,,,,,,,,,,,,,,
8489,simple,,"DOCTORS ANTISTRI BALZAM 200ML",1,0,visible,,,,,taxable,,0,0,,0,0,,,,,1,DOCTOR\'S,,280,"Нега и заштита > Кожа",,,,,,,,,,,,0,,0,146,147,,,,,,,,,,,,,,,,,,,,,,,,,,,,,,,,,,,,,,,
8490,simple,,"DOCTOR'S dzeben inhalator",1,0,visible,,,,,taxable,,1,4,,0,0,,,,,1,DOCTOR\'S,,70,"Настинка и грип > Нос",,,,,,,,,,,,0,,0,392,393,,,,,,,,,,,,,,,,,,,,,,,,,,,,,,,,,,,,,,,
8491,simple,,"DOCTOR'S FE x 4 tamponi za usi silikonski",1,0,visible,,,,,taxable,,0,0,,0,0,,,,,1,FE,,330,"Медицински помагала",,,,,,,,,,,,0,,0,201,202,,,,,,,,,,,,,,,,,,,,,,,,,,,,,,,,,,,,,,,
8492,simple,,"DOCTORS MASKA ZA VOZRASNI",1,0,visible,,,,,taxable,,0,0,,0,0,,,,,1,DOCTOR\'S,,530,"Медицински помагала",,,,,,,,,,,,0,,0,177,178,,,,,,,,,,,,,,,,,,,,,,,,,,,,,,,,,,,,,,,
8493,simple,,"DOCTOR'S M-SPRAY za voski 100 ml",1,0,visible,,,,,taxable,,1,1,,0,0,,,,,1,DOCTOR\'S,,390,"Нега и заштита > Коса",,,,,,,,,,,,0,,0,261,262,,,,,,,,,,,,,,,,,,,,,,,,,,,,,,,,,,,,,,,
8494,simple,,"DOCTOR'S sapun ANTIDANDRUF-SULFUR",1,0,visible,,,,,taxable,,1,2,,0,0,,,,,1,DOCTOR\'S,,95,"Нега и заштита > Коса",,,,,,,,,,,,0,,0,257,258,,,,,,,,,,,,,,,,,,,,,,,,,,,,,,,,,,,,,,,
8495,simple,,"DOCTOR'S sapun ANTIEGZEMA-KATRAN",1,0,visible,,,,,taxable,,1,1,,0,0,,,,,1,DOCTOR\'S,,100,"Нега и заштита > Кожа",,,,,,,,,,,,0,,0,196,197,,,,,,,,,,,,,,,,,,,,,,,,,,,,,,,,,,,,,,,
8496,simple,,"DOCTOR'S sapun ANTIINFECTION-EUKALIPTUS",1,0,visible,,,,,taxable,,1,2,,0,0,,,,,1,DOCTOR\'S,,95,"Нега и заштита > Кожа",,,,,,,,,,,,0,,0,176,177,,,,,,,,,,,,,,,,,,,,,,,,,,,,,,,,,,,,,,,
8497,simple,,"DOCTORS SAPUN MEDICINE",1,0,visible,,,,,taxable,,0,0,,0,0,,,,,1,DOCTOR\'S,,"80,35","Нега и заштита > Кожа",,,,,,,,,,,,0,,0,265,266,,,,,,,,,,,,,,,,,,,,,,,,,,,,,,,,,,,,,,,
8511,simple,,"DOCTOR'S tamponi penesti za ushi x 2",1,0,visible,,,,,taxable,,1,1,,0,0,,,,,1,"BUSINESS HOUSE",,330,"Медицински помагала",,,,,,,,,,,,0,,0,216,217,,,,,,,,,,,,,,,,,,,,,,,,,,,,,,,,,,,,,,,
8512,simple,,"DR. PLANT TIMJAN prasok za noze 100g",1,0,visible,,,,,taxable,,1,1,,0,0,,,,,1,ESSENSA,,240,"Нега и заштита > Кожа",,,,,,,,,,,,0,,0,405,406,,,,,,,,,,,,,,,,,,,,,,,,,,,,,,,,,,,,,,,
8513,simple,,"DR.HAUSCHKA maska za revitalizacija 30ml",1,0,visible,,,,,taxable,,1,,,0,0,,,,,0,"<p>DR.HAUSCHKA</p>
",,1700,"Нега и заштита > Кожа, Нега и заштита",,,https://lifeline.mk/wp-content/uploads/2021/11/web-frame-2.jpg,,,,,,,,,0,"Dr. Hauschka",0,176,177,,,,,,,,,,,,,,,,,,,,,,,,,,,,,,,,,,,,,,,
8514,simple,,"DR.LEO D3+DHA OMEGA cps.30x100mg",1,0,visible,,,,,taxable,reduced-rate,1,1,,0,0,,,,,0,GEOPROM,,440,"Бебешка програма > Бебешка храна",,,https://lifeline.mk/wp-content/uploads/2021/11/DR.LEO-D3DHA-OMEGA-cps.30x100mg.png,,,,,,,,,0,"Dr. Leo",0,211,212,,,,,,,,,,,,,,,,,,,,,,,,,,,,,,,,,,,,,,,
8515,simple,,"dr.t. intact bomboni malina",1,0,visible,,,,,taxable,reduced-rate,0,0,,0,0,,,,,0,NATUSANA,,35,"Настинка и грип > Грло",,,https://lifeline.mk/wp-content/uploads/2021/11/Grozdov-sekjer-Malina.png,,,,,,,,,0,Natusana,0,243,244,,,,,,,,,,,,,,,,,,,,,,,,,,,,,,,,,,,,,,,
8516,simple,,"DR.THEISS  EUKALIPTUS C balsam 50 gr",1,0,visible,,,,,taxable,reduced-rate,0,0,,0,0,,,,,0,NATUSANA,,240,"Настинка и грип > Грло",,,https://lifeline.mk/wp-content/uploads/2021/11/balzam.jpg,,,,,,,,,0,"Dr. Theiss,Natusana",0,417,418,,,,,,,,,,,,,,,,,,,,,,,,,,,,,,,,,,,,,,,
8517,simple,,"DR.THEISS BRSHLEN sir. 100ML",1,0,visible,,,,,taxable,reduced-rate,1,5,,0,0,,,,,0,NATUSANA,,190,"Настинка и грип > Кашлица",,,https://lifeline.mk/wp-content/uploads/2021/11/Dr.Theiss-mukoplant-brslen-100ml.png,,,,,,,,,0,"Dr. Theiss,Natusana",0,373,374,,,,,,,,,,,,,,,,,,,,,,,,,,,,,,,,,,,,,,,
8518,simple,,"DR.THEISS DOBRA NOK - tegavec sir. 100ml",1,0,visible,,,,,taxable,,1,4,,0,0,,,,,0,DR.THEISS,,240,"Настинка и грип > Кашлица",,,https://lifeline.mk/wp-content/uploads/2021/11/Dr.Theiss-Mukoplant-Tegavec-Dobra-Nojk-Sirup.png,,,,,,,,,0,"Dr. Theiss,Natusana",0,478,479,,,,,,,,,,,,,,,,,,,,,,,,,,,,,,,,,,,,,,,
8519,simple,,"DR.THEISS HERBALSEPT KIDS PROTIV KASLICA X6",1,0,visible,,,,,taxable,reduced-rate,1,1,,0,0,,,,,0,NATUSANA,,200,"Настинка и грип > Кашлица",,,https://lifeline.mk/wp-content/uploads/2021/11/Dr.Theiss-Herbasept-Lizalce.png,,,,,,,,,0,"Dr. Theiss,Natusana",0,375,376,,,,,,,,,,,,,,,,,,,,,,,,,,,,,,,,,,,,,,,
8520,simple,,"DR.THEISS HERBALSEPT LIZAVCINJA GRLO X 6",1,0,visible,,,,,taxable,reduced-rate,0,0,,0,0,,,,,0,DR.THEISS,,200,"Настинка и грип > Грло",,,https://lifeline.mk/wp-content/uploads/2021/11/grlo.jpg,,,,,,,,,0,"Dr. Theiss,Natusana",0,439,440,,,,,,,,,,,,,,,,,,,,,,,,,,,,,,,,,,,,,,,
8521,simple,,"DR.THEISS INTACT -crzna ribizla/17",1,0,visible,,,,,taxable,reduced-rate,1,1,,0,0,,,,,0,BAYER,,35,"Настинка и грип > Грло",,,https://lifeline.mk/wp-content/uploads/2021/11/Grozdov-Sekjer-Crna-Ribizla.png,,,,,,,,,0,"Dr. Theiss,Natusana",0,216,217,,,,,,,,,,,,,,,,,,,,,,,,,,,,,,,,,,,,,,,
8522,simple,,"DR.THEISS INTACT -jabolko/17",1,0,visible,,,,,taxable,reduced-rate,1,2,,0,0,,,,,0,DR.THEISS,,35,"Настинка и грип > Грло",,,https://lifeline.mk/wp-content/uploads/2021/11/Grozdov-sekjer-zeleno-jabolko.png,,,,,,,,,0,"Dr. Theiss,Natusana",0,241,242,,,,,,,,,,,,,,,,,,,,,,,,,,,,,,,,,,,,,,,
8523,simple,,"DR.THEISS INTACT -kapina /17",1,0,visible,,,,,taxable,reduced-rate,1,6,,0,0,,,,,0,DR.THEISS,,35,"Настинка и грип > Грло",,,https://lifeline.mk/wp-content/uploads/2021/11/Grozdov-Sekjer-Kapina.png,,,,,,,,,0,"Dr. Theiss,Natusana",0,154,155,,,,,,,,,,,,,,,,,,,,,,,,,,,,,,,,,,,,,,,
8524,simple,,"DR.THEISS INTACT-borovinka I jogurt /17",1,0,visible,,,,,taxable,reduced-rate,1,2,,0,0,,,,,0,DR.THEISS,,35,"Настинка и грип > Грло",,,https://lifeline.mk/wp-content/uploads/2021/11/Grozdov-sekjer-Borovinka-Jogurt.png,,,,,,,,,0,"Dr. Theiss,Natusana",0,191,192,,,,,,,,,,,,,,,,,,,,,,,,,,,,,,,,,,,,,,,
8525,simple,,"DR.THEISS LACALUT krema za fiks.prot.",1,0,visible,,,,,taxable,,1,2,,0,0,,,,,0,DR.THEISS,,270,"Дентална програма",,,https://lifeline.mk/wp-content/uploads/2021/11/Lacalut-Adhesive-Cream-Extra.png,,,,,,,,,0,"Lacalut,Natusana",0,212,213,,,,,,,,,,,,,,,,,,,,,,,,,,,,,,,,,,,,,,,
8526,simple,,"DR.THEISS MUCOPLANT mor.voda naz.sprej 20 ml",1,0,visible,,,,,taxable,,1,2,,0,0,,,,,0,DR.THEISS,,160,"Настинка и грип > Нос",,,https://lifeline.mk/wp-content/uploads/2021/11/Dr.Theiss-morska-voda-20ml.png,,,,,,,,,0,"Dr. Theiss,Natusana",0,372,373,,,,,,,,,,,,,,,,,,,,,,,,,,,,,,,,,,,,,,,
8527,simple,,"DR.THEISS MUCOPLANT mor.voda so ehinacea i eukaliptus naz.sprej 20 ml",1,0,visible,,,,,taxable,,1,1,,0,0,,,,,0,DR.THEISS,,130,"Настинка и грип > Нос",,,https://lifeline.mk/wp-content/uploads/2021/11/ehinacea.jpg,,,,,,,,,0,"Dr. Theiss,Natusana",0,339,340,,,,,,,,,,,,,,,,,,,,,,,,,,,,,,,,,,,,,,,
8528,simple,,"DR.THEISS TEGAVEC I EHINACEA sirup 100 ml",1,0,visible,,,,,taxable,reduced-rate,1,1,,0,0,,,,,0,DR.THEISS,,184,"Настинка и грип > Кашлица",,,https://lifeline.mk/wp-content/uploads/2021/11/Dr.Theis-Mucoplant-Trputac-otopina.png,,,,,,,,,0,"Dr. Theiss,Natusana",0,486,487,,,,,,,,,,,,,,,,,,,,,,,,,,,,,,,,,,,,,,,
8529,simple,,"DR.THEISS TEGAVEC sirup 100 ml",1,0,visible,,,,,taxable,,1,2,,0,0,,,,,0,DR.THEISS,,220,"Настинка и грип > Кашлица",,,https://lifeline.mk/wp-content/uploads/2021/11/DR.THEISS-TEGAVEC-sirup-100-ml-.png,,,,,,,,,0,"Dr. Theiss,Natusana",0,507,508,,,,,,,,,,,,,,,,,,,,,,,,,,,,,,,,,,,,,,,
8530,simple,,"DR.THEISS TEGAVEC sirup 250 ml",1,0,visible,,,,,taxable,,0,0,,0,0,,,,,0,DR.THEISS,,330,"Настинка и грип > Кашлица",,,https://lifeline.mk/wp-content/uploads/2021/11/DR.THEISS-TEGAVEC-sirup-250-ml-.png,,,,,,,,,0,"Dr. Theiss,Natusana",0,386,387,,,,,,,,,,,,,,,,,,,,,,,,,,,,,,,,,,,,,,,
8531,simple,,"DR.THEISS VENEN gel 100ml",1,0,visible,,,,,taxable,,0,0,,0,0,,,,,0,NATUSANA,,300,"Нега и заштита > Кожа",,,https://lifeline.mk/wp-content/uploads/2021/11/Dr.Theiss-Gel-za-Veni.png,,,,,,,,,0,"Dr. Theiss,Natusana",0,378,379,,,,,,,,,,,,,,,,,,,,,,,,,,,,,,,,,,,,,,,
8532,simple,,"DR.THEISS ZA VENI gel 125 ml.+25% gratis",1,0,visible,,,,,taxable,,0,0,,0,0,,,,,0,DR.THEISS,,300,"Нега и заштита > Кожа",,,https://lifeline.mk/wp-content/uploads/2021/11/venen.jpg,,,,,,,,,0,"Dr. Theiss,Natusana",0,375,376,,,,,,,,,,,,,,,,,,,,,,,,,,,,,,,,,,,,,,,
8533,simple,,"DR.VITON Magnezan B6 x30drg",1,0,visible,,,,,taxable,reduced-rate,1,5,,0,0,,,,,0,BAYER,,270,"Витамини и суплементи > Заштита на нервниот систем",,,https://lifeline.mk/wp-content/uploads/2021/11/DR.VITON-Magnezan-B6-x30drg.png,,,,,,,,,0,"Dr. Viton",0,407,408,,,,,,,,,,,,,,,,,,,,,,,,,,,,,,,,,,,,,,,
8534,simple,,"DR.VITON Magnezan NEURO x30tbl",1,0,visible,,,,,taxable,reduced-rate,1,2,,0,0,,,,,0,BAYER,,370,"Витамини и суплементи > Заштита на нервниот систем",,,https://lifeline.mk/wp-content/uploads/2021/11/DR.VITON-Magnezan-NEURO-x30tbl.png,,,,,,,,,0,"Dr. Viton",0,378,379,,,,,,,,,,,,,,,,,,,,,,,,,,,,,,,,,,,,,,,
8535,simple,,"DR.VITON MOVENS tbl x 24",1,0,visible,,,,,taxable,reduced-rate,1,1,,0,0,,,,,0,UVOZ,,490,"Витамини и суплементи > Коски\, зглобови и мускули",,,https://lifeline.mk/wp-content/uploads/2021/11/DR.VITON-MOVENS-tbl-x-24.png,,,,,,,,,0,"Dr. Viton",0,267,268,,,,,,,,,,,,,,,,,,,,,,,,,,,,,,,,,,,,,,,
8536,simple,,"DR.VITON OMEGA-3 +vit.E+D3  x60caps",1,0,visible,,,,,taxable,reduced-rate,1,4,,0,0,,,,,0,ALFA,,270,"Витамини и суплементи > Заштита на срце и крвни садови",,,https://lifeline.mk/wp-content/uploads/2021/11/DR.VITON-OMEGA-3-vit.ED3-x60caps.png,,,,,,,,,0,"Dr. Viton",0,375,376,,,,,,,,,,,,,,,,,,,,,,,,,,,,,,,,,,,,,,,
8537,simple,,"DR.VITON VIT. C serum za lice 30ml",1,0,visible,,,,,taxable,,1,1,,0,0,,,,,0,UVOZ,,840,"Нега и заштита > Кожа",,,https://lifeline.mk/wp-content/uploads/2021/11/DR.VITON-VIT.-C-serum-za-lice-30ml.png,,,,,,,,,0,"Dr. Viton",0,470,471,,,,,,,,,,,,,,,,,,,,,,,,,,,,,,,,,,,,,,,
8538,simple,,"DR.WOLZ DARMFLORA cps x 4",1,0,visible,,,,,taxable,reduced-rate,1,1,,0,0,,,,,0,DR.WOLZ,,205,"Витамини и суплементи > Дигестивен тракт и пробиотици",,,,,,,,,,,,0,"Dr. Wolz",0,195,196,,,,,,,,,,,,,,,,,,,,,,,,,,,,,,,,,,,,,,,
8539,simple,,"DR.WOLZ DARMFLORA PLUS pulv.35gr",1,0,visible,,,,,taxable,reduced-rate,0,0,,0,0,,,,,0,DR.WOLZ,,620,"Витамини и суплементи > Дигестивен тракт и пробиотици",,,,,,,,,,,,0,"Dr. Wolz",0,337,338,,,,,,,,,,,,,,,,,,,,,,,,,,,,,,,,,,,,,,,
8540,simple,,"DR.WOLZ IMMUNOKOMPLEX 250ml",1,0,visible,,,,,taxable,reduced-rate,1,1,,0,0,,,,,0,DR.WOLZ,,920,"Витамини и суплементи > Имунитет",,,https://lifeline.mk/wp-content/uploads/2021/11/DR.WOLZ-IMMUNKOMPLEX-250ml.png,,,,,,,,,0,"Dr. Wolz",0,320,321,,,,,,,,,,,,,,,,,,,,,,,,,,,,,,,,,,,,,,,
8547,simple,,"DR.WOLZ SELEN ACE cps.60 x 100 mcg",1,0,visible,,,,,taxable,reduced-rate,0,0,,0,0,,,,,0,DR.WOLZ,,700,"Витамини и суплементи > Имунитет",,,https://lifeline.mk/wp-content/uploads/2021/11/DR.WOLZ-SELEN-ACE-cps.60-x-100-mcg.png,,,,,,,,,0,"Dr. Wolz",0,235,236,,,,,,,,,,,,,,,,,,,,,,,,,,,,,,,,,,,,,,,
8548,simple,,"DR.WOLZ VITAMIN D3 1000IE cps.x 60",1,0,visible,,,,,taxable,reduced-rate,1,1,,0,0,,,,,0,BAYER,,920,"Витамини и суплементи > Имунитет",,,https://lifeline.mk/wp-content/uploads/2021/11/DR.WOLZ-VITAMIN-D3-1000IE-cps.x-60.png,,,,,,,,,0,"Dr. Wolz",0,287,288,,,,,,,,,,,,,,,,,,,,,,,,,,,,,,,,,,,,,,,
8549,simple,,"DR.WOLZ ZELL OXYGEN PLUS 250ml",1,0,visible,,,,,taxable,reduced-rate,0,0,,0,0,,,,,0,DR.WOLZ,,600,"Витамини и суплементи > Имунитет",,,https://lifeline.mk/wp-content/uploads/2021/11/DR.WOLZ-ZELL-OXYGEN-PLUS-250ml.png,,,,,,,,,0,"Dr. Wolz",0,329,330,,,,,,,,,,,,,,,,,,,,,,,,,,,,,,,,,,,,,,,
8550,simple,,"DRASANVI VIT .D3 4000IE",1,0,visible,,,,,taxable,,0,0,,0,0,,,,,1,UVOZ,,1060,"Витамини и суплементи > Имунитет",,,,,,,,,,,,0,,0,314,315,,,,,,,,,,,,,,,,,,,,,,,,,,,,,,,,,,,,,,,
8551,simple,,"DUOBIOTIK cps.x 10",1,0,visible,,,,,taxable,reduced-rate,1,13,,0,0,,,,,1,SALVUS,,290,"Витамини и суплементи > Дигестивен тракт и пробиотици",,,,,,,,,,,,0,,0,267,268,,,,,,,,,,,,,,,,,,,,,,,,,,,,,,,,,,,,,,,
8552,simple,,"URI. BARIESUN SPF 30 KREM 50ML",1,0,visible,,,,,taxable,,backorder,0,,notify,0,,,,,0,,,720,"Нега и заштита > Заштита од сонце, Нега и заштита > Кожа, Нега и заштита",,,https://lifeline.mk/wp-content/uploads/2021/11/URI.-BARIESUN-SPF-30-KREM-50ML.png,,,,,,,,,0,"Bariesun,Uriage",0,92,93,,classic-editor,9645696e-0b4f-4a3a-ae2d-215df75ce3eb,field_6081ae4f27756,489.6,489.6,0,0,enable,default,default,0,0,0,0,default,default,default,default,default,0,disable,enable,right,default,default,default,305,,,,,,,,,,60,
8553,simple,,"DUREX CLASSIC/3 prezerv.",1,0,visible,,,,,taxable,,1,4,,0,0,,,,,1,DUREX,,130,"Нега и заштита > Сексуално здравје и интимна нега",,,,,,,,,,,,0,,0,282,283,,,,,,,,,,,,,,,,,,,,,,,,,,,,,,,,,,,,,,,
8554,simple,,"URI. BARIESUN SPF 50 PUDRA SVETLA",1,0,visible,,,,,taxable,,0,0,,0,0,,,,,0,,,950,"Нега и заштита > Заштита од сонце, Нега и заштита > Кожа, Нега и заштита",,,https://lifeline.mk/wp-content/uploads/2021/11/URI.-BARIESUN-SPF-50-PUDRA-SVETLA.png,,,,,,,,,0,"Bariesun,Uriage",0,88,89,,classic-editor,3279b5b9-e7e6-4983-bf4d-c2742b19ccdd,field_6081ae4f27756,638.4,638.4,0,0,enable,default,default,0,0,0,0,default,default,default,default,default,0,disable,enable,right,default,default,default,305,,,,,,,,,,60,
8560,simple,,"DUREX PLAY KLASIK LUBRICANT 50ml",1,0,visible,,,,,taxable,,1,1,,0,0,,,,,1,DUREX,,350,"Нега и заштита > Сексуално здравје и интимна нега",,,,,,,,,,,,0,,0,278,279,,,,,,,,,,,,,,,,,,,,,,,,,,,,,,,,,,,,,,,
8561,simple,,"URIAGE TERMALNA VODA duo set 300ml.",1,0,visible,,,,,taxable,,0,0,,0,0,,,,,0,,,550,"Нега и заштита > Кожа, Нега и заштита",,,https://lifeline.mk/wp-content/uploads/2021/11/URIAGE-TERMALNA-VODA-duo-set-300ml..jpg,,,,,,,,,0,Uriage,0,237,238,,classic-editor,f1cf0f2f-2714-4210-ab07-e1822526a0ff,field_6081ae4f27756,368.6,368.6,0,0,enable,default,default,0,0,0,0,default,default,default,default,default,0,disable,enable,right,default,default,default,,,,,,,,,,,60,
8562,simple,,"DUREX SENSITIVE/3 prezerv.",1,0,visible,,,,,taxable,,1,4,,0,0,,,,,1,DUREX,,130,"Нега и заштита > Сексуално здравје и интимна нега",,,,,,,,,,,,0,,0,204,205,,,,,,,,,,,,,,,,,,,,,,,,,,,,,,,,,,,,,,,
8563,simple,,"ECOMER cardio cpsx60",1,0,visible,,,,,taxable,,0,0,,0,0,,,,,1,UVOZ,,"1176,0032928","Витамини и суплементи > Заштита на срце и крвни садови",,,,,,,,,,,,0,,0,208,209,,,,,,,,,,,,,,,,,,,,,,,,,,,,,,,,,,,,,,,
8564,simple,,"URIAGE ROLL-ON 3 ACTIVE X 2",1,0,visible,,,,,taxable,,0,0,,0,0,,,,,0,,,765,"Нега и заштита > Кожа, Нега и заштита",,,https://lifeline.mk/wp-content/uploads/2021/11/URIAGE-ROLL-ON-3-ACTIVE-X-2.jpg,,,,,,,,,0,Uriage,0,262,263,,classic-editor,009eadb1-60f1-4b16-9c0d-0dfa722f7ac8,field_6081ae4f27756,516.04,516.04,0,0,enable,default,default,0,0,0,0,default,default,default,default,default,0,disable,enable,right,default,default,default,,,,,,,,,,,60,
8570,simple,,"URI. EAU TERM. KREMA ZA RACE 50ML X 2",1,0,visible,,,,,taxable,,0,0,,0,0,,,,,0,,,470,"Нега и заштита > Кожа, Нега и заштита",,,https://lifeline.mk/wp-content/uploads/2021/11/URI.-EAU-TERM.-KREMA-ZA-RACE-50ML-X-2.jpg,,,,,,,,,0,Uriage,0,69,70,,classic-editor,106dd9e3-6752-45a8-8d3d-f27e5ca3cefb,field_6081ae4f27756,312.094,312.094,0,0,enable,default,default,0,0,0,0,default,default,default,default,default,0,disable,enable,right,default,default,default,,,,,,,,,,,,
8571,simple,,"ELAKSA cps. x 20",1,0,visible,,,,,taxable,reduced-rate,1,2,,0,0,,,,,1,FORTEX,,390,"Витамини и суплементи > Дигестивен тракт и пробиотици",,,,,,,,,,,,0,,0,366,367,,,,,,,,,,,,,,,,,,,,,,,,,,,,,,,,,,,,,,,
8572,simple,,"URI. BARIEDERM CICA SERUM 30ML",1,0,visible,,,,,taxable,,1,1,,notify,0,,,,,0,,,1390,"Нега и заштита > Кожа, Нега и заштита",,,https://lifeline.mk/wp-content/uploads/2021/11/URI.-BARIEDERM-CICA-SERUM-30ML.jpg,,,,,,,,,0,Uriage,0,135,136,,classic-editor,787b34e4-260b-4e08-9bed-9a76c30dc109,field_6081ae4f27756,940.8,940.8,0,0,enable,default,default,0,0,0,0,default,default,default,default,default,0,disable,enable,right,default,default,default,,,,,,,,,,,,
8573,simple,,"ELMEX cetka ULTRA SOFT x3",1,0,visible,,,,,taxable,,0,0,,0,0,,,,,1,AWT,,"580,02","Дентална програма",,,,,,,,,,,,0,,0,146,147,,,,,,,,,,,,,,,,,,,,,,,,,,,,,,,,,,,,,,,
8574,simple,,"ELMEX pasta KARIES 75 ml",1,0,visible,,,,,taxable,,0,0,,0,0,,,,,1,AWT,,240,"Дентална програма",,,,,,,,,,,,0,,0,220,221,,,,,,,,,,,,,,,,,,,,,,,,,,,,,,,,,,,,,,,
8578,simple,,"ELMEX pasta SENSITIVE 75ml",1,0,visible,,,,,taxable,,0,0,,0,0,,,,,1,AWT,,240,"Дентална програма",,,,,,,,,,,,0,,0,183,184,,,,,,,,,,,,,,,,,,,,,,,,,,,,,,,,,,,,,,,
8579,simple,,"ELMEX tecnost za usta KARIES 400ml",1,0,visible,,,,,taxable,,0,0,,0,0,,,,,1,AWT,,"322,30992","Дентална програма",,,,,,,,,,,,0,,0,146,147,,,,,,,,,,,,,,,,,,,,,,,,,,,,,,,,,,,,,,,
8580,simple,,"VICHY Dercos Anti-dandruff",1,0,visible,,,,,taxable,,0,,,0,0,,,,,0,,,1210,"Нега и заштита > Коса, Нега и заштита",,,https://lifeline.mk/wp-content/uploads/2021/11/VICHY-DERMACOS-PROTIV-PRVUT.jpg,,,,,,,,,0,"Dercos,Vichy",0,456,457,,classic-editor,hehe,field_6081ae4f27756,,,0,0,enable,default,default,0,0,0,0,default,default,default,default,default,0,disable,enable,right,default,default,default,304,,0,,,,,,0,,,
8591,simple,,"ERBA VITA CALMA BABY sirup 150 ml",1,0,visible,,,,,taxable,reduced-rate,0,0,,0,0,,,,,1,ERBAVITA,,650,"Бебешка програма > Бебешка храна",,,,,,,,,,,,0,,0,470,471,,,,,,,,,,,,,,,,,,,,,,,,,,,,,,,,,,,,,,,
8592,simple,,"ERBA VITA HAPPY AGE cps X60",1,0,visible,,,,,taxable,reduced-rate,1,1,,0,0,,,,,1,ERBAVITA,,770,"Витамини и суплементи",,,,,,,,,,,,0,,0,407,408,,,,,,,,,,,,,,,,,,,,,,,,,,,,,,,,,,,,,,,
8593,simple,,"ERBA VITA LIEVIT B12 cps.60 x 510 mg",1,0,visible,,,,,taxable,reduced-rate,1,1,,0,0,,,,,1,ERBAVITA,,650,"Витамини и суплементи > Заштита на нервниот систем",,,,,,,,,,,,0,,0,421,422,,,,,,,,,,,,,,,,,,,,,,,,,,,,,,,,,,,,,,,
8594,simple,,"BD FOTODERM NUDE TOUCH SPF50+ 40ml",1,0,visible,,,,,taxable,,0,0,,0,0,,,,,0,,,1140,"Нега и заштита > Заштита од сонце, Нега и заштита > Кожа, Нега и заштита",,,https://lifeline.mk/wp-content/uploads/2021/11/BD-FOTODERM-NUDE-TOUCH-SPF50-40ml.jpg,,,,,,,,,0,"Bioderma,Photoderm",0,275,276,,classic-editor,5fbf82d2-95cc-4f1a-a36e-a6702009da41,field_6081ae4f27756,774,774,0,0,enable,default,default,0,0,0,0,default,default,default,default,default,0,disable,enable,right,default,default,default,299,,,,,,,,,,60,
8595,simple,,"ESI - CAJNO DRVO MASLO 20ml",1,0,visible,,,,,taxable,,0,0,,0,0,,,,,0,FITOFARM,,344,"Нега и заштита > Кожа",,,,,,,,,,,,0,Esi,0,92,93,,,,,,,,,,,,,,,,,,,,,,,,,,,,,,,,,,,,,,,
8597,simple,,"ESI ALOE VERA GEL 100 ml (+vit.E +chajno drvo)",1,0,visible,,,,,taxable,,1,1,,0,0,,,,,0,ESI,,257,"Нега и заштита > Кожа",,,https://lifeline.mk/wp-content/uploads/2021/11/ESI-ALOE-VERA-GEL-100-ml-vit.E-chajno-drvo.png,,,,,,,,,0,Esi,0,357,358,,,,,,,,,,,,,,,,,,,,,,,,,,,,,,,,,,,,,,,
8598,simple,,"BD FOTODERM AR TONIRAN KREM SPF50+ 30ml",1,0,visible,,,,,taxable,,1,,,0,0,,,,,0,,,1055,"Нега и заштита > Заштита од сонце, Нега и заштита > Кожа, Нега и заштита",,,https://lifeline.mk/wp-content/uploads/2021/11/BD-FOTODERM-AR-TONIRAN-KREM-SPF50-30ml.jpg,,,,,,,,,0,"Bioderma,Photoderm",0,126,127,,classic-editor,b11574b6-2227-41b8-af13-b3087f189c7c,field_6081ae4f27756,621.3,621.3,0,0,enable,default,default,0,0,0,0,default,default,default,default,default,0,disable,enable,right,default,default,default,299,,,,,,,,,,60,
8599,simple,,"ESI ALOE VERA JUICE 1 l",1,0,visible,,,,,taxable,,0,0,,0,0,,,,,0,ESI,,965,"Витамини и суплементи > Дигестивен тракт и пробиотици",,,https://lifeline.mk/wp-content/uploads/2021/11/ESI-ALOE-VERA-JUICE-1-l.png,,,,,,,,,0,Esi,0,399,400,,,,,,,,,,,,,,,,,,,,,,,,,,,,,,,,,,,,,,,
8601,simple,,"ESI CAJNO DRVO maslo 25 ml",1,0,visible,,,,,taxable,,0,0,,0,0,,,,,0,ESI,,330,"Нега и заштита > Кожа",,,https://lifeline.mk/wp-content/uploads/2021/11/ESI-CAJNO-DRVO-maslo-25-ml.png,,,,,,,,,0,Esi,0,296,297,,,,,,,,,,,,,,,,,,,,,,,,,,,,,,,,,,,,,,,
8603,simple,,"ESI CRANBERRY CYST kesicki x 16",1,0,visible,,,,,taxable,,1,15,,0,0,,,,,0,BAYER,,530,"Витамини и суплементи > Уринарен систем",,,https://lifeline.mk/wp-content/uploads/2021/11/ESI-CRANBERRY-CYST-kesicki-x-16.png,,,,,,,,,0,Esi,0,427,428,,,,,,,,,,,,,,,,,,,,,,,,,,,,,,,,,,,,,,,
8605,simple,,"ESI DRIMO 100 gr",1,0,visible,,,,,taxable,reduced-rate,0,0,,0,0,,,,,0,"MEDIKUS SP PZU",,310,"Витамини и суплементи > Заштита на нервниот систем",,,https://lifeline.mk/wp-content/uploads/2021/11/ESI-DRIMO-100-gr.png,,,,,,,,,0,Esi,0,347,348,,,,,,,,,,,,,,,,,,,,,,,,,,,,,,,,,,,,,,,
8606,simple,,"ESI ECHINAID cps. x30",1,0,visible,,,,,taxable,reduced-rate,1,2,,0,0,,,,,0,ESI,,240,"Настинка и грип > Грло, Витамини и суплементи > Имунитет",,,https://lifeline.mk/wp-content/uploads/2021/11/ESI-ECHINAID-cps.-x30.png,,,,,,,,,0,Esi,0,216,217,,,,,,,,,,,,,,,,,,,,,,,,,,,,,,,,,,,,,,,
8607,simple,,"ESI ERBAVEN FRESH gel 100 ml",1,0,visible,,,,,taxable,,1,1,,0,0,,,,,0,ESI,,350,"Против болка",,,https://lifeline.mk/wp-content/uploads/2021/11/ESI-ERBAVEN-FRESH-gel-100-ml.png,,,,,,,,,0,Esi,0,371,372,,,,,,,,,,,,,,,,,,,,,,,,,,,,,,,,,,,,,,,
8608,simple,,"ESI ERBAVEN RETARD cps. X30",1,0,visible,,,,,taxable,reduced-rate,1,1,,0,0,,,,,0,ESI,,"391,104","Против болка",,,https://lifeline.mk/wp-content/uploads/2021/11/ESI-ERBAVEN-RETARD-cps.-X30.png,,,,,,,,,0,Esi,0,244,245,,,,,,,,,,,,,,,,,,,,,,,,,,,,,,,,,,,,,,,
8610,simple,,"ESI GINKOMAX tbl. x30",1,0,visible,,,,,taxable,reduced-rate,1,2,,0,0,,,,,0,ESI,,200,"Витамини и суплементи > Заштита на нервниот систем",,,https://lifeline.mk/wp-content/uploads/2021/11/ESI-GINKOMAX-tbl.-x30.png,,,,,,,,,0,Esi,0,344,345,,,,,,,,,,,,,,,,,,,,,,,,,,,,,,,,,,,,,,,
8611,simple,,"ESI KARBOFIN FORTE cps.x 30",1,0,visible,,,,,taxable,reduced-rate,1,1,,0,0,,,,,0,ESI,,235,"Витамини и суплементи > Дигестивен тракт и пробиотици",,,https://lifeline.mk/wp-content/uploads/2021/11/ESI-KARBOFIN-FORTE-cps.x-30.png,,,,,,,,,0,Esi,0,287,288,,,,,,,,,,,,,,,,,,,,,,,,,,,,,,,,,,,,,,,
8612,simple,,"ESI LE DIECI ERBE tbl.x 40",1,0,visible,,,,,taxable,reduced-rate,1,1,,0,0,,,,,0,ESI,,190,"Витамини и суплементи > Дигестивен тракт и пробиотици",,,https://lifeline.mk/wp-content/uploads/2021/11/ESI-LE-DIECI-ERBE-tbl.x-40.png,,,,,,,,,0,Esi,0,547,548,,,,,,,,,,,,,,,,,,,,,,,,,,,,,,,,,,,,,,,
8613,simple,,"ESI MELATONIN tbl.120 x 1mg",1,0,visible,,,,,taxable,reduced-rate,1,2,,0,0,,,,,0,ESI,,270,"Витамини и суплементи > Заштита на нервниот систем",,,https://lifeline.mk/wp-content/uploads/2021/11/ESI-MELATONIN-tbl.120-x-1mg.png,,,,,,,,,0,Esi,0,218,219,,,,,,,,,,,,,,,,,,,,,,,,,,,,,,,,,,,,,,,
8614,simple,,"ESI MELATONIN tbl.30 x 1mg",1,0,visible,,,,,taxable,reduced-rate,1,1,,0,0,,,,,0,ESI,,150,"Витамини и суплементи > Заштита на нервниот систем",,,https://lifeline.mk/wp-content/uploads/2021/11/ESI-MELATONIN-tbl.30-x-1mg.png,,,,,,,,,0,Esi,0,325,326,,,,,,,,,,,,,,,,,,,,,,,,,,,,,,,,,,,,,,,
8615,simple,,"ESI MULTICOMPLEX ADULTI tbl. x30",1,0,visible,,,,,taxable,reduced-rate,1,1,,0,0,,,,,0,ESI,,330,"Витамини и суплементи",,,https://lifeline.mk/wp-content/uploads/2021/11/ESI-MULTICOMPLEX-ADULTI-tbl.-x30.png,,,,,,,,,0,Esi,0,281,282,,,,,,,,,,,,,,,,,,,,,,,,,,,,,,,,,,,,,,,
8616,simple,,"ESI MULTICOMPLEX JUNIOR tbl. x50",1,0,visible,,,,,taxable,reduced-rate,1,1,,0,0,,,,,0,ESI,,320,"Витамини и суплементи",,,https://lifeline.mk/wp-content/uploads/2021/11/ESI-MULTICOMPLEX-JUNIOR-tbl.-x50.png,,,,,,,,,0,Esi,0,205,206,,,,,,,,,,,,,,,,,,,,,,,,,,,,,,,,,,,,,,,
8617,simple,,"ESI MULTICOMPLEX SENIOR tbl. x30",1,0,visible,,,,,taxable,reduced-rate,0,0,,0,0,,,,,0,ESI,,330,"Витамини и суплементи",,,https://lifeline.mk/wp-content/uploads/2021/11/ESI-MULTICOMPLEX-SENIOR-tbl.-x30.png,,,,,,,,,0,Esi,0,212,213,,,,,,,,,,,,,,,,,,,,,,,,,,,,,,,,,,,,,,,
8618,simple,,"ESI NO DOL cps. x60",1,0,visible,,,,,taxable,reduced-rate,0,0,,0,0,,,,,0,ESI,,480,"Против болка",,,https://lifeline.mk/wp-content/uploads/2021/11/ESI-NO-DOL-cps.-x60.png,,,,,,,,,0,Esi,0,278,279,,,,,,,,,,,,,,,,,,,,,,,,,,,,,,,,,,,,,,,
8619,simple,,"ESI NO DOL krema 100 ml",1,0,visible,,,,,taxable,,1,1,,0,0,,,,,0,ESI,,395,"Против болка",,,https://lifeline.mk/wp-content/uploads/2021/11/ESI-NO-DOL-TRAUMGEL-gel-50-ml.png,,,,,,,,,0,Esi,0,216,217,,,,,,,,,,,,,,,,,,,,,,,,,,,,,,,,,,,,,,,
8620,simple,,"ESI NORMOLIP 5 cps. X30",1,0,visible,,,,,taxable,reduced-rate,1,3,,0,0,,,,,0,ESI,,400,"Витамини и суплементи > Заштита на срце и крвни садови",,,https://lifeline.mk/wp-content/uploads/2021/11/ESI-NORMOLIP-5-cps.-X30.png,,,,,,,,,0,Esi,0,314,315,,,,,,,,,,,,,,,,,,,,,,,,,,,,,,,,,,,,,,,
8632,simple,,"ESI Pid block losion sprey",1,0,visible,,,,,taxable,,0,0,,0,0,,,,,0,BAYER,,430,"Нега и заштита > Коса",,,https://lifeline.mk/wp-content/uploads/2021/11/ESI-Pid-block-losion-sprey.png,,,,,,,,,0,Esi,0,185,186,,,,,,,,,,,,,,,,,,,,,,,,,,,,,,,,,,,,,,,
8633,simple,,"ESI PID BLOCK samp.200ml",1,0,visible,,,,,taxable,,0,0,,0,0,,,,,0,BAYER,,450,"Нега и заштита > Коса",,,https://lifeline.mk/wp-content/uploads/2021/11/ESI-PID-BLOCK-samp.200ml.png,,,,,,,,,0,Esi,0,196,197,,,,,,,,,,,,,,,,,,,,,,,,,,,,,,,,,,,,,,,
8634,simple,,"ESI PROPOLAID 33% alkoholen rastvor 50 ml",1,0,visible,,,,,taxable,reduced-rate,0,0,,0,0,,,,,0,ESI,,320,"Настинка и грип > Грло",,,https://lifeline.mk/wp-content/uploads/2021/11/ESI-PROPOLAID-33-alkoholen-rastvor-50-ml.png,,,,,,,,,0,Esi,0,252,253,,,,,,,,,,,,,,,,,,,,,,,,,,,,,,,,,,,,,,,
8635,simple,,"ESI PROPOLAID bezalkoholen rastvor 50 ml",1,0,visible,,,,,taxable,reduced-rate,1,1,,0,0,,,,,0,ESI,,240,"Настинка и грип > Грло",,,https://lifeline.mk/wp-content/uploads/2021/11/ESI-PROPOLAID-bezalkoholen-rastvor-50-ml.png,,,,,,,,,0,Esi,0,243,244,,,,,,,,,,,,,,,,,,,,,,,,,,,,,,,,,,,,,,,
8636,simple,,"ESI Propolgola forte spray 20 ml",1,0,visible,,,,,taxable,,1,3,,0,0,,,,,0,"ФЕНИКС ФАРМА - СКОПЈЕ",,270,"Настинка и грип > Грло",,,https://lifeline.mk/wp-content/uploads/2021/11/ESI-Propolgola-forte-spray-20-ml.png,,,,,,,,,0,Esi,0,263,264,,,,,,,,,,,,,,,,,,,,,,,,,,,,,,,,,,,,,,,
8637,simple,,"Anthelios ULTRA SPF 50+ Водоотпорна крема за лице со заштитен фактор 50+",1,0,visible,,"<p>Водоотпорнa кремa за лице со минималистичка формула обликувана да не пецка на очите. XL PROTECT TM: Технологија на широк спектар. Докажана ефикасност против UVA, UVB и одредени инфрацрвени зраци, како и оштетувања предизвикани од загадување. ЕФИКАСНОСТ И ТОЛЕРАНЦИЈА докажани преку 24 клинички студии. ТЕКСТУРА без бели траги. Немрсна и нелеплива. Водоотпорна. ИНДИКАЦИИ: Чувствителна и реактивна кожа чувствителна на сонце.<br />\nИспитана под надзор на дерматолог на чувствителна и реактивна кожа. Погодна за употреба на кожа склона кон алергија на сонце. Отпорна на пот. Може да се нанесува на пределот околу очите. ИНОВАЦИЈА ЗА ЧУВСТВИТЕЛНИ ОЧИ: ФОРМУЛА КОЈА НЕ ПЕЦКА НА ОЧИТЕ. Минималистичка формула со ефикасна заштита. 12 состојки помалку отколку во претходната формула. Испитана под надзор на офталмолог на чувствителни очи и пределот околу очите. Тестирана на особи кои носат контактни леќи.</p>\n",,,taxable,,0,0,,0,0,,,,,0,,,"1203,6","Нега и заштита > Заштита од сонце, Нега и заштита > Кожа, Нега и заштита",,,https://lifeline.mk/wp-content/uploads/2021/11/ANTHEL-ULTRA-CR.50.jpg,,,,,,,,,0,"Anthelios,LaRoche-Posay",0,327,328,,classic-editor,e32eaa93-92c6-41d6-a72a-169fe7d716ed,field_6081ae4f27756,816,816,0,0,enable,default,default,0,0,0,0,default,default,default,default,default,0,disable,enable,right,default,default,default,306,,1,,,,,,,,90,
8638,simple,,"ESI PSYLLIOX ACTIV FIBRA kesicki x20",1,0,visible,,,,,taxable,reduced-rate,1,20,,0,0,,,,,0,ESI,,460,"Витамини и суплементи > Дигестивен тракт и пробиотици",,,https://lifeline.mk/wp-content/uploads/2021/11/ESI-PSYLLIOX-ACTIV-FIBRA-kesicki-x20.png,,,,,,,,,0,Esi,0,297,298,,,,,,,,,,,,,,,,,,,,,,,,,,,,,,,,,,,,,,,
8639,simple,,"ESI VITAMIN C PURA 1000MG X 30TBL",1,0,visible,,,,,taxable,reduced-rate,1,2,,0,0,,,,,0,ESI,,320,"Витамини и суплементи > Имунитет",,,https://lifeline.mk/wp-content/uploads/2021/11/ESI-VITAMIN-C-PURA-1000MG-X-30TBL.png,,,,,,,,,0,Esi,0,261,262,,,,,,,,,,,,,,,,,,,,,,,,,,,,,,,,,,,,,,,
8640,simple,,"ESSENSAL FOSFOLIPIDY CAPS. X 40",1,0,visible,,,,,taxable,reduced-rate,0,0,,0,0,,,,,1,"RIFAM DOO",,230,"Витамини и суплементи > Заштита на црн дроб",,,,,,,,,,,,0,,0,152,153,,,,,,,,,,,,,,,,,,,,,,,,,,,,,,,,,,,,,,,
8641,simple,,"Мицеларна вода ULTRA - реактивна кожа",1,0,visible,,"<p>Совршено ја отстранува шминката и нечистотиите.<br />\nЈа остава кожата чиста без да се исуши.<br />\nПротив чувство на затегнатост, црвенило и против чувство на горење односно печење на кожата.<br />\nНа кожата и дава чувство на пријатност.<br />\nСилно хидрира.<br />\nБез сапун. Без вештачки бои. Без алкохол. Без парабени.</p>\n<p>Совршено отстранува шминка од чувствителна кожа на лицето, очите и усните, земајќи ја во предвид нејзината физиолошка рамнотежа.</p>\n",,,taxable,,1,,,0,0,,,,,0,,,1025,"Нега и заштита > Кожа, Нега и заштита",,,https://lifeline.mk/wp-content/uploads/2021/11/EAU-MICELLAIRE-ULTRA-400ml.jpg,,,,,,,,,0,"Cleansers,LaRoche-Posay",0,208,209,,classic-editor,16865b73-cc40-41cc-b1b9-12cf4906f011,field_6081ae4f27756,673,673,0,0,enable,default,default,0,0,0,0,default,default,default,default,default,0,disable,enable,right,default,default,default,306,,1,,,,,,0,,90,
8642,simple,,"ETERICNO MASLO CAJNO DRVO 10ML",1,0,visible,,,,,taxable,,0,0,,0,0,,,,,1,FITOFARM,,270,"Нега и заштита > Кожа",,,,,,,,,,,,0,,0,295,296,,,,,,,,,,,,,,,,,,,,,,,,,,,,,,,,,,,,,,,
8644,simple,,"EUC.63003 PH5 losion 400 ml",1,0,visible,,,,,taxable,,1,1,,0,0,,,,,0,BAYERSDORF,,870,"Нега и заштита > Кожа",,,https://lifeline.mk/wp-content/uploads/2021/11/web-frame1-1.jpg,,,,,,,,,0,Eucerin,0,219,220,,,,,,,,,,,,,,,,,,,,,,,,,,,,,,,,,,,,,,,
8645,simple,,"EUC.63122 PH5 maslo za tus. 400 ml",1,0,visible,,,,,taxable,,1,1,,0,0,,,,,0,BAYERSDORF,,720,"Нега и заштита > Кожа",,,https://lifeline.mk/wp-content/uploads/2021/11/web-frame2.jpg,,,,,,,,,0,Eucerin,0,179,180,,,,,,,,,,,,,,,,,,,,,,,,,,,,,,,,,,,,,,,
8646,simple,,"EUC.63382 EDS UREA 5% reg.krem za race 75ml.",1,0,visible,,,,,taxable,,1,1,,0,0,,,,,0,BAYERSDORF,,450,"Нега и заштита > Кожа",,,https://lifeline.mk/wp-content/uploads/2021/11/web-frame3.jpg,,,,,,,,,0,Eucerin,0,328,329,,,,,,,,,,,,,,,,,,,,,,,,,,,,,,,,,,,,,,,
8647,simple,,"EUC.63924 HYALURON FILLER norm.koza dneven krem 50ml",1,0,visible,,,,,taxable,,1,2,,0,0,,,,,0,BAYERSDORF,,1570,"Нега и заштита > Кожа",,,https://lifeline.mk/wp-content/uploads/2021/11/web-frame4.jpg,,,,,,,,,0,Eucerin,0,272,273,,,,,,,,,,,,,,,,,,,,,,,,,,,,,,,,,,,,,,,
8648,simple,,"EUC.63997 3 vo 1 cleanser 200ml",1,0,visible,,,,,taxable,,1,1,,0,0,,,,,0,BAYERSDORF,,600,"Нега и заштита > Кожа",,,https://lifeline.mk/wp-content/uploads/2021/11/web-frame5.jpg,,,,,,,,,0,Eucerin,0,197,198,,,,,,,,,,,,,,,,,,,,,,,,,,,,,,,,,,,,,,,
8659,simple,,"VICHY Deo Mineral ролон сет 1+1 100ml",1,0,visible,,,,,taxable,,0,,,0,0,,,,,0,,,1295,"Нега и заштита > Кожа, Нега и заштита",,,https://lifeline.mk/wp-content/uploads/2021/11/DEO-MINERAL-ROLON-11-SET.jpg,,,,,,,,,0,Vichy,0,198,199,,classic-editor,5fd89e10-ab07-49a8-b103-9a51636e7b0e,field_6081ae4f27756,894,894,0,0,enable,default,default,0,0,0,0,default,default,default,default,default,0,disable,enable,right,default,default,default,,,0,,,,,,0,,,
8660,simple,,"VICHY Capital Soleil Mattifying 3-in-1 SPF 50 50ML",1,0,visible,,,,,taxable,,0,0,,0,0,,,,,0,,,1280,"Нега и заштита > Заштита од сонце, Нега и заштита > Кожа, Нега и заштита",,,https://lifeline.mk/wp-content/uploads/2021/11/VICHY-3VO1-MATTIFYING-SPF50-50ML.jpg,,,,,,,,,0,"Capital Soleil,Vichy",0,105,106,,classic-editor,55c88195-c948-487f-8cb3-9b8e5e8e1bf4,field_6081ae4f27756,901,901,0,0,enable,default,default,0,0,0,0,default,default,default,default,default,0,disable,enable,right,default,default,default,304,,,,,,,,,,60,
8661,simple,,"VICHY C S Fresh Protective Milk SPF 50",1,0,visible,,,,,taxable,,0,0,,0,0,,,,,0,,,1680,"Нега и заштита > Заштита од сонце, Нега и заштита > Кожа, Нега и заштита",,,https://lifeline.mk/wp-content/uploads/2021/11/Vichy-Sunscreen-Capital-Soleil-Fresh-Protective-Milk-SPF-54-000-3337871322694-Front.jpg,,,,,,,,,0,"Capital Soleil,Vichy",0,76,77,,classic-editor,f209aa46-c864-4e0c-8f48-b229ee444aa2,field_6081ae4f27756,1183,1183,0,0,enable,default,default,0,0,0,0,default,default,default,default,default,0,disable,enable,right,default,default,default,304,,,,,,,,,,60,
8662,simple,,"EUC.88786 ROLL ON 0% AL.50ml",1,0,visible,,,,,taxable,,0,0,,0,0,,,,,0,BAYERSDORF,,460,"Нега и заштита > Кожа",,,https://lifeline.mk/wp-content/uploads/2021/11/web-frame7.jpg,,,,,,,,,0,Eucerin,0,81,82,,,,,,,,,,,,,,,,,,,,,,,,,,,,,,,,,,,,,,,
8663,simple,,"Capital Soleil Gentle Protective Milk Kids SPF 50 300 ml",1,0,visible,,,,,taxable,,0,0,,0,0,,,,,0,,,1560,"Бебешка програма, Нега и заштита > Заштита од сонце, Нега и заштита > Кожа, Нега и заштита",,,https://lifeline.mk/wp-content/uploads/2021/11/Vichy-Sunscreen-Capital-Soleil-Gentle-Protective-Milk-Kids-SPF-56-000-3337871323639-Front.jpg,,,,,,,,,0,"Capital Soleil,Vichy",0,170,171,,classic-editor,b5e46552-5478-47a6-bd0b-10ca5593dbe3,field_6081ae4f27756,1091,1091,0,0,enable,default,default,0,0,0,0,default,default,default,default,default,0,disable,enable,right,default,default,default,304,,,,,,,,,,60,
8664,simple,,"EUCERIN 63141 PH5 sapun 100 gr",1,0,visible,,,,,taxable,,1,2,,0,0,,,,,0,BAYERSDORF,,195,"Нега и заштита > Кожа, Нега и заштита",,,https://lifeline.mk/wp-content/uploads/2021/11/EUCERIN-63141-PH5-sapun-100-gr.jpg,,,,,,,,,0,Eucerin,0,452,453,,,,,,,,,,,,,,,,,,,,,,,,,,,,,,,,,,,,,,,
8666,simple,,"EUCERIN 63485 hialuron filer dn.krem 50ml",1,0,visible,,,,,taxable,,1,1,,notify,0,,,,,0,BAYERSDORF,,1580,"Нега и заштита > Кожа, Нега и заштита",,,https://lifeline.mk/wp-content/uploads/2021/11/EUCERIN-63485-hialuron-filer-dn.krem-50ml.jpg,,,,,,,,,0,Eucerin,0,263,264,,,,,,,,,,,,,,,,,,,,,,,,,,,,,,,,,,,,,,,
8667,simple,,"EUCERIN 63486 hialuron filer nok.krem 50ml",1,0,visible,,,,,taxable,,backorder,0,,notify,0,,,,,0,BAYERSDORF,,1560,"Нега и заштита > Кожа, Нега и заштита",,,https://lifeline.mk/wp-content/uploads/2021/11/EUCERIN-63486-hialuron-filer-nok.krem-50ml.jpg,,,,,,,,,0,Eucerin,0,244,245,,,,,,,,,,,,,,,,,,,,,,,,,,,,,,,,,,,,,,,
8668,simple,,"EUC-SET KIDS LOTION SPF 30+ 150ML",1,0,visible,,,,,taxable,,0,0,,0,0,,,,,0,UVOZ,,1085,"Нега и заштита > Кожа",,,https://lifeline.mk/wp-content/uploads/2021/11/web-frame-4.jpg,,,,,,,,,0,Eucerin,0,77,78,,,,,,,,,,,,,,,,,,,,,,,,,,,,,,,,,,,,,,,
8678,simple,,"EVA MENOFIX FLASTERI X1",1,0,visible,,,,,taxable,,0,0,,0,0,,,,,1,UVOZ,,170,"Витамини и суплементи > Менопауза и пмс",,,,,,,,,,,,0,,0,171,172,,,,,,,,,,,,,,,,,,,,,,,,,,,,,,,,,,,,,,,
8679,simple,,"EVERY DAY MAXI NIGHT FRESH hiper/10- 0604 (700929)",1,0,visible,,,,,taxable,,1,6,,0,0,,,,,1,"МАКО МАРКЕТ ДОО - СКОПЈЕ",,110,"Нега и заштита > Сексуално здравје и интимна нега",,,,,,,,,,,,0,,0,208,209,,,,,,,,,,,,,,,,,,,,,,,,,,,,,,,,,,,,,,,
8680,simple,,"EVERY DAY MAXI NIGHT sensitive/10- 1837 (701271)",1,0,visible,,,,,taxable,,1,6,,0,0,,,,,1,"МАКО МАРКЕТ ДОО - СКОПЈЕ",,110,"Нега и заштита > Сексуално здравје и интимна нега",,,,,,,,,,,,0,,0,190,191,,,,,,,,,,,,,,,,,,,,,,,,,,,,,,,,,,,,,,,
8681,simple,,"EVERY DAY NORMAL FRESH hiper/10 -0600 (702697",1,0,visible,,,,,taxable,,1,4,,0,0,,,,,1,"МАКО МАРКЕТ ДОО - СКОПЈЕ",,95,"Нега и заштита > Сексуално здравје и интимна нега",,,,,,,,,,,,0,,0,169,170,,,,,,,,,,,,,,,,,,,,,,,,,,,,,,,,,,,,,,,
8682,simple,,"EVERY DAY SENSITIVE NORMAL ultra plus/10 -1898 (12701269)",1,0,visible,,,,,taxable,,1,4,,0,0,,,,,1,"МАКО МАРКЕТ ДОО - СКОПЈЕ",,100,"Нега и заштита > Сексуално здравје и интимна нега",,,,,,,,,,,,0,,0,195,196,,,,,,,,,,,,,,,,,,,,,,,,,,,,,,,,,,,,,,,
8683,simple,,"EVERY DAY SENSITIVE SUPER ultra plus/18 +neseser0395 (703143)",1,0,visible,,,,,taxable,,1,2,,0,0,,,,,1,"МАКО МАРКЕТ ДОО - СКОПЈЕ",,160,"Нега и заштита > Сексуално здравје и интимна нега",,,,,,,,,,,,0,,0,173,174,,,,,,,,,,,,,,,,,,,,,,,,,,,,,,,,,,,,,,,
8684,simple,,"EVERY DAY SUPER AKTIV vloski /10- 1807 (700908)",1,0,visible,,,,,taxable,,1,5,,0,0,,,,,1,"МАКО МАРКЕТ ДОО - СКОПЈЕ",,100,"Нега и заштита > Сексуално здравје и интимна нега",,,,,,,,,,,,0,,0,201,202,,,,,,,,,,,,,,,,,,,,,,,,,,,,,,,,,,,,,,,
8685,simple,,"EVERY DAY SUPER FRESH economy/18 -0614 (700922)",1,0,visible,,,,,taxable,,1,,,0,0,,,,,1,"MEGA ",,"160,00","Нега и заштита > Сексуално здравје и интимна нега",,,,,,,,,,,,0,,0,169,170,,,,,,,,,,,,,,,,,,,,,,,,,,,,,,,,,,,,,,,
8686,simple,,"FEMIBION 1 tbl x 30",1,0,visible,,,,,taxable,reduced-rate,0,0,,0,0,,,,,1,MERK,,720,"Витамини и суплементи > Витамини за трудници и доилки",,,,,,,,,,,,0,,0,199,200,,,,,,,,,,,,,,,,,,,,,,,,,,,,,,,,,,,,,,,
8704,simple,,"DR.HAUSCHKA Krem od rozi 30ml",1,0,visible,,,,,taxable,,1,,,0,0,,,,,0,,,1280,"Нега и заштита > Кожа, Нега и заштита",,,https://lifeline.mk/wp-content/uploads/2021/11/roza-krema.jpeg,,,,,,,,,0,"Dr. Hauschka",0,213,214,,classic-editor,d585b10f-5280-4db3-9810-4f75f5e51645,field_6081ae4f27756,822.7,822.7,0,0,enable,default,default,0,0,0,0,default,default,default,default,default,0,disable,enable,right,default,default,default,,,,,,,,,,,,
8705,simple,,"DR.HAUSCHKA TONIK ZA LICE SPECIJALEN 100ML",1,0,visible,,,,,taxable,,1,1,,notify,0,,,,,0,,,1350,"Нега и заштита > Кожа, Нега и заштита",,,https://lifeline.mk/wp-content/uploads/2021/11/tonic-za-lice-special.jpg,,,,,,,,,0,"Dr. Hauschka",0,243,244,,classic-editor,c34425b7-d07e-4d73-98b3-1c63c4b7aaa0,field_6081ae4f27756,866.4,866.4,0,0,enable,default,default,0,0,0,0,default,default,default,default,default,0,disable,enable,right,default,default,default,,,,,,,,,,,60,
8706,simple,,"FERVEX adults kese x 8",1,0,visible,,,,,taxable,reduced-rate,1,34,,0,0,,,,,0,"BRISTOL MYERS SQUIBB",,260,"Настинка и грип",,,,,,,,,,,,0,Amicus,0,259,260,,,,,,,,,,,,,,,,,,,,,,,,,,,,,,,,,,,,,,,
8707,simple,,"FERVEX sugar free kesicki x 8",1,0,visible,,,,,taxable,reduced-rate,1,8,,0,0,,,,,0,"BRISTOL MYERS SQUIBB",,335,"Настинка и грип",,,,,,,,,,,,0,Amicus,0,194,195,,,,,,,,,,,,,,,,,,,,,,,,,,,,,,,,,,,,,,,
8708,simple,,"FILTRI ZA MASKA N99 X2",1,0,visible,,,,,taxable,,1,7,,0,0,,,,,1,UVOZ,,120,"Медицински помагала",,,,,,,,,,,,0,,0,160,161,,,,,,,,,,,,,,,,,,,,,,,,,,,,,,,,,,,,,,,
8709,simple,,"FITALP gel 50 ml",1,0,visible,,,,,taxable,,1,1,,0,0,,,,,0,FITOFARM,,170,"Против болка",,,https://lifeline.mk/wp-content/uploads/2021/11/gel-2.jpg,,,,,,,,,0,Fitofarm,0,706,707,,,,,,,,,,,,,,,,,,,,,,,,,,,,,,,,,,,,,,,
8710,simple,,"FITALP INHALATOR  i kapki",1,0,visible,,,,,taxable,,0,0,,0,0,,,,,0,FITOFARM,,330,"Настинка и грип",,,https://lifeline.mk/wp-content/uploads/2021/11/inhalator.jpg,,,,,,,,,0,Fitofarm,0,415,416,,,,,,,,,,,,,,,,,,,,,,,,,,,,,,,,,,,,,,,
8711,simple,,"FLASTER ALFAPLAST 1,25cm X5m TEKSTILEN",1,0,visible,,,,,taxable,,0,0,,0,0,,,,,1,EUROFARM,,50,"Медицински помагала",,,,,,,,,,,,0,,0,228,229,,,,,,,,,,,,,,,,,,,,,,,,,,,,,,,,,,,,,,,
8712,simple,,"FLASTER BETAPORE hart. 5m x 1,25cm",1,0,visible,,,,,taxable,,0,0,,0,0,,,,,1,"BUSINESS HOUSE",,45,"Медицински помагала",,,,,,,,,,,,0,,0,265,266,,,,,,,,,,,,,,,,,,,,,,,,,,,,,,,,,,,,,,,
8713,simple,,"FLASTER BETAPORE hart. 5m x 2.5cm",1,0,visible,,,,,taxable,,0,0,,0,0,,,,,1,"BUSINESS HOUSE",,65,"Медицински помагала",,,,,,,,,,,,0,,0,224,225,,,,,,,,,,,,,,,,,,,,,,,,,,,,,,,,,,,,,,,
8714,simple,,"FLASTER SANPLAST 5cm x 5m",1,0,visible,,,,,taxable,,0,0,,0,0,,,,,1,HOSS,,90,"Медицински помагала",,,,,,,,,,,,0,,0,168,169,,,,,,,,,,,,,,,,,,,,,,,,,,,,,,,,,,,,,,,
8715,simple,,"FLEXOFYTOL X60",1,0,visible,,,,,taxable,reduced-rate,1,1,,0,0,,,,,0,"BAYER OTC",,1270,"Витамини и суплементи > Коски\, зглобови и мускули",,,https://lifeline.mk/wp-content/uploads/2021/11/web-frame.jpg,,,,,,,,,0,,0,351,352,,,,,,,,,,,,,,,,,,,,,,,,,,,,,,,,,,,,,,,
8716,simple,,"FLOGOCID MAST 50G",1,0,visible,,,,,taxable,,0,0,,0,0,,,,,1,EUROFARM,,180,"Нега и заштита > Кожа",,,,,,,,,,,,0,,0,1790,1791,,,,,,,,,,,,,,,,,,,,,,,,,,,,,,,,,,,,,,,
8717,simple,,"FLONIVIN PLUS caps. x 10",1,0,visible,,,,,taxable,reduced-rate,1,2,,0,0,,,,,1,GALENIKA,,290,"Витамини и суплементи > Дигестивен тракт и пробиотици",,,,,,,,,,,,0,,0,423,424,,,,,,,,,,,,,,,,,,,,,,,,,,,,,,,,,,,,,,,
8718,simple,,"FOLACID x 120tbl - HEALTHY LIFE",1,0,visible,,,,,taxable,reduced-rate,0,0,,0,0,,,,,1,"INTEGRAL DOOEL",,"269,04","Витамини и суплементи > Витамини за трудници и доилки",,,,,,,,,,,,0,,0,188,189,,,,,,,,,,,,,,,,,,,,,,,,,,,,,,,,,,,,,,,
8719,simple,,"FOLNA KISELINA tbl. 20 x 5 mg",1,0,visible,,,,,taxable,reduced-rate,0,0,,0,0,,,,,1,REPLEKFARM,,"33,3","Витамини и суплементи > Витамини за трудници и доилки",,,,,,,,,,,,0,,0,468,469,,,,,,,,,,,,,,,,,,,,,,,,,,,,,,,,,,,,,,,
8720,simple,,"FORTELAX sirup 75 ml",1,0,visible,,,,,taxable,,1,1,,0,0,,,,,0,SALVUS,,300,"Витамини и суплементи > Дигестивен тракт и пробиотици",,,,,,,,,,,,0,Pharmanova,0,349,350,,,,,,,,,,,,,,,,,,,,,,,,,,,,,,,,,,,,,,,
8721,simple,,"FORTRANS kesicki 4 x 64 g",1,0,visible,,,,,taxable,reduced-rate,1,6,,0,0,,,,,1,"BEAUFOUR IPSEN INDUSTRIE",,"576,19","Витамини и суплементи > Дигестивен тракт и пробиотици",,,,,,,,,,,,0,,0,424,425,,,,,,,,,,,,,,,,,,,,,,,,,,,,,,,,,,,,,,,
8722,simple,,"FORVITA A,C,E + SE tbl.x 30",1,0,visible,,,,,taxable,reduced-rate,1,1,,0,0,,,,,0,REPLEKFARM,,120,"Витамини и суплементи > Имунитет",,,https://lifeline.mk/wp-content/uploads/2021/11/Forvita_SE_ENG-600x450-1.jpg,,,,,,,,,0,Forvita,0,260,261,,,,,,,,,,,,,,,,,,,,,,,,,,,,,,,,,,,,,,,
8723,simple,,"FORVITA ANTI-STRESS tbl.x 30",1,0,visible,,,,,taxable,reduced-rate,1,3,,0,0,,,,,0,REPLEKFARM,,180,"Витамини и суплементи > Заштита на нервниот систем",,,https://lifeline.mk/wp-content/uploads/2021/11/Forvita_AntiStress_ENG-600x450-1.jpg,,,,,,,,,0,Forvita,0,259,260,,,,,,,,,,,,,,,,,,,,,,,,,,,,,,,,,,,,,,,
8724,simple,,"FORVITA AVIREX caps.x60 (d3+zn+b12)",1,0,visible,,,,,taxable,reduced-rate,1,1,,0,0,,,,,0,"REPLEK FARM OTC",,320,"Витамини и суплементи > Имунитет",,,https://lifeline.mk/wp-content/uploads/2021/11/Forvita-Avirex.jpg,,,,,,,,,0,Forvita,0,243,244,,,,,,,,,,,,,,,,,,,,,,,,,,,,,,,,,,,,,,,
8725,simple,,"FORVITA B-KOMPLEX TBL.X 500",1,0,visible,,,,,taxable,reduced-rate,1,54,,0,0,,,,,0,"REPLEK FARM OTC",,750,"Витамини и суплементи > Заштита на нервниот систем",,,https://lifeline.mk/wp-content/uploads/2021/11/Forvita_B_Komleks-600x450-1.jpg,,,,,,,,,0,Forvita,0,201,202,,,,,,,,,,,,,,,,,,,,,,,,,,,,,,,,,,,,,,,
8726,simple,,"FORVITA D3 4000 IE tbl.x100",1,0,visible,,,,,taxable,reduced-rate,1,1,,0,0,,,,,0,"REPLEK FARM OTC",,300,"Витамини и суплементи > Имунитет",,,https://lifeline.mk/wp-content/uploads/2021/11/Forvita-D3-1.jpg,,,,,,,,,0,Forvita,0,226,227,,,,,,,,,,,,,,,,,,,,,,,,,,,,,,,,,,,,,,,
8728,simple,,"FORVITA KIDS D3 tbl.90 x 400 IE",1,0,visible,,,,,taxable,reduced-rate,1,1,,0,0,,,,,0,"REPLEK FARM OTC",,200,"Витамини и суплементи > Имунитет",,,https://lifeline.mk/wp-content/uploads/2021/11/Forvita-kids-D3.jpg,,,,,,,,,0,Forvita,0,234,235,,,,,,,,,,,,,,,,,,,,,,,,,,,,,,,,,,,,,,,
8729,simple,,"FORVITA vit. C tbl. 30x 1000mg",1,0,visible,,,,,taxable,reduced-rate,1,2,,0,0,,,,,0,"REPLEK FARM OTC",,380,"Витамини и суплементи > Имунитет",,,https://lifeline.mk/wp-content/uploads/2021/11/ReplekFarm-WC-Product-ForvitaC-1000mg-EN.jpg,,,,,,,,,0,Forvita,0,266,267,,,,,,,,,,,,,,,,,,,,,,,,,,,,,,,,,,,,,,,
8730,simple,,"BIODERMA-SEBIUM NIGHT PEEL 40ML",1,0,visible,,,,,taxable,,1,,,0,0,,,,,0,,,1270,"Нега и заштита > Кожа, Нега и заштита",,,https://lifeline.mk/wp-content/uploads/2021/11/bioderma-sebium-night-peel-40ml_2.jpg,,,,,,,,,0,Bioderma,0,225,226,,classic-editor,6b32d0d9-0f6e-433f-8f07-ad83c1b9ee2c,field_6081ae4f27756,771.4,771.4,0,0,enable,default,default,0,0,0,0,default,default,default,default,default,0,disable,enable,right,default,default,default,258,,,,,,,,0,,60,
8731,simple,,"FUTROLI za ochila",1,0,visible,,,,,taxable,,1,14,,0,0,,,,,1,"ГЛОРИ-ГБ ДООЕЛ",,120,"Медицински помагала",,,,,,,,,,,,0,,0,293,294,,,,,,,,,,,,,,,,,,,,,,,,,,,,,,,,,,,,,,,
8732,simple,,"BIODERMA SENSIBIO RICH krem 40ml",1,0,visible,,,,,taxable,,1,,,0,0,,,,,0,,,850,"Нега и заштита > Кожа, Нега и заштита",,,https://lifeline.mk/wp-content/uploads/2021/11/bioderma-sensibio-rich-soothing-cream-sensitive-intolerant-skin-40ml_2.jpg,,,,,,,,,0,Bioderma,0,212,213,,classic-editor,29e21712-39c0-40c9-a95b-88d295205471,field_6081ae4f27756,558.6,558.6,0,0,enable,default,default,0,0,0,0,default,default,default,default,default,0,disable,enable,right,default,default,default,,,,,,,,,,,,
8733,simple,,"GAMIBETAL tbl.500mg x20",1,0,visible,,,,,taxable,reduced-rate,0,0,,0,0,,,,,1,UPSA,,"984,38","Витамини и суплементи > Заштита на нервниот систем",,,,,,,,,,,,0,,0,1379,1380,,,,,,,,,,,,,,,,,,,,,,,,,,,,,,,,,,,,,,,
8746,simple,,"VICHY Capital Soleil UV-AGE DAILY воден флуид против фото-стареење UVB SPF 50+ и UVA PF 46",1,0,visible,,,,"2022-03-28 0:59:59",taxable,,0,,,0,0,,,,,0,,1276,1595,"Нега и заштита > Заштита од сонце, Нега и заштита > Кожа, Нега и заштита",,,https://lifeline.mk/wp-content/uploads/2021/11/Vichy-Capital-Soleil-UV-Age-Daily-Fluid-40-ml.jpg,,,,,,,,,0,"Capital Soleil,Vichy",0,91,92,,classic-editor,0a2bb92f-11c4-4da6-839c-1406b9410088,field_6081ae4f27756,1070,1070,0,0,enable,default,default,0,0,0,0,default,default,default,default,default,0,disable,enable,right,default,default,default,304,,0,,,,,,0,,,
8747,simple,,"GARNIER COLOR NATURALS. 660",1,0,visible,,,,,taxable,,0,0,,0,0,,,,,1,"TIM POINT",,160,"Нега и заштита > Коса",,,,,,,,,,,,0,,0,231,232,,,,,,,,,,,,,,,,,,,,,,,,,,,,,,,,,,,,,,,
8748,simple,,"GARNIER FARBA NATURALS 110",1,0,visible,,,,,taxable,,0,0,,0,0,,,,,1,GARNIER,,160,"Нега и заштита > Коса",,,,,,,,,,,,0,,0,111,112,,,,,,,,,,,,,,,,,,,,,,,,,,,,,,,,,,,,,,,
8750,simple,,"GARNIER FARBA NATURALS 9.1",1,0,visible,,,,,taxable,,0,0,,0,0,,,,,1,GARNIER,,155,"Нега и заштита > Коса",,,,,,,,,,,,0,,0,286,287,,,,,,,,,,,,,,,,,,,,,,,,,,,,,,,,,,,,,,,
8751,simple,,"GASTAL tbl. x 24",1,0,visible,,,,,taxable,reduced-rate,1,2,,0,0,,,,,1,"PLIVA OTC",,155,"Витамини и суплементи > Дигестивен тракт и пробиотици",,,,,,,,,,,,0,,0,214,215,,,,,,,,,,,,,,,,,,,,,,,,,,,,,,,,,,,,,,,
8752,simple,,"VICHY Dercos Anti-Dandruff Deep Purifying Shampoo",1,0,visible,,,,,taxable,,0,0,,0,0,,,,,0,,,998,"Нега и заштита > Коса, Нега и заштита",,,https://lifeline.mk/wp-content/uploads/2021/11/web-frame1-1-1.jpg,,,,,,,,,0,"Dercos,Vichy",0,140,141,,classic-editor,hehe,field_6081ae4f27756,,,0,0,enable,default,default,0,0,0,0,default,default,default,default,default,0,disable,enable,right,default,default,default,304,,,,,,,,,,60,
8753,simple,,"GAVEZ GEL 100ml",1,0,visible,,,,,taxable,,1,1,,0,0,,,,,1,ESSENSA,,275,"Против болка",,,,,,,,,,,,0,,0,288,289,,,,,,,,,,,,,,,,,,,,,,,,,,,,,,,,,,,,,,,
8754,simple,,"TETE KUPKA PENLIVA  ZIMSKA NEZNOST 420ML",1,0,visible,,,,,taxable,,1,1,,0,0,,,,,0,,,280,"Нега и заштита > Купки и производи за туширање, Нега и заштита",,,https://lifeline.mk/wp-content/uploads/2021/11/TETE-KUPKA-PENLIVA-ZIMSKA-NEZNOST-420ML.jpg,,,,,,,,,0,Tetesept,0,106,107,,classic-editor,328483cf-4122-4126-b6e3-359713e37372,field_6081ae4f27756,185.07,185.07,0,0,enable,default,default,0,0,0,0,default,default,default,default,default,0,disable,enable,right,default,default,default,,,,,,,,,,,,
8755,simple,,"TETESEPT DOZA BLAGODARNOST",1,0,visible,,,,,taxable,,0,0,,0,0,,,,,0,,,90,"Нега и заштита > Купки и производи за туширање, Нега и заштита",,,https://lifeline.mk/wp-content/uploads/2021/11/doza-blagodarnost-tete.jpg,,,,,,,,,0,Tetesept,0,60,61,,classic-editor,b618e28e-a760-4ac1-b264-950d1656ee55,field_6081ae4f27756,60.45,60.45,0,0,enable,default,default,0,0,0,0,default,default,default,default,default,0,disable,enable,right,default,default,default,,,,,,,,,,,,
8756,simple,,"TETESEPT GEL KREAM HELLO BEAUTY",1,0,visible,,,,,taxable,,0,0,,0,0,,,,,0,,,230,"Нега и заштита > Купки и производи за туширање, Нега и заштита",,,https://lifeline.mk/wp-content/uploads/2021/11/TETESEPT-GEL-KREAM-HELLO-BEAUTY.jpg,,,,,,,,,0,Tetesept,0,78,79,,classic-editor,c20c37e9-7b09-4f51-a2d7-947a78139a00,field_6081ae4f27756,150.66,150.66,0,0,enable,default,default,0,0,0,0,default,default,default,default,default,0,disable,enable,right,default,default,default,,,,,,,,,,,,
8757,simple,,"TETESEPT GUSARSKA AVANTURA",1,0,visible,,,,,taxable,,1,2,,0,0,,,,,0,,,170,"Нега и заштита > Купки и производи за туширање, Нега и заштита",,,https://lifeline.mk/wp-content/uploads/2021/11/TETESEPT-GUSARSKA-AVANTURA.jpg,,,,,,,,,0,Tetesept,0,141,142,,classic-editor,86b73a4a-2380-4ec5-b649-a446fbb591a7,field_6081ae4f27756,110.67,110.67,0,0,enable,default,default,0,0,0,0,default,default,default,default,default,0,disable,enable,right,default,default,default,,,,,,,,,,,,
8758,simple,,"TETESEPT HELLO HAPPINESS",1,0,visible,,,,,taxable,,0,0,,0,0,,,,,0,,,230,"Нега и заштита > Купки и производи за туширање, Нега и заштита",,,https://lifeline.mk/wp-content/uploads/2021/11/TETESEPT-HELLO-HAPPINESS.jpg,,,,,,,,,0,Tetesept,0,85,86,,classic-editor,e52c22ac-f802-448c-a519-156a4868aac2,field_6081ae4f27756,150.66,150.66,0,0,enable,default,default,0,0,0,0,default,default,default,default,default,0,disable,enable,right,default,default,default,,,,,,,,,,,,
8759,simple,,"GAZA ZLOZENEC 5x8sm/10",1,0,visible,,,,,taxable,,1,24,,0,0,,,,,1,TOSAMA,,80,"Медицински помагала",,,,,,,,,,,,0,,0,120,121,,,,,,,,,,,,,,,,,,,,,,,,,,,,,,,,,,,,,,,
8760,simple,,"TETESEPT HELLO WINTERCARE",1,0,visible,,,,,taxable,,0,0,,0,0,,,,,0,,,230,"Нега и заштита > Купки и производи за туширање, Нега и заштита",,,https://lifeline.mk/wp-content/uploads/2021/11/TETESEPT-HELLO-WINTERCARE.jpg,,,,,,,,,0,Tetesept,0,84,85,,classic-editor,fbcf2e92-b91a-4517-9864-78cab39dcfb0,field_6081ae4f27756,150.66,150.66,0,0,enable,default,default,0,0,0,0,default,default,default,default,default,0,disable,enable,right,default,default,default,,,,,,,,,,,,
8761,simple,,"TETESEPT HELLO WINTERHEART",1,0,visible,,,,,taxable,,0,0,,0,0,,,,,0,,,230,"Нега и заштита > Купки и производи за туширање, Нега и заштита",,,https://lifeline.mk/wp-content/uploads/2021/11/TETESEPT-HELLO-WINTERHEART.jpg,,,,,,,,,0,Tetesept,0,143,144,,classic-editor,22c294fa-b2af-49db-877b-80d063f4796d,field_6081ae4f27756,150.66,150.66,0,0,enable,default,default,0,0,0,0,default,default,default,default,default,0,disable,enable,right,default,default,default,,,,,,,,,,,,
8762,simple,,"GEL ZA DEZINFEKCIJA DESDERMAN 500ml",1,0,visible,,,,,taxable,reduced-rate,1,1,,0,0,,,,,1,UVOZ,,300,"Нега и заштита > Средства за дезинфекција",,,,,,,,,,,,0,,0,163,164,,,,,,,,,,,,,,,,,,,,,,,,,,,,,,,,,,,,,,,
8763,simple,,"TETESEPT KUPKA BACK WARM BATH",1,0,visible,,,,,taxable,,1,1,,0,0,,,,,0,,,440,"Нега и заштита > Купки и производи за туширање, Нега и заштита",,,https://lifeline.mk/wp-content/uploads/2021/11/TETESEPT-KUPKA-BACK-WARM-BATH.jpg,,,,,,,,,0,Tetesept,0,179,180,,classic-editor,8980bc71-60db-4381-938c-a4ff46ebb37f,field_6081ae4f27756,295.74,295.74,0,0,enable,default,default,0,0,0,0,default,default,default,default,default,0,disable,enable,right,default,default,default,,,,,,,,,,,,
8764,simple,,"TETESEPT KUPKA BRONCHIALBATH",1,0,visible,,,,,taxable,,1,1,,0,0,,,,,0,,,440,"Нега и заштита > Купки и производи за туширање, Нега и заштита",,,https://lifeline.mk/wp-content/uploads/2021/11/TETESEPT-KUPKA-BRONCHIALBATH.jpg,,,,,,,,,0,Tetesept,0,195,196,,classic-editor,2621826a-9a33-470b-95dc-96c8e6d80c6a,field_6081ae4f27756,295.74,295.74,0,0,enable,default,default,0,0,0,0,default,default,default,default,default,0,disable,enable,right,default,default,default,,,,,,,,,,,,
8765,simple,,"GERMANIUM 132+NAT cps. 60X500mg",1,0,visible,,,,,taxable,reduced-rate,1,2,,0,0,,,,,1,VIKT,,4400,"Витамини и суплементи > Имунитет",,,,,,,,,,,,0,,0,275,276,,,,,,,,,,,,,,,,,,,,,,,,,,,,,,,,,,,,,,,
8766,simple,,"TETESEPT KUPKA DEEP RELAX",1,0,visible,,,,,taxable,,0,0,,0,0,,,,,0,,,430,"Нега и заштита > Купки и производи за туширање, Нега и заштита",,,https://lifeline.mk/wp-content/uploads/2021/11/TETESEPT-KUPKA-DEEP-RELAX.jpg,,,,,,,,,0,Tetesept,0,101,102,,classic-editor,18ee36ad-1e33-44e1-ae60-5eb841744b94,field_6081ae4f27756,295.74,295.74,0,0,enable,default,default,0,0,0,0,default,default,default,default,default,0,disable,enable,right,default,default,default,,,,,,,,,,,,
8767,simple,,"TETESEPT KUPKA INDISKA AJUVEDA",1,0,visible,,,,,taxable,,0,0,,0,0,,,,,0,,,420,"Нега и заштита > Купки и производи за туширање, Нега и заштита",,,https://lifeline.mk/wp-content/uploads/2021/11/TETESEPT-KUPKA-INDISKA-AJUVEDA.jpg,,,,,,,,,0,Tetesept,0,301,302,,classic-editor,5e4591c8-ef29-4665-8f8d-a9c791c5ae2a,field_6081ae4f27756,281.79,281.79,0,0,enable,default,default,0,0,0,0,default,default,default,default,default,0,disable,enable,right,default,default,default,,,,,,,,,,,,
8768,simple,,"GINGIVAL GEL NBF NANO 30g",1,0,visible,,,,,taxable,,1,1,,0,0,,,,,1,BAYER,,430,"Дентална програма",,,,,,,,,,,,0,,0,279,280,,,,,,,,,,,,,,,,,,,,,,,,,,,,,,,,,,,,,,,
8769,simple,,"TETESEPT KUPKA JOINT&amp;MUSCLE",1,0,visible,,,,,taxable,,1,1,,0,0,,,,,0,,,440,"Нега и заштита > Купки и производи за туширање, Нега и заштита",,,https://lifeline.mk/wp-content/uploads/2021/11/TETESEPT-KUPKA-JOINTMUSCLE.jpg,,,,,,,,,0,Tetesept,0,230,231,,classic-editor,66d21655-a80a-4a24-b454-efdcdbca3ea1,field_6081ae4f27756,295.74,295.74,0,0,enable,default,default,0,0,0,0,default,default,default,default,default,0,disable,enable,right,default,default,default,,,,,,,,,,,,
8770,simple,,"TETESEPT KUPKA KAPENJE HOKUS POKUS",1,0,visible,,,,,taxable,,1,1,,0,0,,,,,0,,,115,"Нега и заштита > Купки и производи за туширање, Нега и заштита",,,https://lifeline.mk/wp-content/uploads/2021/11/TETESEPT-KUPKA-KAPENJE-HOKUS-POKUS.jpg,,,,,,,,,0,Tetesept,0,307,308,,classic-editor,2fe73841-4179-4167-929d-c09c870757f2,field_6081ae4f27756,75.33,75.33,0,0,enable,default,default,0,0,0,0,default,default,default,default,default,0,disable,enable,right,default,default,default,,,,,,,,,,,,
8771,simple,,"GLYCEROLUM 50 ml",1,0,visible,,,,,taxable,,0,0,,0,0,,,,,1,FITOFARM,,100,"Нега и заштита > Кожа",,,,,,,,,,,,0,,0,323,324,,,,,,,,,,,,,,,,,,,,,,,,,,,,,,,,,,,,,,,
8772,simple,,"TETESEPT KUPKA MALA SIRENA",1,0,visible,,,,,taxable,,0,0,,0,0,,,,,0,,,220,"Нега и заштита > Купки и производи за туширање, Нега и заштита",,,https://lifeline.mk/wp-content/uploads/2021/11/TETESEPT-KUPKA-MALA-SIRENA.jpg,,,,,,,,,0,Tetesept,0,270,271,,classic-editor,e8b0cd3e-72dd-4393-a826-771648051678,field_6081ae4f27756,144.15,144.15,0,0,enable,default,default,0,0,0,0,default,default,default,default,default,0,disable,enable,right,default,default,default,,,,,,,,,,,,
8773,simple,,"TETESEPT KUPKA MALI RAZBOJNICI",1,0,visible,,,,,taxable,,1,1,,0,0,,,,,0,,,120,"Нега и заштита > Купки и производи за туширање, Нега и заштита",,,https://lifeline.mk/wp-content/uploads/2021/11/TETESEPT-KUPKA-MALI-RAZBOJNICI.jpg,,,,,,,,,0,Tetesept,0,211,212,,classic-editor,a7c371c7-c87b-40c3-875f-960f46f58c79,field_6081ae4f27756,75.33,75.33,0,0,enable,default,default,0,0,0,0,default,default,default,default,default,0,disable,enable,right,default,default,default,,,,,,,,,,,,
8774,simple,,"GYNEX 4 vag.x 10",1,0,visible,,,,,taxable,reduced-rate,1,1,,0,0,,,,,1,FITOFARM,,385,"Нега и заштита > Сексуално здравје и интимна нега",,,,,,,,,,,,0,,0,234,235,,,,,,,,,,,,,,,,,,,,,,,,,,,,,,,,,,,,,,,
8775,simple,,"TETESEPT KUPKA MUSCLE RELAX",1,0,visible,,,,,taxable,,1,1,,0,0,,,,,0,,,440,"Нега и заштита > Купки и производи за туширање, Нега и заштита",,,https://lifeline.mk/wp-content/uploads/2021/11/TETESEPT-KUPKA-MUSCLE-RELAX.jpg,,,,,,,,,0,Tetesept,0,170,171,,classic-editor,2c6d5f22-8d31-46fd-940e-c462b99778b6,field_6081ae4f27756,295.74,295.74,0,0,enable,default,default,0,0,0,0,default,default,default,default,default,0,disable,enable,right,default,default,default,,,,,,,,,,,,
8776,simple,,"GYNEX FORTE vag.x 10",1,0,visible,,,,,taxable,reduced-rate,1,1,,0,0,,,,,1,FITOFARM,,470,"Нега и заштита > Сексуално здравје и интимна нега",,,,,,,,,,,,0,,0,442,443,,,,,,,,,,,,,,,,,,,,,,,,,,,,,,,,,,,,,,,
8777,simple,,"TETESEPT KUPKA ORIENTAL",1,0,visible,,,,,taxable,,0,0,,0,0,,,,,0,,,410,"Нега и заштита > Купки и производи за туширање, Нега и заштита",,,https://lifeline.mk/wp-content/uploads/2021/11/TETESEPT-KUPKA-ORIENTAL.jpg,,,,,,,,,0,Tetesept,0,314,315,,classic-editor,d270f910-fbd0-4956-b173-be02b7a01133,field_6081ae4f27756,281.79,281.79,0,0,enable,default,default,0,0,0,0,default,default,default,default,default,0,disable,enable,right,default,default,default,,,,,,,,,,,60,
8778,simple,,"TETESEPT KUPKA PENLIVA IGRA NA DOZD",1,0,visible,,,,,taxable,,0,0,,0,0,,,,,0,,,110,"Нега и заштита > Купки и производи за туширање, Нега и заштита",,,https://lifeline.mk/wp-content/uploads/2021/11/TETESEPT-KUPKA-PENLIVA-IGRA-NA-DOZD.jpg,,,,,,,,,0,Tetesept,0,361,362,,classic-editor,b3ef6152-85bf-413b-8697-22530061b6ba,field_6081ae4f27756,69.75,69.75,0,0,enable,default,default,0,0,0,0,default,default,default,default,default,0,disable,enable,right,default,default,default,,,,,,,,,,,,
8779,simple,,"TETESEPT KUPKA PENLIVA ZIMSKA MAGIJA 420ML",1,0,visible,,,,,taxable,,0,0,,0,0,,,,,0,,,280,"Нега и заштита > Купки и производи за туширање, Нега и заштита",,,https://lifeline.mk/wp-content/uploads/2021/11/TETESEPT-KUPKA-PENLIVA-ZIMSKA-MAGIJA-420ML.jpg,,,,,,,,,0,Tetesept,0,104,105,,classic-editor,e2fcba1d-e074-4223-9582-096a8f9b5912,field_6081ae4f27756,185.07,185.07,0,0,enable,default,default,0,0,0,0,default,default,default,default,default,0,disable,enable,right,default,default,default,,,,,,,,,,,,
8780,simple,,"TETESEPT KUPKI SET 3X20ML",1,0,visible,,,,,taxable,,0,0,,0,0,,,,,0,,,330,"Нега и заштита > Купки и производи за туширање, Нега и заштита",,,https://lifeline.mk/wp-content/uploads/2021/11/TETESEPT-KUPKI-SET-3X20ML.jpg,,,,,,,,,0,Tetesept,0,155,156,,classic-editor,63635234-71da-44af-af53-14456391fd9a,field_6081ae4f27756,216.69,216.69,0,0,enable,default,default,0,0,0,0,default,default,default,default,default,0,disable,enable,right,default,default,default,,,,,,,,,,,,
8781,simple,,"TETESEPT MAL ASTRONAUT",1,0,visible,,,,,taxable,,0,0,,0,0,,,,,0,,,120,"Нега и заштита > Купки и производи за туширање, Нега и заштита",,,https://lifeline.mk/wp-content/uploads/2021/11/TETESEPT-MAL-ASTRONAUT.jpg,,,,,,,,,0,Tetesept,0,137,138,,classic-editor,bb193eab-2307-4526-bbcb-05855078d26e,field_6081ae4f27756,75.33,75.33,0,0,enable,default,default,0,0,0,0,default,default,default,default,default,0,disable,enable,right,default,default,default,,,,,,,,,,,,
8782,simple,,"TETESEPT MOJ EDNOROG",1,0,visible,,,,,taxable,,1,1,,0,0,,,,,0,,,110,"Нега и заштита > Купки и производи за туширање, Нега и заштита",,,https://lifeline.mk/wp-content/uploads/2021/11/TETESEPT-MOJ-EDNOROG.jpg,,,,,,,,,0,Tetesept,0,297,298,,classic-editor,9a4b6580-9a83-4f0d-91d1-ada111b0cce9,field_6081ae4f27756,69.75,69.75,0,0,enable,default,default,0,0,0,0,default,default,default,default,default,0,disable,enable,right,default,default,default,,,,,,,,,,,,
8783,simple,,"H. AID BETA GLUCAN( 1:3/1:6)  x 30cps",1,0,visible,,,,,taxable,reduced-rate,1,3,,0,0,,,,,0,FART,,1200,"Витамини и суплементи > Имунитет",,,https://lifeline.mk/wp-content/uploads/2021/11/healthaid-glukan.jpg,,,,,,,,,0,HealthAid,0,364,365,,,,,,,,,,,,,,,,,,,,,,,,,,,,,,,,,,,,,,,
8784,simple,,"TETESEPT POTRAGA PO BOGATSTVO",1,0,visible,,,,,taxable,,1,2,,0,0,,,,,0,,,220,"Нега и заштита > Купки и производи за туширање, Нега и заштита",,,https://lifeline.mk/wp-content/uploads/2021/11/TETESEPT-POTRAGA-PO-BOGATSTVO.jpg,,,,,,,,,0,Tetesept,0,206,207,,classic-editor,f46d807b-bddc-42e6-8c89-16936dd5a171,field_6081ae4f27756,144.15,144.15,0,0,enable,default,default,0,0,0,0,default,default,default,default,default,0,disable,enable,right,default,default,default,,,,,,,,,,,60,
8785,simple,,"TETESEPT SET KUPKI",1,0,visible,,,,,taxable,,0,0,,0,0,,,,,0,,,450,"Нега и заштита > Купки и производи за туширање, Нега и заштита",,,https://lifeline.mk/wp-content/uploads/2021/11/TETESEPT-SET-KUPKI.jpg,,,,,,,,,0,Tetesept,0,96,97,,classic-editor,06ae2e04-8c00-419b-99e8-1f30ceaecf53,field_6081ae4f27756,305.97,305.97,0,0,enable,default,default,0,0,0,0,default,default,default,default,default,0,disable,enable,right,default,default,default,,,,,,,,,,,60,
8786,simple,,"TETESEPT SOL ZA KAPENJE ANTISTRES",1,0,visible,,,,,taxable,,0,0,,0,0,,,,,0,,,90,"Нега и заштита > Купки и производи за туширање, Нега и заштита",,,https://lifeline.mk/wp-content/uploads/2021/11/TETESEPT-SOL-ZA-KAPENJE-ANTISTRES.jpg,,,,,,,,,0,Tetesept,0,80,81,,classic-editor,43b0b333-739c-4978-9988-f9330b56316c,field_6081ae4f27756,60.45,60.45,0,0,enable,default,default,0,0,0,0,default,default,default,default,default,0,disable,enable,right,default,default,default,,,,,,,,,,,,
8787,simple,,"TETESEPT SOL ZA KAPENJE BACK&amp;SHOULDER 600G",1,0,visible,,,,,taxable,,1,1,,0,0,,,,,0,,,430,"Нега и заштита > Купки и производи за туширање, Нега и заштита",,,https://lifeline.mk/wp-content/uploads/2021/11/TETESEPT-SOL-ZA-KAPENJE-BACKSHOULDER-600G.jpg,,,,,,,,,0,Tetesept,0,74,75,,classic-editor,52587075-1b1e-47e4-9178-c5194b1709d3,field_6081ae4f27756,285.51,285.51,0,0,enable,default,default,0,0,0,0,default,default,default,default,default,0,disable,enable,right,default,default,default,,,,,,,,,,,,
8788,simple,,"H. AID COENZIM Q10  200mg x 30cps",1,0,visible,,,,,taxable,reduced-rate,1,1,,0,0,,,,,0,FART,,1700,"Витамини и суплементи > Заштита на срце и крвни садови",,,https://lifeline.mk/wp-content/uploads/2021/11/H.-AID-COENZIM-Q10-200mg-x-30cps.jpg,,,,,,,,,0,HealthAid,0,166,167,,,,,,,,,,,,,,,,,,,,,,,,,,,,,,,,,,,,,,,
8789,simple,,"TETESEPT SOL ZA KAPENJE COLD RELIEF 600G",1,0,visible,,,,,taxable,,0,0,,0,0,,,,,0,,,430,"Нега и заштита > Купки и производи за туширање, Нега и заштита",,,https://lifeline.mk/wp-content/uploads/2021/11/TETESEPT-SOL-ZA-KAPENJE-COLD-RELIEF-600G.jpg,,,,,,,,,0,Tetesept,0,156,157,,classic-editor,f311552d-0ae1-4ef7-9086-2c347071a7b9,field_6081ae4f27756,285.51,285.51,0,0,enable,default,default,0,0,0,0,default,default,default,default,default,0,disable,enable,right,default,default,default,,,,,,,,,,,,
8790,simple,,"TETESEPT SOL ZA KAPENJE DEEP RELAXATION 600G",1,0,visible,,,,,taxable,,1,1,,0,0,,,,,0,,,430,"Нега и заштита > Купки и производи за туширање, Нега и заштита",,,https://lifeline.mk/wp-content/uploads/2021/11/TETESEPT-SOL-ZA-KAPENJE-DEEP-RELAXATION-600G.jpg,,,,,,,,,0,Tetesept,0,86,87,,classic-editor,d01a93cd-8415-473c-ade2-67f003c28d16,field_6081ae4f27756,285.51,285.51,0,0,enable,default,default,0,0,0,0,default,default,default,default,default,0,disable,enable,right,default,default,default,,,,,,,,,,,,
8791,simple,,"TETESEPT SOL ZA KAPENJE JOINTS&amp;MUSCLES 600G",1,0,visible,,,,,taxable,,1,1,,0,0,,,,,0,,,430,"Нега и заштита > Купки и производи за туширање, Нега и заштита",,,https://lifeline.mk/wp-content/uploads/2021/11/TETESEPT-SOL-ZA-KAPENJE-JOINTSMUSCLES-600G.jpg,,,,,,,,,0,Tetesept,0,93,94,,classic-editor,22508c0b-19db-4692-93cf-79c2983b2220,field_6081ae4f27756,285.51,285.51,0,0,enable,default,default,0,0,0,0,default,default,default,default,default,0,disable,enable,right,default,default,default,,,,,,,,,,,,
8792,simple,,"TETESEPT SOL ZA KAPENJE MALKU SREKJA",1,0,visible,,,,,taxable,,1,1,,0,0,,,,,0,,,90,"Нега и заштита > Купки и производи за туширање, Нега и заштита",,,https://lifeline.mk/wp-content/uploads/2021/11/TETESEPT-SOL-ZA-KAPENJE-MALKU-SREKJA.jpg,,,,,,,,,0,Tetesept,0,249,250,,classic-editor,7abf4c10-7ca3-4beb-9723-0df8169dd570,field_6081ae4f27756,60.45,60.45,0,0,enable,default,default,0,0,0,0,default,default,default,default,default,0,disable,enable,right,default,default,default,,,,,,,,,,,,
8793,simple,,"TETESEPT SOL ZA KAPENJE PARCE LJUBOV",1,0,visible,,,,,taxable,,1,1,,0,0,,,,,0,,,90,"Нега и заштита > Купки и производи за туширање, Нега и заштита",,,https://lifeline.mk/wp-content/uploads/2021/11/TETESEPT-SOL-ZA-KAPENJE-PARCE-LJUBOV.jpg,,,,,,,,,0,Tetesept,0,125,126,,classic-editor,39d044bf-9f91-4f6d-980b-6eafe15a0579,field_6081ae4f27756,60.45,60.45,0,0,enable,default,default,0,0,0,0,default,default,default,default,default,0,disable,enable,right,default,default,default,,,,,,,,,,,,
8794,simple,,"TETESEPT TAJNATA NA KLEOPATRA",1,0,visible,,,,,taxable,,0,0,,0,0,,,,,0,,,410,"Нега и заштита > Купки и производи за туширање, Нега и заштита",,,https://lifeline.mk/wp-content/uploads/2021/11/TETESEPT-TAJNATA-NA-KLEOPATRA.jpg,,,,,,,,,0,Tetesept,0,131,132,,classic-editor,0df609a3-5d12-4a43-81ff-5f4a73a89257,field_6081ae4f27756,281.79,281.79,0,0,enable,default,default,0,0,0,0,default,default,default,default,default,0,disable,enable,right,default,default,default,,,,,,,,,,,,
8795,simple,,"TETESEPT VREME ZA ODMOR",1,0,visible,,,,,taxable,,0,0,,0,0,,,,,0,,,420,"Нега и заштита > Купки и производи за туширање, Нега и заштита",,,https://lifeline.mk/wp-content/uploads/2021/11/TETESEPT-VREME-ZA-ODMOR.jpg,,,,,,,,,0,Tetesept,0,77,78,,classic-editor,bbfa6fbb-10d1-4c15-bf50-331f93b09626,field_6081ae4f27756,281.79,281.79,0,0,enable,default,default,0,0,0,0,default,default,default,default,default,0,disable,enable,right,default,default,default,,,,,,,,,,,,
8796,simple,,"TETESEPT VULKANSKI SVET",1,0,visible,,,,,taxable,,0,0,,0,0,,,,,0,,,120,"Нега и заштита > Купки и производи за туширање, Нега и заштита",,,https://lifeline.mk/wp-content/uploads/2021/11/TETESEPT-VULKANSKI-SVET.jpg,,,,,,,,,0,Tetesept,0,105,106,,classic-editor,ffb14b8b-a39f-4516-b14a-5189cbde9414,field_6081ae4f27756,75.33,75.33,0,0,enable,default,default,0,0,0,0,default,default,default,default,default,0,disable,enable,right,default,default,default,,,,,,,,,,,,
8797,simple,,"H. AID MENOVITAL tbl.x 60",1,0,visible,,,,,taxable,reduced-rate,1,1,,0,0,,,,,0,FART,,1060,"Витамини и суплементи > Менопауза и пмс",,,https://lifeline.mk/wp-content/uploads/2021/11/H.-AID-MENOVITAL-tbl.x-60.png,,,,,,,,,0,HealthAid,0,198,199,,,,,,,,,,,,,,,,,,,,,,,,,,,,,,,,,,,,,,,
8798,simple,,"H. AID NEUROFORTE tbl.x 30",1,0,visible,,,,,taxable,reduced-rate,0,0,,0,0,,,,,0,FART,,900,"Витамини и суплементи > Заштита на нервниот систем",,,https://lifeline.mk/wp-content/uploads/2021/11/H.-AID-NEUROFORTE-tbl.x-30.png,,,,,,,,,0,HealthAid,0,334,335,,,,,,,,,,,,,,,,,,,,,,,,,,,,,,,,,,,,,,,
8799,simple,,"H. AID PREGNAZON complete cps.x 60",1,0,visible,,,,,taxable,reduced-rate,1,1,,0,0,,,,,0,FART,,1080,"Витамини и суплементи > Витамини за трудници и доилки, Витамини и суплементи",,,https://lifeline.mk/wp-content/uploads/2021/11/H.-AID-PREGNAZON-complete-cps.x-60.png,,,,,,,,,0,HealthAid,0,268,269,,,,,,,,,,,,,,,,,,,,,,,,,,,,,,,,,,,,,,,
8800,simple,,"H. AID PREGNAZON tbl. x 30",1,0,visible,,,,,taxable,reduced-rate,1,1,,0,0,,,,,0,FART,,820,"Витамини и суплементи > Витамини за трудници и доилки, Витамини и суплементи",,,https://lifeline.mk/wp-content/uploads/2021/11/H.-AID-PREGNAZON-tbl.-x-30.png,,,,,,,,,0,HealthAid,0,251,252,,,,,,,,,,,,,,,,,,,,,,,,,,,,,,,,,,,,,,,
8801,simple,,"H. AID SERRAPEPTASE 60000 iu cps.x 30",1,0,visible,,,,,taxable,reduced-rate,1,50,,0,0,,,,,0,FART,,930,"Витамини и суплементи > Коски\, зглобови и мускули",,,https://lifeline.mk/wp-content/uploads/2021/11/H.-AID-SERRAPEPTASE-60000-iu-cps.x-30.png,,,,,,,,,0,HealthAid,0,428,429,,,,,,,,,,,,,,,,,,,,,,,,,,,,,,,,,,,,,,,
8802,simple,,"H. AID SEXOVIT forte tbl.x 30",1,0,visible,,,,,taxable,reduced-rate,1,1,,0,0,,,,,0,FART,,1090,"Нега и заштита > Сексуално здравје и интимна нега",,,https://lifeline.mk/wp-content/uploads/2021/11/H.-AID-SEXOVIT-forte-tbl.x-30.jpeg,,,,,,,,,0,HealthAid,0,284,285,,,,,,,,,,,,,,,,,,,,,,,,,,,,,,,,,,,,,,,
8803,simple,,"H. AID SPIRULINA 500mg x 60tbl",1,0,visible,,,,,taxable,reduced-rate,1,1,,0,0,,,,,0,FART,,1200,"Витамини и суплементи > Имунитет",,,https://lifeline.mk/wp-content/uploads/2021/11/H.-AID-SPIRULINA-500mg-x-60tbl.png,,,,,,,,,0,HealthAid,0,260,261,,,,,,,,,,,,,,,,,,,,,,,,,,,,,,,,,,,,,,,
8804,simple,,"H. AID vit. B12 1000 mcg sprej 20ml",1,0,visible,,,,,taxable,reduced-rate,1,1,,0,0,,,,,0,FART,,1080,"Витамини и суплементи > Заштита на нервниот систем",,,https://lifeline.mk/wp-content/uploads/2021/11/H.-AID-vit.-B12-1000-mcg-sprej-20ml.jpg,,,,,,,,,0,HealthAid,0,415,416,,,,,,,,,,,,,,,,,,,,,,,,,,,,,,,,,,,,,,,
8805,simple,,"H. AID VITAMIN C1000x30tbl.",1,0,visible,,,,,taxable,reduced-rate,1,3,,0,0,,,,,0,FART,,970,"Витамини и суплементи > Имунитет",,,https://lifeline.mk/wp-content/uploads/2021/11/healthaid-c.jpg,,,,,,,,,0,HealthAid,0,380,381,,,,,,,,,,,,,,,,,,,,,,,,,,,,,,,,,,,,,,,
8811,simple,,"H. AID V-VEIN tbl. x 60",1,0,visible,,,,,taxable,reduced-rate,1,1,,0,0,,,,,0,FART,,1050,"Витамини и суплементи > Заштита на срце и крвни садови",,,https://lifeline.mk/wp-content/uploads/2021/11/H.-AID-V-VEIN-tbl.-x-60.jpg,,,,,,,,,0,HealthAid,0,275,276,,,,,,,,,,,,,,,,,,,,,,,,,,,,,,,,,,,,,,,
8812,simple,,"H. AID ZINCOVIT C tbl.x 60",1,0,visible,,,,,taxable,reduced-rate,1,1,,0,0,,,,,0,FART,,840,"Витамини и суплементи > Имунитет",,,https://lifeline.mk/wp-content/uploads/2021/11/H.-AID-ZINCOVIT-C-tbl.x-60.png,,,,,,,,,0,HealthAid,0,331,332,,,,,,,,,,,,,,,,,,,,,,,,,,,,,,,,,,,,,,,
8813,simple,,"H. NATURA maslo DIVO ORIGANO 10 ml",1,0,visible,,,,,taxable,reduced-rate,1,1,,0,0,,,,,1,"NATURA PLUS",,640,"Настинка и грип",,,,,,,,,,,,0,,0,453,454,,,,,,,,,,,,,,,,,,,,,,,,,,,,,,,,,,,,,,,
8814,simple,,"H. NATURA maslo GJUMBIR 10ml",1,0,visible,,,,,taxable,reduced-rate,1,2,,0,0,,,,,1,"HERBA NATURA ",,529,"Витамини и суплементи > Коски\, зглобови и мускули",,,,,,,,,,,,0,,0,149,150,,,,,,,,,,,,,,,,,,,,,,,,,,,,,,,,,,,,,,,
8815,simple,,"H. NATURA maslo GREJPFRUT 10ml",1,0,visible,,,,,taxable,reduced-rate,1,1,,0,0,,,,,1,HERBA,,1180,"Витамини и суплементи > Имунитет",,,,,,,,,,,,0,,0,224,225,,,,,,,,,,,,,,,,,,,,,,,,,,,,,,,,,,,,,,,
8816,simple,,"H. NATURA maslo KAJSIJA SEMKI 20ml",1,0,visible,,,,,taxable,reduced-rate,1,1,,0,0,,,,,1,"HERBA NATURA ",,570,"Витамини и суплементи > Имунитет",,,,,,,,,,,,0,,0,164,165,,,,,,,,,,,,,,,,,,,,,,,,,,,,,,,,,,,,,,,
8817,simple,,"H.A SELENIUM TBL. 60 X 200MCG.",1,0,visible,,,,,taxable,reduced-rate,1,1,,0,0,,,,,0,UVOZ,,900,"Витамини и суплементи > Имунитет",,,https://lifeline.mk/wp-content/uploads/2021/11/healthaid-selen.jpg,,,,,,,,,0,HealthAid,0,281,282,,,,,,,,,,,,,,,,,,,,,,,,,,,,,,,,,,,,,,,
8823,simple,,"HAPPY ANTIBAKTERISKI MARAMICI",1,0,visible,,,,,taxable,,1,4,,0,0,,,,,1,UVOZ,,70,"Нега и заштита > Средства за дезинфекција",,,,,,,,,,,,0,,0,157,158,,,,,,,,,,,,,,,,,,,,,,,,,,,,,,,,,,,,,,,
8824,simple,,"HARTIKOL 30 CAPS PHARMAS",1,0,visible,,,,,taxable,reduced-rate,0,0,,0,0,,,,,1,PHARMAS,,650,"Витамини и суплементи > Заштита на срце и крвни садови",,,,,,,,,,,,0,,0,237,238,,,,,,,,,,,,,,,,,,,,,,,,,,,,,,,,,,,,,,,
8825,simple,,"HA-ZINC GLUCONATE TAB. 90 X 70MG",1,0,visible,,,,,taxable,reduced-rate,1,2,,0,0,,,,,0,UVOZ,,920,"Витамини и суплементи > Имунитет",,,https://lifeline.mk/wp-content/uploads/2021/11/healthaid-zn.jpg,,,,,,,,,0,HealthAid,0,395,396,,,,,,,,,,,,,,,,,,,,,,,,,,,,,,,,,,,,,,,
8826,simple,,"HEMOROL mast 35 gr",1,0,visible,,,,,taxable,reduced-rate,1,2,,0,0,,,,,1,FITOFARM,,110,"Витамини и суплементи > Заштита на срце и крвни садови",,,,,,,,,,,,0,,0,282,283,,,,,,,,,,,,,,,,,,,,,,,,,,,,,,,,,,,,,,,
8827,simple,,"HERBA BREZA sampon 1000 ml",1,0,visible,,,,,taxable,,1,1,,0,0,,,,,1,ALKALOID,,80,"Нега и заштита > Коса",,,,,,,,,,,,0,,0,231,232,,,,,,,,,,,,,,,,,,,,,,,,,,,,,,,,,,,,,,,
8828,simple,,"HERBA KAMILICA sampon 1000 ml",1,0,visible,,,,,taxable,,1,1,,0,0,,,,,1,ALKALOID,,90,"Нега и заштита > Коса",,,,,,,,,,,,0,,0,230,231,,,,,,,,,,,,,,,,,,,,,,,,,,,,,,,,,,,,,,,
8832,simple,,"HERBA KOPRIVA sampon 1000 ml",1,0,visible,,,,,taxable,,1,1,,0,0,,,,,1,ALKALOID,,80,"Нега и заштита > Коса",,,,,,,,,,,,0,,0,344,345,,,,,,,,,,,,,,,,,,,,,,,,,,,,,,,,,,,,,,,
8833,simple,,"HERBIFIT VENOGEL gel 75ml",1,0,visible,,,,,taxable,,1,2,,0,0,,,,,1,PHARMAMED,,320,"Витамини и суплементи > Заштита на срце и крвни садови",,,,,,,,,,,,0,,0,310,311,,,,,,,,,,,,,,,,,,,,,,,,,,,,,,,,,,,,,,,
8834,simple,,"HERBIKO K2D3 caps. x 20",1,0,visible,,,,,taxable,reduced-rate,0,0,,0,0,,,,,1,ABELA,,330,"Витамини и суплементи > Коски\, зглобови и мускули",,,,,,,,,,,,0,,0,189,190,,,,,,,,,,,,,,,,,,,,,,,,,,,,,,,,,,,,,,,
8838,simple,,"HERBION BRSLEN sirup 150 ml",1,0,visible,,,,,taxable,reduced-rate,1,11,,0,0,,,,,1,KRKA,,180,"Настинка и грип > Кашлица",,,,,,,,,,,,0,,0,381,382,,,,,,,,,,,,,,,,,,,,,,,,,,,,,,,,,,,,,,,
8839,simple,,"HERBION ISLANDSKI LISAJ sirup 150 ml",1,0,visible,,,,,taxable,reduced-rate,1,5,,0,0,,,,,1,KRKA,,180,"Настинка и грип > Кашлица",,,,,,,,,,,,0,,0,264,265,,,,,,,,,,,,,,,,,,,,,,,,,,,,,,,,,,,,,,,
8840,simple,,"HERBION JAGLIKA sirup 150 ml",1,0,visible,,,,,taxable,reduced-rate,0,0,,0,0,,,,,1,KRKA,,170,"Настинка и грип > Кашлица",,,,,,,,,,,,0,,0,202,203,,,,,,,,,,,,,,,,,,,,,,,,,,,,,,,,,,,,,,,
8846,simple,,"HERBION PASTILI BRSHLEN 16X35 mg",1,0,visible,,,,,taxable,reduced-rate,0,0,,0,0,,,,,1,"KRKA OTC",,180,"Настинка и грип > Кашлица",,,,,,,,,,,,0,,0,229,230,,,,,,,,,,,,,,,,,,,,,,,,,,,,,,,,,,,,,,,
8847,simple,,"HERBION TEGAVEC sirup 150 ml",1,0,visible,,,,,taxable,reduced-rate,0,0,,0,0,,,,,1,KRKA,,170,"Настинка и грип > Кашлица",,,,,,,,,,,,0,,0,298,299,,,,,,,,,,,,,,,,,,,,,,,,,,,,,,,,,,,,,,,
8848,simple,,"HERPESAN gel 7 gr",1,0,visible,,,,,taxable,reduced-rate,1,2,,0,0,,,,,1,FITOFARM,,"145,152","Нега и заштита > Кожа",,,,,,,,,,,,0,,0,288,289,,,,,,,,,,,,,,,,,,,,,,,,,,,,,,,,,,,,,,,
8849,simple,,"HIP 3600 Caj komoraca x20kesi",1,0,visible,,,,,taxable,reduced-rate,1,1,,0,0,,,,,1,BAYER,,170,"Бебешка програма > Бебешка храна",,,,,,,,,,,,0,,0,212,213,,,,,,,,,,,,,,,,,,,,,,,,,,,,,,,,,,,,,,,
8850,simple,,"HIP.6143 TELESKI OBROK 190gr.",1,0,visible,,,,,taxable,reduced-rate,0,0,,0,0,,,,,1,MAGNOLIJA,,"96,399072","Бебешка програма > Бебешка храна",,,,,,,,,,,,0,,0,128,129,,,,,,,,,,,,,,,,,,,,,,,,,,,,,,,,,,,,,,,
8855,simple,,"HIP.6250 PILE so oriz i zel.190 gr",1,0,visible,,,,,taxable,reduced-rate,1,5,,0,0,,,,,1,BAYER,,100,"Бебешка програма > Бебешка храна",,,,,,,,,,,,0,,0,150,151,,,,,,,,,,,,,,,,,,,,,,,,,,,,,,,,,,,,,,,
8856,simple,,"HIPERMANGAN KRISTALI 5G",1,0,visible,,,,,taxable,,1,1,,0,0,,,,,1,GALAFARM,,70,"Нега и заштита > Средства за дезинфекција",,,,,,,,,,,,0,,0,842,843,,,,,,,,,,,,,,,,,,,,,,,,,,,,,,,,,,,,,,,
8857,simple,,"HIPERMANGAN sol. 1% 100 ml",1,0,visible,,,,,taxable,,0,0,,0,0,,,,,1,FITOFARM,,110,"Нега и заштита > Средства за дезинфекција",,,,,,,,,,,,0,,0,426,427,,,,,,,,,,,,,,,,,,,,,,,,,,,,,,,,,,,,,,,
8858,simple,,"HIPP - 8508 JABOLKO/BANANA/BISKVIT 100G",1,0,visible,,,,,taxable,reduced-rate,1,3,,0,0,,,,,1,HIPP,,70,"Бебешка програма > Бебешка храна",,,,,,,,,,,,0,,0,171,172,,,,,,,,,,,,,,,,,,,,,,,,,,,,,,,,,,,,,,,
8865,simple,,"HIPP  VODA  1.5 l 8089",1,0,visible,,,,,taxable,,1,25,,0,0,,,,,1,HIPP,,110,"Бебешка програма > Бебешка храна",,,,,,,,,,,,0,,0,211,212,,,,,,,,,,,,,,,,,,,,,,,,,,,,,,,,,,,,,,,
8867,simple,,"HIPP 2036 COMBIOTIC 2 300g",1,0,visible,,,,,taxable,reduced-rate,1,1,,0,0,,,,,1,"NELT ST-PAMPERS",,455,"Бебешка програма > Бебешка храна",,,,,,,,,,,,0,,0,208,209,,,,,,,,,,,,,,,,,,,,,,,,,,,,,,,,,,,,,,,
8868,simple,,"DR. HAUSCHKA hidratantna dnevna krema 30ml",0,0,visible,,,,,taxable,,backorder,'-1,,1,0,,,,,0,,,990,"Нега и заштита > Кожа, Нега и заштита",,,https://lifeline.mk/wp-content/uploads/2021/11/DR.-HAUSCHKA-hidratantna-dnevna-krema-30ml.jpg,,,,,,,,,0,"Dr. Hauschka",0,,,,classic-editor,3b26e78a-0ea9-4139-bacf-7b98a82d95e1,field_6081ae4f27756,684,684,0,0,enable,default,default,0,0,0,0,default,default,default,default,default,0,disable,enable,right,default,default,default,321,28,,,,,,,,,60,
8869,simple,,"HIPP 2300 -ORS 200 RAST.ZA REHIDR 200 ml.",1,0,visible,,,,,taxable,,1,1,,0,0,,,,,1,"NELT ST-PAMPERS",,92,"Бебешка програма > Бебешка храна",,,,,,,,,,,,0,,0,220,221,,,,,,,,,,,,,,,,,,,,,,,,,,,,,,,,,,,,,,,
8871,simple,,"HIPP 2840 BEBI PCENKA 200 gr",1,0,visible,,,,,taxable,reduced-rate,1,1,,0,0,,,,,1,"ATLANTIC TRADE",,140,"Бебешка програма > Бебешка храна",,,,,,,,,,,,0,,0,190,191,,,,,,,,,,,,,,,,,,,,,,,,,,,,,,,,,,,,,,,
8873,simple,,"HIPP 2951 BEBI ORIZ kasha 250 gr.",1,0,visible,,,,,taxable,reduced-rate,1,1,,0,0,,,,,1,HIPP,,210,"Бебешка програма > Бебешка храна",,,,,,,,,,,,0,,0,149,150,,,,,,,,,,,,,,,,,,,,,,,,,,,,,,,,,,,,,,,
8874,simple,,"HIPP 30405 multi grain 100 % 200gr.",1,0,visible,,,,,taxable,reduced-rate,1,1,,0,0,,,,,1,HIPP,,132,"Бебешка програма > Бебешка храна",,,,,,,,,,,,0,,0,189,190,,,,,,,,,,,,,,,,,,,,,,,,,,,,,,,,,,,,,,,
8876,simple,,"HIPP- 3644 caj od komoraca 15x0.36 kesi",1,0,visible,,,,,taxable,reduced-rate,0,0,,0,0,,,,,1,"ATLANTIC TRADE",,160,"Бебешка програма > Бебешка храна",,,,,,,,,,,,0,,0,121,122,,,,,,,,,,,,,,,,,,,,,,,,,,,,,,,,,,,,,,,
8877,simple,,"HIPP 4010/906 MORKOV kasa 125 gr.",1,0,visible,,,,,taxable,reduced-rate,0,0,,0,0,,,,,1,HIPP,,"68,748","Бебешка програма > Бебешка храна",,,,,,,,,,,,0,,0,171,172,,,,,,,,,,,,,,,,,,,,,,,,,,,,,,,,,,,,,,,
8878,simple,,"BD FOTODERM MINERAL SPF50+",1,0,visible,,,,,taxable,,0,0,,0,0,,,,,0,,,1520,"Нега и заштита > Заштита од сонце, Нега и заштита > Кожа, Нега и заштита",,,https://lifeline.mk/wp-content/uploads/2021/11/BD-FOTODERM-MINERAL-SPF50.jpg,,,,,,,,,0,"Bioderma,Photoderm",0,175,176,,classic-editor,be4c9d2b-7b0e-45e0-af30-02c5749d3934,field_6081ae4f27756,1043,1043,0,0,enable,default,default,0,0,0,0,default,default,default,default,default,0,disable,enable,right,default,default,default,299,28,,,,,,,,,60,
8879,simple,,"HIPP 4063 BABY TIKVA kasa 125 gr.",1,0,visible,,,,,taxable,reduced-rate,0,0,,0,0,,,,,1,HIPP,,"66,79827","Бебешка програма > Бебешка храна",,,,,,,,,,,,0,,0,177,178,,,,,,,,,,,,,,,,,,,,,,,,,,,,,,,,,,,,,,,
8881,simple,,"HIPP 4202-PRASKA kasa 125 gr.",1,0,visible,,,,,taxable,reduced-rate,1,4,,0,0,,,,,1,HIPP,,"65,600766","Бебешка програма > Бебешка храна",,,,,,,,,,,,0,,0,264,265,,,,,,,,,,,,,,,,,,,,,,,,,,,,,,,,,,,,,,,
8882,simple,,"HIPP 4203 -SUMSKO OVOSJE I JABOLK kasa 125 gr.",1,0,visible,,,,,taxable,reduced-rate,1,2,,0,0,,,,,1,"NELT ST-PAMPERS",,"65,600766","Бебешка програма > Бебешка храна",,,,,,,,,,,,0,,0,255,256,,,,,,,,,,,,,,,,,,,,,,,,,,,,,,,,,,,,,,,
8884,simple,,"HIPP 4210 JABOLKO I BANANA kasa 125 gr.",1,0,visible,,,,,taxable,reduced-rate,0,0,,0,0,,,,,1,"NELT ST-PAMPERS",,"65,600766","Бебешка програма > Бебешка храна",,,,,,,,,,,,0,,0,173,174,,,,,,,,,,,,,,,,,,,,,,,,,,,,,,,,,,,,,,,
8885,simple,,"HIPP 4212 KAJSIJA kasa 125 gr.",1,0,visible,,,,,taxable,reduced-rate,0,0,,0,0,,,,,1,"NELT ST-PAMPERS",,"65,600766","Бебешка програма > Бебешка храна",,,,,,,,,,,,0,,0,179,180,,,,,,,,,,,,,,,,,,,,,,,,,,,,,,,,,,,,,,,
8887,simple,,"HIPP 4233-02 JABOLKO kasa 125 gr.",1,0,visible,,,,,taxable,reduced-rate,1,4,,0,0,,,,,1,"ATLANTIC TRADE",,"65,600766","Бебешка програма > Бебешка храна",,,,,,,,,,,,0,,0,198,199,,,,,,,,,,,,,,,,,,,,,,,,,,,,,,,,,,,,,,,
8888,simple,,"HIPP 4236 banana/krusha/mango 125g",1,0,visible,,,,,taxable,reduced-rate,1,1,,0,0,,,,,1,"ATLANTIC TRADE",,"64,216152","Бебешка програма > Бебешка храна",,,,,,,,,,,,0,,0,152,153,,,,,,,,,,,,,,,,,,,,,,,,,,,,,,,,,,,,,,,
8890,simple,,"HIPP 42502 kalinka/acerola/jab/malina 100g",1,0,visible,,,,,taxable,reduced-rate,0,0,,0,0,,,,,1,"NELT ST-PAMPERS",,"66,910536","Бебешка програма > Бебешка храна",,,,,,,,,,,,0,,0,139,140,,,,,,,,,,,,,,,,,,,,,,,,,,,,,,,,,,,,,,,
8891,simple,,"HIPP 4253-SLIVI kasa 125 gr.",1,0,visible,,,,,taxable,reduced-rate,0,0,,0,0,,,,,1,"NELT ST-PAMPERS",,"65,600766","Бебешка програма > Бебешка храна",,,,,,,,,,,,0,,0,132,133,,,,,,,,,,,,,,,,,,,,,,,,,,,,,,,,,,,,,,,
8893,simple,,"HIPP 4300 KRUSA VILJAMOVKA kasa 190 gr.",1,0,visible,,,,,taxable,reduced-rate,0,0,,0,0,,,,,1,"NELT ST-PAMPERS",,"82,365822","Бебешка програма > Бебешка храна",,,,,,,,,,,,0,,0,213,214,,,,,,,,,,,,,,,,,,,,,,,,,,,,,,,,,,,,,,,
8894,simple,,"HIPP 4320 KRUSHA/JABOLKO kasha 125g",1,0,visible,,,,,taxable,reduced-rate,0,0,,0,0,,,,,1,"ATLANTIC TRADE",,65,"Бебешка програма > Бебешка храна",,,,,,,,,,,,0,,0,183,184,,,,,,,,,,,,,,,,,,,,,,,,,,,,,,,,,,,,,,,
8896,simple,,"HIPP 4420 sliva, jabolko, praska kasa 190ml",1,0,visible,,,,,taxable,reduced-rate,0,0,,0,0,,,,,1,HIPP,,"84,336714","Бебешка програма > Бебешка храна",,,,,,,,,,,,0,,0,171,172,,,,,,,,,,,,,,,,,,,,,,,,,,,,,,,,,,,,,,,
8897,simple,,"HIPP 4702 INT.ZIT,KAJS,JAB,OVES kasa 190 gr.",1,0,visible,,,,,taxable,reduced-rate,0,0,,0,0,,,,,1,HIPP,,"81,193266","Бебешка програма > Бебешка храна",,,,,,,,,,,,0,,0,153,154,,,,,,,,,,,,,,,,,,,,,,,,,,,,,,,,,,,,,,,
8898,simple,,"HIPP 4800-INTEG. zIT. SO MEsANO OVOsJE kasa 190 gr.",1,0,visible,,,,,taxable,reduced-rate,1,2,,0,0,,,,,1,"NELT ST-PAMPERS",,82,"Бебешка програма > Бебешка храна",,,,,,,,,,,,0,,0,182,183,,,,,,,,,,,,,,,,,,,,,,,,,,,,,,,,,,,,,,,
8899,simple,,"HIPP 5509 GRIZ/JABOLKO/PRASKA KASA",1,0,visible,,,,,taxable,reduced-rate,0,0,,0,0,,,,,1,HIPP,,"94,228596","Бебешка програма > Бебешка храна",,,,,,,,,,,,0,,0,194,195,,,,,,,,,,,,,,,,,,,,,,,,,,,,,,,,,,,,,,,
8900,simple,,"HIPP 5512 NOKNA/GRIZ/BANANA 190G",1,0,visible,,,,,taxable,reduced-rate,0,0,,0,0,,,,,1,HIPP,,95,"Бебешка програма > Бебешка храна",,,,,,,,,,,,0,,0,128,129,,,,,,,,,,,,,,,,,,,,,,,,,,,,,,,,,,,,,,,
8901,simple,,"HIPP 5513 NOKNA KAKAO/BANANA 190G",1,0,visible,,,,,taxable,reduced-rate,0,0,,0,0,,,,,1,HIPP,,95,"Бебешка програма > Бебешка храна",,,,,,,,,,,,0,,0,145,146,,,,,,,,,,,,,,,,,,,,,,,,,,,,,,,,,,,,,,,
8902,simple,,"HIPP 5515NOKNA GRIZ 190G",1,0,visible,,,,,taxable,reduced-rate,0,0,,0,0,,,,,1,HIPP,,"94,228596","Бебешка програма > Бебешка храна",,,,,,,,,,,,0,,0,175,176,,,,,,,,,,,,,,,,,,,,,,,,,,,,,,,,,,,,,,,
8903,simple,,"HIPP 5516 Nokna 7 zitarki 190g",1,0,visible,,,,,taxable,reduced-rate,1,1,,0,0,,,,,1,"NELT ST-PAMPERS",,"94,228596","Бебешка програма > Бебешка храна",,,,,,,,,,,,0,,0,205,206,,,,,,,,,,,,,,,,,,,,,,,,,,,,,,,,,,,,,,,
8904,simple,,"HIPP 6105 MORKOV SO KOMPIR I LOSOS kasa 190gr",1,0,visible,,,,,taxable,reduced-rate,1,3,,0,0,,,,,1,"NELT ST-PAMPERS",,100,"Бебешка програма > Бебешка храна",,,,,,,,,,,,0,,0,211,212,,,,,,,,,,,,,,,,,,,,,,,,,,,,,,,,,,,,,,,
8905,simple,,"HIPP 6123 JAGNESHKO SO MORKOV I KOMPIR kasa 190 gr.",1,0,visible,,,,,taxable,reduced-rate,0,0,,0,0,,,,,1,"NELT ST-PAMPERS",,"96,399072","Бебешка програма > Бебешка храна",,,,,,,,,,,,0,,0,175,176,,,,,,,,,,,,,,,,,,,,,,,,,,,,,,,,,,,,,,,
8906,simple,,"HIPP 6153-TELESHKO/ZELENCUK I KOMPIRI kasa 190 gr.",1,0,visible,,,,,taxable,reduced-rate,0,0,,0,0,,,,,1,"NELT ST-PAMPERS",,"96,399072","Бебешка програма > Бебешка храна",,,,,,,,,,,,0,,0,157,158,,,,,,,,,,,,,,,,,,,,,,,,,,,,,,,,,,,,,,,
8907,simple,,"HIPP 6200 PCHENKA/KOMP. I MISIRKA kasa 190 gr.",1,0,visible,,,,,taxable,reduced-rate,1,4,,0,0,,,,,1,"NELT ST-PAMPERS",,100,"Бебешка програма > Бебешка храна",,,,,,,,,,,,0,,0,243,244,,,,,,,,,,,,,,,,,,,,,,,,,,,,,,,,,,,,,,,
8908,simple,,"HIPP 6230 SPAGETI BOLONEZE kasa 190 gr",1,0,visible,,,,,taxable,reduced-rate,1,6,,0,0,,,,,1,"NELT ST-PAMPERS",,100,"Бебешка програма > Бебешка храна",,,,,,,,,,,,0,,0,163,164,,,,,,,,,,,,,,,,,,,,,,,,,,,,,,,,,,,,,,,
8909,simple,,"HIPP 6250-PILESHKO/ORIZ I ZELENCUK kasa 190 gr.",1,0,visible,,,,,taxable,reduced-rate,0,0,,0,0,,,,,1,"NELT ST-PAMPERS",,"96,399072","Бебешка програма > Бебешка храна",,,,,,,,,,,,0,,0,196,197,,,,,,,,,,,,,,,,,,,,,,,,,,,,,,,,,,,,,,,
8911,simple,,"HIPP 6280-01 MORKOV/PCENKA/TELESKO kasa 190gr",1,0,visible,,,,,taxable,reduced-rate,0,0,,0,0,,,,,1,"NELT ST-PAMPERS",,"96,399072","Бебешка програма > Бебешка храна",,,,,,,,,,,,0,,0,171,172,,,,,,,,,,,,,,,,,,,,,,,,,,,,,,,,,,,,,,,
8913,simple,,"HIPP 8523-02 BAN,KRUSA,MANGO kasa 100gr",1,0,visible,,,,,taxable,reduced-rate,1,3,,0,0,,,,,1,HIPP,,70,"Бебешка програма > Бебешка храна",,,,,,,,,,,,0,,0,155,156,,,,,,,,,,,,,,,,,,,,,,,,,,,,,,,,,,,,,,,
8915,simple,,"HIPP 8602-01 PRASKA/BANA/JAB.OLKO kasha 120g",1,0,visible,,,,,taxable,reduced-rate,0,0,,0,0,,,,,1,HIPP,,"74,245248","Бебешка програма > Бебешка храна",,,,,,,,,,,,0,,0,141,142,,,,,,,,,,,,,,,,,,,,,,,,,,,,,,,,,,,,,,,
8917,simple,,"HIPP 90106 SHAMPON ZA RASCESHLUVANJE 200ml",1,0,visible,,,,,taxable,,0,0,,0,0,,,,,1,HIPP,,130,"Бебешка програма > Бебешка храна",,,,,,,,,,,,0,,0,169,170,,,,,,,,,,,,,,,,,,,,,,,,,,,,,,,,,,,,,,,
8918,simple,,"HIPP 9560 BABY sampon 200 ml",1,0,visible,,,,,taxable,,0,0,,0,0,,,,,1,"NELT ST-PAMPERS",,"114,8527512","Бебешка програма > Бебешка храна",,,,,,,,,,,,0,,0,134,135,,,,,,,,,,,,,,,,,,,,,,,,,,,,,,,,,,,,,,,
8920,simple,,"HIPP 9580 BABY losion 350 ml",1,0,visible,,,,,taxable,,0,0,,0,0,,,,,1,"NELT ST-PAMPERS",,250,"Бебешка програма > Бебешка храна",,,,,,,,,,,,0,,0,149,150,,,,,,,,,,,,,,,,,,,,,,,,,,,,,,,,,,,,,,,
8922,simple,,"HIPP 9648 spf 50+ krem za lice 30ml",1,0,visible,,,,,taxable,,1,1,,0,0,,,,,1,"ATLANTIC TRADE",,259,"Бебешка програма > Бебешка храна",,,,,,,,,,,,0,,0,191,192,,,,,,,,,,,,,,,,,,,,,,,,,,,,,,,,,,,,,,,
8924,simple,,"HIPP CAJ KOMORAC filter kes.30g (3600)",1,0,visible,,,,,taxable,reduced-rate,1,1,,0,0,,,,,1,HIPP,,170,"Бебешка програма > Бебешка храна",,,,,,,,,,,,0,,0,360,361,,,,,,,,,,,,,,,,,,,,,,,,,,,,,,,,,,,,,,,
8926,simple,,"HIPP-8040 JAB.I MORKOV sok 200 ml.",1,0,visible,,,,,taxable,,0,0,,0,0,,,,,1,HIPP,,"66,6995472","Бебешка програма > Бебешка храна",,,,,,,,,,,,0,,0,190,191,,,,,,,,,,,,,,,,,,,,,,,,,,,,,,,,,,,,,,,
8928,simple,,"HIPP-9551 KUPKA ZA DOBRA NOK 350ML",1,0,visible,,,,,taxable,,0,0,,0,0,,,,,1,HIPP,,230,"Бебешка програма > Бебешка храна",,,,,,,,,,,,0,,0,124,125,,,,,,,,,,,,,,,,,,,,,,,,,,,,,,,,,,,,,,,
8929,simple,,"HIPP-9620 BABY krema 75 ml",1,0,visible,,,,,taxable,,1,2,,0,0,,,,,1,HIPP,,"125,8431768","Бебешка програма > Бебешка храна",,,,,,,,,,,,0,,0,162,163,,,,,,,,,,,,,,,,,,,,,,,,,,,,,,,,,,,,,,,
8930,simple,,"WELEDA detski gel za zabi 50ml.",1,1,visible,,,,,taxable,,1,1,,0,0,,,,,0,,,270,"Дентална програма, Дентална програма > Пасти за деца",,,https://lifeline.mk/wp-content/uploads/2021/11/WELEDA-detski-gel-za-zabi-50ml..jpg,,,,,,,,,0,Weleda,0,103,104,,classic-editor,7b2a9358-46b8-44c3-a834-e329aa25a5c2,field_6081ae4f27756,174.8,174.8,0,0,enable,default,default,0,0,0,0,default,default,default,default,default,0,disable,enable,right,default,default,default,320,29,,,,,,,,,60,
8931,simple,,"HIPPIS 8606-01 SPORT mango/banana/port/krusha/oves 120g",1,0,visible,,,,,taxable,reduced-rate,0,0,,0,0,,,,,1,"ATLANTIC TRADE",,"74,245248","Бебешка програма > Бебешка храна",,,,,,,,,,,,0,,0,246,247,,,,,,,,,,,,,,,,,,,,,,,,,,,,,,,,,,,,,,,
8932,simple,,"HIRURSHKI KAPI so lastik/250",1,0,visible,,,,,taxable,,1,187,,0,0,,,,,1,UVOZ,,1000,"Медицински помагала",,,,,,,,,,,,0,,0,160,161,,,,,,,,,,,,,,,,,,,,,,,,,,,,,,,,,,,,,,,
8933,simple,,"WELEDA citrus dezodorans 100ml",1,1,visible,,,,,taxable,,1,1,,0,0,,,,,0,,,800,"Нега и заштита > Кожа, Нега и заштита",,,https://lifeline.mk/wp-content/uploads/2021/11/WELEDA-citrus-dezodorans-100ml.jpg,,,,,,,,,0,Weleda,0,250,251,,classic-editor,841c0f54-23e1-4773-9a7c-312355f2a696,field_6081ae4f27756,519.65,519.65,0,0,enable,default,default,0,0,0,0,default,default,default,default,default,0,disable,enable,right,default,default,default,320,89,,,,,,,,,60,
8934,simple,,"HN-MASLO OD CRNO SEME 125ML.",1,0,visible,,,,,taxable,reduced-rate,1,2,,0,0,,,,,1,"HERBA NATURA ",,400,"Настинка и грип",,,,,,,,,,,,0,,0,773,784,,,,,,,,,,,,,,,,,,,,,,,,,,,,,,,,,,,,,,,
8935,simple,,"HYDROGEN 3% 100 ml",1,0,visible,,,,,taxable,,1,2,,0,0,,,,,1,GALAFARM,,50,"Нега и заштита > Средства за дезинфекција",,,,,,,,,,,,0,,0,294,295,,,,,,,,,,,,,,,,,,,,,,,,,,,,,,,,,,,,,,,
8936,simple,,"HYDROGEN 3% spray 120 ml",1,0,visible,,,,,taxable,,1,2,,0,0,,,,,1,GALAFARM,,80,"Нега и заштита > Средства за дезинфекција",,,,,,,,,,,,0,,0,194,195,,,,,,,,,,,,,,,,,,,,,,,,,,,,,,,,,,,,,,,
8937,simple,,"HYDROGEN 9% 100 ml OBICEN",1,0,visible,,,,,taxable,,0,0,,0,0,,,,,1,GALAFARM,,"45,5968992","Нега и заштита > Средства за дезинфекција",,,,,,,,,,,,0,,0,154,155,,,,,,,,,,,,,,,,,,,,,,,,,,,,,,,,,,,,,,,
8938,simple,,"ANTHELIOS XL wet gel за мокра или сува кожа со многу висока заштита",1,0,visible,,"<p>Освежувачки гел кој многу лесно се нанесува на влажна или сува кожа. Немрсен. Нелеплив. Не остава бели траги при нанесување на мокра кожа.<br />\nWET SKIN ИНОВАЦИЈА: Невидлив гел кој создава заштитен хидрофобен слој на кожата што ја одбива водата. Високата SPF 50+ заштита се задржува дури и при нанесување на мокра кожа.<br />\nДерматолошки тестиран.</p>\n",,,taxable,,0,0,,0,0,,,,,0,,,1550,"Нега и заштита > Заштита од сонце, Нега и заштита",,,https://lifeline.mk/wp-content/uploads/2021/11/ANTH.-WET-GEL-250ML.jpg,,,,,,,,,0,"Anthelios,LaRoche-Posay",0,163,164,,classic-editor,208c1aba-f403-4730-b0be-079917700071,field_6081ae4f27756,1040,1040,0,0,enable,default,default,0,0,0,0,default,default,default,default,default,0,disable,enable,right,default,default,default,306,28,1,,,,,,,,90,
8939,simple,,"HYDROGEN sol. 3% 1000 ml",1,0,visible,,,,,taxable,,1,11,,0,0,,,,,1,FITOFARM,,150,"Нега и заштита > Средства за дезинфекција",,,,,,,,,,,,0,,0,177,178,,,,,,,,,,,,,,,,,,,,,,,,,,,,,,,,,,,,,,,
8940,simple,,"ANTH. WET GEL KIDS 250ML",1,0,visible,,,,,taxable,,0,0,,0,0,,,,,0,,,1550,"Бебешка програма > Бебешка козметика, Бебешка програма, Нега и заштита > Заштита од сонце, Нега и заштита",,,https://lifeline.mk/wp-content/uploads/2021/11/ANTH.-WET-LOTION-KIDS-250ML.jpg,,,,,,,,,0,"Anthelios,LaRoche-Posay",0,235,236,,classic-editor,81c7fa1b-026e-4f76-9b1a-96e3a9b44e1b,field_6081ae4f27756,1040,1040,0,0,enable,default,default,0,0,0,0,default,default,default,default,default,0,disable,enable,right,default,default,default,306,28,,,,,,,,,60,
8941,simple,,"HYGIA sampon 120 ml (1 g/100 g)",1,0,visible,,,,,taxable,reduced-rate,0,0,,0,0,,,,,1,HOSS,,105,"Нега и заштита > Коса",,,,,,,,,,,,0,,0,200,201,,,,,,,,,,,,,,,,,,,,,,,,,,,,,,,,,,,,,,,
8942,simple,,"VICHY cis dry touch fluid 50spf 50ml",1,0,visible,,,,,taxable,,0,0,,0,0,,,,,0,,,1280,"Нега и заштита > Заштита од сонце, Нега и заштита > Кожа, Нега и заштита",,,https://lifeline.mk/wp-content/uploads/2021/11/1a.Vichy-cis-dry-touch-fluid-50spf-50ml.jpg,,,,,,,,,0,"Capital Soleil,Vichy",0,91,92,,classic-editor,0686bf4a-1687-49ba-a551-e7ba174fdcd1,field_6081ae4f27756,887,887,0,0,enable,default,default,0,0,0,0,default,default,default,default,default,0,disable,enable,right,default,default,default,304,28,,,,,,,,,60,
8943,simple,,"HYLO-COMOD sol.10ml",1,0,visible,,,,,taxable,,0,0,,0,0,,,,,0,UVOZ,,730,"Витамини и суплементи > Препарати за око",,,https://lifeline.mk/wp-content/uploads/2021/11/comod.jpg,,,,,,,,,0,Ursapharm,0,1011,1014,,,,,,,,,,,,,,,,,,,,,,,,,,,,,,,,,,,,,,,
8944,simple,,"HYLO-GEL 10ml",1,0,visible,,,,,taxable,,1,3,,0,0,,,,,0,UVOZ,,950,"Витамини и суплементи > Препарати за око",,,https://lifeline.mk/wp-content/uploads/2021/11/gel-1.jpg,,,,,,,,,0,Ursapharm,0,528,529,,,,,,,,,,,,,,,,,,,,,,,,,,,,,,,,,,,,,,,
8945,simple,,"VICHY C S Fresh Protective Milk SPF30+ 300ml",1,0,visible,,,,,taxable,,0,,,0,0,,,,,0,,,1690,"Нега и заштита > Заштита од сонце, Нега и заштита > Кожа, Нега и заштита",,,https://lifeline.mk/wp-content/uploads/2021/11/Vichy-Sunscreen-Capital-Soleil-Fresh-Protective-Milk-SPF-57-000-3337871322694-Front.jpg,,,,,,,,,0,"Capital Soleil,Vichy",0,180,181,,classic-editor,82b86753-8d91-420c-b7ef-2330934c5951,field_6081ae4f27756,1183,1183,0,0,enable,default,default,0,0,0,0,default,default,default,default,default,0,disable,enable,right,default,default,default,304,28,,,,,,,,,60,
8946,simple,,"IBUPROFEN AKTIV krem 10% 50gr",1,0,visible,,,,,taxable,reduced-rate,1,1,,0,0,,,,,1,REPLEKFARM,,170,"Против болка",,,,,,,,,,,,0,,0,317,318,,,,,,,,,,,,,,,,,,,,,,,,,,,,,,,,,,,,,,,
8947,simple,,"IBURAMIN COLD sir.100ml",1,0,visible,,,,,taxable,reduced-rate,1,38,,0,0,,,,,1,"RIFAM DOO",,170,"Настинка и грип",,,,,,,,,,,,0,,0,281,282,,,,,,,,,,,,,,,,,,,,,,,,,,,,,,,,,,,,,,,
8948,simple,,"IBURAMIN COLD tbl. 12x200mg",1,0,visible,,,,,taxable,reduced-rate,1,54,,0,0,,,,,1,"RIFAM DOO",,130,"Настинка и грип",,,,,,,,,,,,0,,0,292,293,,,,,,,,,,,,,,,,,,,,,,,,,,,,,,,,,,,,,,,
8949,simple,,"IBUTOP KREM 100gr.",1,0,visible,,,,,taxable,reduced-rate,0,0,,0,0,,,,,1,NATUSANA,,330,"Против болка",,,,,,,,,,,,0,,0,228,229,,,,,,,,,,,,,,,,,,,,,,,,,,,,,,,,,,,,,,,
8950,simple,,"IBUTOP KREM 50gr",1,0,visible,,,,,taxable,reduced-rate,1,2,,0,0,,,,,1,UVOZ,,200,"Против болка",,,,,,,,,,,,0,,0,317,318,,,,,,,,,,,,,,,,,,,,,,,,,,,,,,,,,,,,,,,
8951,simple,,"ICE POWER COLD gel 75ml",1,0,visible,,,,,taxable,,1,1,,0,0,,,,,1,EUROFARM,,400,"Против болка",,,,,,,,,,,,0,,0,264,265,,,,,,,,,,,,,,,,,,,,,,,,,,,,,,,,,,,,,,,
8952,simple,,"ICE POWER COLD PLUS MSM gel 200ml",1,0,visible,,,,,taxable,,1,1,,0,0,,,,,1,EUROFARM,,790,"Против болка",,,,,,,,,,,,0,,0,267,268,,,,,,,,,,,,,,,,,,,,,,,,,,,,,,,,,,,,,,,
8953,simple,,"ICE POWER COLD spray 200ml",1,0,visible,,,,,taxable,,1,1,,0,0,,,,,1,EUROFARM,,470,"Против болка",,,,,,,,,,,,0,,0,239,240,,,,,,,,,,,,,,,,,,,,,,,,,,,,,,,,,,,,,,,
8954,simple,,"ICHTIOLI mast 30 gr",1,0,visible,,,,,taxable,,1,1,,0,0,,,,,1,FITOFARM,,120,"Нега и заштита > Кожа",,,,,,,,,,,,0,,0,236,237,,,,,,,,,,,,,,,,,,,,,,,,,,,,,,,,,,,,,,,
8958,simple,,"ICHTIOLNA mast 25 ml",1,0,visible,,,,,taxable,,1,1,,0,0,,,,,1,GALAFARM,,95,"Нега и заштита > Кожа",,,,,,,,,,,,0,,0,201,202,,,,,,,,,,,,,,,,,,,,,,,,,,,,,,,,,,,,,,,
8959,simple,,"IDEOS tbl.30 x (500MG+400IE)",1,0,visible,,,,,taxable,reduced-rate,1,2,,0,0,,,,,1,INNO,,370,"Витамини и суплементи > Коски\, зглобови и мускули",,,,,,,,,,,,0,,0,239,240,,,,,,,,,,,,,,,,,,,,,,,,,,,,,,,,,,,,,,,
8960,simple,,"IGLA 0,45 x 16 mm/100 (ASTR)",1,0,visible,,,,,taxable,,0,0,,0,0,,,,,1,ASTRA,,175,"Медицински помагала",,,,,,,,,,,,0,,0,113,114,,,,,,,,,,,,,,,,,,,,,,,,,,,,,,,,,,,,,,,
8961,simple,,"IGLA 0,6 x 30 mm/100 23G",1,0,visible,,,,,taxable,,0,0,,0,0,,,,,1,ASTRA,,"280,368","Медицински помагала",,,,,,,,,,,,0,,0,146,147,,,,,,,,,,,,,,,,,,,,,,,,,,,,,,,,,,,,,,,
8962,simple,,"IGLA 0,7 x 40 mm/100  (ASTR)",1,0,visible,,,,,taxable,,1,70,,0,0,,,,,1,ASTRA,,250,"Медицински помагала",,,,,,,,,,,,0,,0,172,173,,,,,,,,,,,,,,,,,,,,,,,,,,,,,,,,,,,,,,,
8963,simple,,"IGLA 0,8 x 40 mm/100 21G (ASTR)",1,0,visible,,,,,taxable,,1,112,,0,0,,,,,1,ASTRA,,200,"Медицински помагала",,,,,,,,,,,,0,,0,166,167,,,,,,,,,,,,,,,,,,,,,,,,,,,,,,,,,,,,,,,
8964,simple,,"IGLA 0.45 X 13mm - KDM",1,0,visible,,,,,taxable,,0,0,,0,0,,,,,1,"KDM- GEMANIJA",,"161,07","Медицински помагала",,,,,,,,,,,,0,,0,128,129,,,,,,,,,,,,,,,,,,,,,,,,,,,,,,,,,,,,,,,
8965,simple,,"IGLA 0.5X16 X 100",1,0,visible,,,,,taxable,,1,20,,0,0,,,,,1,ROMED,,125,"Медицински помагала",,,,,,,,,,,,0,,0,158,159,,,,,,,,,,,,,,,,,,,,,,,,,,,,,,,,,,,,,,,
8966,simple,,"INFACALM OIL",1,0,visible,,,,,taxable,reduced-rate,0,0,,0,0,,,,,1,"<p>UVOZ</p>
",,380,"Бебешка програма > Бебешка храна",,,,,,,,,,,,0,,0,332,333,,,,,,,,,,,,,,,,,,,,,,,,,,,,,,,,,,,,,,,
8967,simple,,"IMMUNO AHCC",1,0,visible,,,,,taxable,reduced-rate,0,0,,0,0,,,,,1,"БИОВИТА-ЛОЛА ДООЕЛ - СКОПЈЕ - ",,2291,"Витамини и суплементи > Имунитет",,,,,,,,,,,,0,,0,847,848,,,,,,,,,,,,,,,,,,,,,,,,,,,,,,,,,,,,,,,
8968,simple,,"IMMUNOZINK susp.100ml",1,0,visible,,,,,taxable,reduced-rate,1,2,,0,0,,,,,1,"RIFAM DOO",,270,"Витамини и суплементи > Имунитет",,,,,,,,,,,,0,,0,319,320,,,,,,,,,,,,,,,,,,,,,,,,,,,,,,,,,,,,,,,
8969,simple,,"IMUNIX soft cps.x 30",1,0,visible,,,,,taxable,reduced-rate,1,1,,0,0,,,,,1,MERCK,,370,"Витамини и суплементи > Имунитет",,,,,,,,,,,,0,,0,168,169,,,,,,,,,,,,,,,,,,,,,,,,,,,,,,,,,,,,,,,
8970,simple,,"IMUNOBETA GLUKAN CAPS.X30",1,0,visible,,,,,taxable,reduced-rate,0,0,,0,0,,,,,1,ESSENSA,,620,"Витамини и суплементи > Имунитет",,,,,,,,,,,,0,,0,181,182,,,,,,,,,,,,,,,,,,,,,,,,,,,,,,,,,,,,,,,
8971,simple,,"IRIDIUM GAZA za nega na oci x 20",1,0,visible,,,,,taxable,reduced-rate,1,1,,0,0,,,,,1,"ФЕНИКС ФАРМА - СКОПЈЕ",,"680,4","Витамини и суплементи > Препарати за око",,,,,,,,,,,,0,,0,300,301,,,,,,,,,,,,,,,,,,,,,,,,,,,,,,,,,,,,,,,
8972,simple,,"ISLA CASSIS LOZANGES x 30",1,0,visible,,,,,taxable,reduced-rate,0,0,,0,0,,,,,0,FABR,,275,"Настинка и грип > Грло",,,https://lifeline.mk/wp-content/uploads/2021/11/cassis.jpg,,,,,,,,,0,Engelhard,0,316,317,,,,,,,,,,,,,,,,,,,,,,,,,,,,,,,,,,,,,,,
8973,simple,,"ISLA MINT LOZANGES x 30",1,0,visible,,,,,taxable,reduced-rate,0,0,,0,0,,,,,0,FABR,,280,"Настинка и грип > Грло",,,https://lifeline.mk/wp-content/uploads/2021/11/mint.jpg,,,,,,,,,0,Engelhard,0,333,334,,,,,,,,,,,,,,,,,,,,,,,,,,,,,,,,,,,,,,,
8974,simple,,"ISLA MOSS LOZANGES x 30",1,0,visible,,,,,taxable,reduced-rate,0,0,,0,0,,,,,0,FABR,,280,"Настинка и грип > Грло",,,https://lifeline.mk/wp-content/uploads/2021/11/moos.jpg,,,,,,,,,0,Engelhard,0,206,207,,,,,,,,,,,,,,,,,,,,,,,,,,,,,,,,,,,,,,,
8975,simple,,"ISLANDSKI LISAJ sirup 150 ml",1,0,visible,,,,,taxable,reduced-rate,1,1,,0,0,,,,,1,JADRAN,,235,"Настинка и грип > Кашлица",,,,,,,,,,,,0,,0,407,408,,,,,,,,,,,,,,,,,,,,,,,,,,,,,,,,,,,,,,,
8976,simple,,"ISOMAR BABY SPRAY isotonic 30ml",1,0,visible,,,,,taxable,,1,1,,0,0,,,,,1,BAYER,,230,"Настинка и грип > Нос",,,,,,,,,,,,0,,0,249,250,,,,,,,,,,,,,,,,,,,,,,,,,,,,,,,,,,,,,,,
8977,simple,,"ISOMAR HIPERTONIC VIALS 18X5ml",1,0,visible,,,,,taxable,,0,0,,0,0,,,,,1,BAYER,,280,"Настинка и грип > Нос",,,,,,,,,,,,0,,0,186,187,,,,,,,,,,,,,,,,,,,,,,,,,,,,,,,,,,,,,,,
8978,simple,,"ISOMAR ISOT.SPRAY NOS UVO 100ml",1,0,visible,,,,,taxable,,1,1,,0,0,,,,,1,BAYER,,330,"Настинка и грип > Нос",,,,,,,,,,,,0,,0,256,257,,,,,,,,,,,,,,,,,,,,,,,,,,,,,,,,,,,,,,,
8979,simple,,"ISOMAR sol. ZA OCI MULTIDOSE 10ml",1,0,visible,,,,,taxable,,1,2,,0,0,,,,,1,BAYER,,150,"Витамини и суплементи > Препарати за око",,,,,,,,,,,,0,,0,281,282,,,,,,,,,,,,,,,,,,,,,,,,,,,,,,,,,,,,,,,
8980,simple,,"ISOPRINOSINE 500 MG * 50",1,0,visible,,,,,taxable,reduced-rate,1,2,,0,0,,,,,1,UVOZ,,"944,75","Витамини и суплементи > Имунитет",,,,,,,,,,,,0,,0,2887,2888,,,,,,,,,,,,,,,,,,,,,,,,,,,,,,,,,,,,,,,
8981,simple,,"ISOPRINOSINE SIR.50/150ML",1,0,visible,,,,,taxable,reduced-rate,1,1,,0,0,,,,,1,UVOZ,,"804,69","Витамини и суплементи > Имунитет",,,,,,,,,,,,0,,0,326,327,,,,,,,,,,,,,,,,,,,,,,,,,,,,,,,,,,,,,,,
8982,simple,,"JAKE MINTS -pepermint bomboni",1,0,visible,,,,,taxable,reduced-rate,0,0,,0,0,,,,,1,ENVIRUM,,35,"Настинка и грип > Грло",,,,,,,,,,,,0,,0,135,137,,,,,,,,,,,,,,,,,,,,,,,,,,,,,,,,,,,,,,,
8983,simple,,"JAM-VITAMIN C 1000MG",1,0,visible,,,,,taxable,reduced-rate,1,199,,0,0,,,,,0,UVOZ,,780,"Витамини и суплементи > Имунитет",,,https://lifeline.mk/wp-content/uploads/2021/11/jamieson1000.jpg,,,,,,,,,0,Jamieson,0,242,243,,,,,,,,,,,,,,,,,,,,,,,,,,,,,,,,,,,,,,,
8984,simple,,"JAM-ZINK+VIT C+D3 PASTILIX30",1,0,visible,,,,,taxable,reduced-rate,0,0,,0,0,,,,,1,UVOZ,,530,"Витамини и суплементи > Имунитет",,,,,,,,,,,,0,,0,159,160,,,,,,,,,,,,,,,,,,,,,,,,,,,,,,,,,,,,,,,
8985,simple,,"JASMIN SOFT blaznici,vata x70",1,0,visible,,,,,taxable,,1,6,,0,0,,,,,1,TOSAMA,,70,"Нега и заштита > Кожа",,,,,,,,,,,,0,,0,226,227,,,,,,,,,,,,,,,,,,,,,,,,,,,,,,,,,,,,,,,
8986,simple,,"JECODERM mast 25 gr",1,0,visible,,,,,taxable,,1,5,,0,0,,,,,1,GALENIKA,,270,"Нега и заштита > Кожа",,,,,,,,,,,,0,,0,174,175,,,,,,,,,,,,,,,,,,,,,,,,,,,,,,,,,,,,,,,
8987,simple,,"JECORIS OL.BANANA 500ML",1,0,visible,,,,,taxable,reduced-rate,1,1,,0,0,,,,,1,UVOZ,,490,"Витамини и суплементи > Имунитет",,,,,,,,,,,,0,,0,162,163,,,,,,,,,,,,,,,,,,,,,,,,,,,,,,,,,,,,,,,
8992,simple,,"JECORIS OLEUM LIMUN 500 ml",1,0,visible,,,,,taxable,reduced-rate,1,1,,0,0,,,,,1,FITOFARM,,"490,20048","Витамини и суплементи > Имунитет",,,,,,,,,,,,0,,0,279,280,,,,,,,,,,,,,,,,,,,,,,,,,,,,,,,,,,,,,,,
8993,simple,,"JOHN.BABY sampon 500 ml +250 ml gratis",1,0,visible,,,,,taxable,,1,2,,0,0,,,,,1,"JOHNSON JOHNSON",,220,"Бебешка програма > Бебешка козметика",,,,,,,,,,,,0,,0,206,207,,,,,,,,,,,,,,,,,,,,,,,,,,,,,,,,,,,,,,,
8994,simple,,"JOHNSON BABY sampon 300 ml-NOV",1,0,visible,,,,,taxable,,1,1,,0,0,,,,,1,AWT,,"132,042","Бебешка програма > Бебешка козметика",,,,,,,,,,,,0,,0,289,290,,,,,,,,,,,,,,,,,,,,,,,,,,,,,,,,,,,,,,,
8995,simple,,"JOHNSON BABY Shampon 750ML so pumpa (500+250ml)-NOV",1,0,visible,,,,,taxable,,0,0,,0,0,,,,,1,AWT,,194,"Бебешка програма > Бебешка козметика",,,,,,,,,,,,0,,0,206,207,,,,,,,,,,,,,,,,,,,,,,,,,,,,,,,,,,,,,,,
8996,simple,,"JOHNSON BEDTIME losion 300 ml",1,0,visible,,,,,taxable,,1,1,,0,0,,,,,1,AWT,,190,"Бебешка програма > Бебешка козметика",,,,,,,,,,,,0,,0,158,159,,,,,,,,,,,,,,,,,,,,,,,,,,,,,,,,,,,,,,,
8997,simple,,"JOHNSON KONDICIONER SVETKAVI KAPKI vo spray 200ML",1,0,visible,,,,,taxable,,0,0,,0,0,,,,,1,AWT,,154,"Бебешка програма > Бебешка козметика",,,,,,,,,,,,0,,0,206,207,,,,,,,,,,,,,,,,,,,,,,,,,,,,,,,,,,,,,,,
8998,simple,,"JONSON sampon kamilica 750nl NOV",1,0,visible,,,,,taxable,,1,2,,0,0,,,,,1,AWT,,220,"Бебешка програма > Бебешка козметика",,,,,,,,,,,,0,,0,177,178,,,,,,,,,,,,,,,,,,,,,,,,,,,,,,,,,,,,,,,
8999,simple,,"KALJACHI za chevli x 100",1,0,visible,,,,,taxable,,0,0,,0,0,,,,,1,ASTRA,,230,"Медицински помагала",,,,,,,,,,,,0,,0,93,94,,,,,,,,,,,,,,,,,,,,,,,,,,,,,,,,,,,,,,,
9000,simple,,"KALJACI OD NETKAEN TEKSTIL X 100",1,0,visible,,,,,taxable,,0,0,,0,0,,,,,1,UVOZ,,7,"Медицински помагала",,,,,,,,,,,,0,,0,112,113,,,,,,,,,,,,,,,,,,,,,,,,,,,,,,,,,,,,,,,
9001,simple,,"Kalmfleks 100 g krem",1,0,visible,,,,,taxable,reduced-rate,1,1,,0,0,,,,,1,"ФЕНИКС ФАРМА - СКОПЈЕ",,410,"Против болка",,,,,,,,,,,,0,,0,213,214,,,,,,,,,,,,,,,,,,,,,,,,,,,,,,,,,,,,,,,
9002,simple,,"KAMAGEL gel 40 gr",1,0,visible,,,,,taxable,,0,0,,0,0,,,,,1,KRKA,,180,"Против болка",,,,,,,,,,,,0,,0,253,254,,,,,,,,,,,,,,,,,,,,,,,,,,,,,,,,,,,,,,,
9004,simple,,"KAMEN ZA PETI",1,0,visible,,,,,taxable,,1,1,,0,0,,,,,1,UVOZ,,95,"Медицински помагала",,,,,,,,,,,,0,,0,195,196,,,,,,,,,,,,,,,,,,,,,,,,,,,,,,,,,,,,,,,
9005,simple,,"KANOIL 7% CBD 10 ML",1,0,visible,,,,,taxable,reduced-rate,0,0,,0,0,,,,,1,REPLEKFARM,,"1340,1612","Против болка",,,,,,,,,,,,0,,0,241,242,,,,,,,,,,,,,,,,,,,,,,,,,,,,,,,,,,,,,,,
9006,simple,,"KANOIL BIO SPRAY 12% 10ml",1,0,visible,,,,,taxable,reduced-rate,1,1,,0,0,,,,,1,REPLEKFARM,,1250,"Против болка",,,,,,,,,,,,0,,0,298,299,,,,,,,,,,,,,,,,,,,,,,,,,,,,,,,,,,,,,,,
9007,simple,,"KANOIL MAST 100mgCBD - 50g",1,0,visible,,,,,taxable,reduced-rate,1,1,,0,0,,,,,1,REPLEKFARM,,330,"Против болка",,,,,,,,,,,,0,,0,240,241,,,,,,,,,,,,,,,,,,,,,,,,,,,,,,,,,,,,,,,
9008,simple,,"KANTARION krema 45 ml",1,0,visible,,,,,taxable,,1,1,,0,0,,,,,1,FITOFARM,,180,"Нега и заштита > Кожа",,,,,,,,,,,,0,,0,385,386,,,,,,,,,,,,,,,,,,,,,,,,,,,,,,,,,,,,,,,
9009,simple,,"KANTARION vag. x7",1,0,visible,,,,,taxable,reduced-rate,1,2,,0,0,,,,,1,FITOFARM,,140,"Нега и заштита > Сексуално здравје и интимна нега",,,,,,,,,,,,0,,0,172,173,,,,,,,,,,,,,,,,,,,,,,,,,,,,,,,,,,,,,,,
9010,simple,,"VICHY Ideal Soleil Solar Protective Water Spf 50 200 ml",1,0,visible,,,,,taxable,,0,0,,0,0,,,,,0,,,1370,"Нега и заштита > Заштита од сонце, Нега и заштита > Кожа, Нега и заштита",,,https://lifeline.mk/wp-content/uploads/2021/11/Vichy-Ideal-Soleil-Solar-Protective-Water-Spf-50-200-ml.jpg,,,,,,,,,0,"Capital Soleil,Vichy",0,168,169,,classic-editor,7761eb6c-2643-43c8-9c19-63032b7925cf,field_6081ae4f27756,959,959,0,0,enable,default,default,0,0,0,0,default,default,default,default,default,0,disable,enable,right,default,default,default,304,28,,,,,,,,,60,
9011,simple,,"KAPI BOUFFANT beli so lastik  /100",1,0,visible,,,,,taxable,,0,0,,0,0,,,,,1,"RAYS SPA",,396,"Медицински помагала",,,,,,,,,,,,0,,0,231,232,,,,,,,,,,,,,,,,,,,,,,,,,,,,,,,,,,,,,,,
9012,simple,,"KESI ZA URINA DETSKI (ASTR)",1,0,visible,,,,,taxable,,0,0,,0,0,,,,,1,ASTRA,,9,"Медицински помагала",,,,,,,,,,,,0,,0,208,209,,,,,,,,,,,,,,,,,,,,,,,,,,,,,,,,,,,,,,,
9013,simple,,"KETOKONAZOL sampon 100ml",1,0,visible,,,,,taxable,reduced-rate,0,0,,0,0,,,,,1,ALKALOID,,209,"Нега и заштита > Коса",,,,,,,,,,,,0,,0,2217,2218,,,,,,,,,,,,,,,,,,,,,,,,,,,,,,,,,,,,,,,
9014,simple,,"KHAN TIGROV krem-gel 200ml",1,0,visible,,,,,taxable,,0,0,,0,0,,,,,1,ESSENSA,,360,"Против болка",,,,,,,,,,,,0,,0,158,159,,,,,,,,,,,,,,,,,,,,,,,,,,,,,,,,,,,,,,,
9015,simple,,"KHAN TIGROVA mast 30 ml",1,0,visible,,,,,taxable,,0,0,,0,0,,,,,1,ESSENSA,,185,"Против болка",,,,,,,,,,,,0,,0,240,241,,,,,,,,,,,,,,,,,,,,,,,,,,,,,,,,,,,,,,,
9016,simple,,"KILIBARNA OGRLICA ZA BEBE",1,0,visible,,,,,taxable,,0,0,,0,0,,,,,1,"INTEGRAL DOOEL",,1999,"Бебешка програма > Шишиња\, цуцли и друго",,,,,,,,,,,,0,,0,218,219,,,,,,,,,,,,,,,,,,,,,,,,,,,,,,,,,,,,,,,
9017,simple,,"KLOMPI MUBB - 160102",1,0,visible,,,,,taxable,,1,3,,0,0,,,,,1,"GALEV 2002",,"1200,00336","Медицински помагала",,,,,,,,,,,,0,,0,355,356,,,,,,,,,,,,,,,,,,,,,,,,,,,,,,,,,,,,,,,
9018,simple,,"KM-DIGITALEN TOPLOMER BK4301",1,0,visible,,,,,taxable,,1,3,,0,0,,,,,1,UVOZ,,140,"Медицински помагала",,,,,,,,,,,,0,,0,166,167,,,,,,,,,,,,,,,,,,,,,,,,,,,,,,,,,,,,,,,
9019,simple,,"KM-KN95 ZASTITNA MASKA X 10",1,0,visible,,,,,taxable,,1,287,,0,0,,,,,1,UVOZ,,40,"Медицински помагала",,,,,,,,,,,,0,,0,178,179,,,,,,,,,,,,,,,,,,,,,,,,,,,,,,,,,,,,,,,
9020,simple,,"KM-PULSOKSIMETAR C101A2",1,0,visible,,,,,taxable,,0,0,,0,0,,,,,1,UVOZ,,1600,"Медицински помагала",,,,,,,,,,,,0,,0,147,148,,,,,,,,,,,,,,,,,,,,,,,,,,,,,,,,,,,,,,,
9021,simple,,"KONSKI BALZAM 500ML",1,0,visible,,,,,taxable,,0,0,,0,0,,,,,1,UVOZ,,310,"Против болка",,,,,,,,,,,,0,,0,171,172,,,,,,,,,,,,,,,,,,,,,,,,,,,,,,,,,,,,,,,
9022,simple,,"KOPRIVA seme 100 gr.",1,0,visible,,,,,taxable,,1,2,,0,0,,,,,1,UVOZ,,150,"Витамини и суплементи > Уринарен систем",,,,,,,,,,,,0,,0,173,174,,,,,,,,,,,,,,,,,,,,,,,,,,,,,,,,,,,,,,,
9023,simple,,"KOPRIVA SOL. 30ML ALKALOID LILA",1,0,visible,,,,,taxable,,1,2,,0,0,,,,,1,"ALKALOID OTC",,150,"Витамини и суплементи > Уринарен систем",,,,,,,,,,,,0,,0,191,192,,,,,,,,,,,,,,,,,,,,,,,,,,,,,,,,,,,,,,,
9024,simple,,"KREM 48 za race 100ml",1,0,visible,,,,,taxable,,1,2,,0,0,,,,,1,ILIRIJA,,130,"Нега и заштита > Кожа",,,,,,,,,,,,0,,0,311,312,,,,,,,,,,,,,,,,,,,,,,,,,,,,,,,,,,,,,,,
9025,simple,,"KRSAC za tableti",1,0,visible,,,,,taxable,,0,0,,0,0,,,,,1,BAYER,,145,"Медицински помагала",,,,,,,,,,,,0,,0,264,265,,,,,,,,,,,,,,,,,,,,,,,,,,,,,,,,,,,,,,,
9026,simple,,"KUTIJA za lekovi dnevna",1,0,visible,,,,,taxable,,1,1,,0,0,,,,,1,BAYER,,160,"Медицински помагала",,,,,,,,,,,,0,,0,259,260,,,,,,,,,,,,,,,,,,,,,,,,,,,,,,,,,,,,,,,
9027,simple,,"KUTIJA ZA MASKA CASE (classic)",1,0,visible,,,,,taxable,,1,1,,0,0,,,,,1,UVOZ,,170,"Медицински помагала",,,,,,,,,,,,0,,0,161,162,,,,,,,,,,,,,,,,,,,,,,,,,,,,,,,,,,,,,,,
9028,simple,,"KUTIJA ZA MASKA TENKA",1,0,visible,,,,,taxable,,1,2,,0,0,,,,,1,UVOZ,,170,"Медицински помагала",,,,,,,,,,,,0,,0,140,141,,,,,,,,,,,,,,,,,,,,,,,,,,,,,,,,,,,,,,,
9029,simple,,"LABELLINO-85299 coconut water & aloe vera",1,0,visible,,,,,taxable,,0,0,,0,0,,,,,1,"ATLANTIC TRADE",,"377,44896","Нега и заштита > Кожа",,,,,,,,,,,,0,,0,326,327,,,,,,,,,,,,,,,,,,,,,,,,,,,,,,,,,,,,,,,
9030,simple,,"LACALUT CARIES PROTECT PASTA",1,0,visible,,,,,taxable,,1,1,,0,0,,,,,0,NATUSANA,,160,"Дентална програма",,,,,,,,,,,,0,"Lacalut,Natusana",0,150,151,,,,,,,,,,,,,,,,,,,,,,,,,,,,,,,,,,,,,,,
9031,simple,,"LACALUT cetka AKTIV za zabi",1,0,visible,,,,,taxable,,1,6,,0,0,,,,,0,DR.THEISS,,160,"Дентална програма",,,,,,,,,,,,0,"Lacalut,Natusana",0,172,173,,,,,,,,,,,,,,,,,,,,,,,,,,,,,,,,,,,,,,,
9032,simple,,"LACALUT cetka DETSKA 4+ god.",1,0,visible,,,,,taxable,,1,4,,0,0,,,,,0,DR.THEISS,,130,"Дентална програма",,,,,,,,,,,,0,"Lacalut,Natusana",0,141,142,,,,,,,,,,,,,,,,,,,,,,,,,,,,,,,,,,,,,,,
9033,simple,,"LACALUT cetka SENSITIVE za zabi",1,0,visible,,,,,taxable,,0,0,,0,0,,,,,0,DR.THEISS,,140,"Дентална програма",,,,,,,,,,,,0,"Lacalut,Natusana",0,197,198,,,,,,,,,,,,,,,,,,,,,,,,,,,,,,,,,,,,,,,
9034,simple,,"LACALUT cetka WHITE za zabi",1,0,visible,,,,,taxable,,1,4,,0,0,,,,,0,NATUSANA,,160,"Дентална програма",,,,,,,,,,,,0,"Lacalut,Natusana",0,314,315,,,,,,,,,,,,,,,,,,,,,,,,,,,,,,,,,,,,,,,
9035,simple,,"LACALUT FLORA pasta +cetka gratis 75ml",1,0,visible,,,,,taxable,,1,,,0,0,,,,,1,NATUSANA,,"400,00","Дентална програма",,,,,,,,,,,,0,,0,134,135,,,,,,,,,,,,,,,,,,,,,,,,,,,,,,,,,,,,,,,
9036,simple,,"LACALUT FLORA RASTVOR 300ML",1,0,visible,,,,,taxable,,0,0,,0,0,,,,,0,NATUSANA,,270,"Дентална програма",,,,,,,,,,,,0,"Lacalut,Natusana",0,252,253,,,,,,,,,,,,,,,,,,,,,,,,,,,,,,,,,,,,,,,
9037,simple,,"LACALUT konec za zabi 50m",1,0,visible,,,,,taxable,,1,1,,0,0,,,,,0,NATUSANA,,160,"Дентална програма",,,,,,,,,,,,0,"Lacalut,Natusana",0,155,156,,,,,,,,,,,,,,,,,,,,,,,,,,,,,,,,,,,,,,,
9038,simple,,"LACALUT L -interdentalna cetka za zabi",1,0,visible,,,,,taxable,,1,2,,0,0,,,,,0,DR.THEISS,,190,"Дентална програма",,,,,,,,,,,,0,"Lacalut,Natusana",0,222,223,,,,,,,,,,,,,,,,,,,,,,,,,,,,,,,,,,,,,,,
9039,simple,,"LACALUT M -interdentalna cetka za zabi",1,0,visible,,,,,taxable,,1,1,,0,0,,,,,0,DR.THEISS,,190,"Дентална програма",,,,,,,,,,,,0,"Lacalut,Natusana",0,194,195,,,,,,,,,,,,,,,,,,,,,,,,,,,,,,,,,,,,,,,
9040,simple,,"LACALUT MICELAREN MULTIEFEKT RASTVOR 500ml",1,0,visible,,,,,taxable,,1,1,,0,0,,,,,0,NATUSANA,,260,"Дентална програма",,,,,,,,,,,,0,"Lacalut,Natusana",0,149,150,,,,,,,,,,,,,,,,,,,,,,,,,,,,,,,,,,,,,,,
9041,simple,,"LACALUT MICELAREN RASTVOR SENSITIV 500ml",1,0,visible,,,,,taxable,,0,0,,0,0,,,,,0,NATUSANA,,260,"Дентална програма",,,,,,,,,,,,0,"Lacalut,Natusana",0,124,125,,,,,,,,,,,,,,,,,,,,,,,,,,,,,,,,,,,,,,,
9042,simple,,"LACALUT MICELAREN TARTAR RASTVOR 500ml",1,0,visible,,,,,taxable,,1,2,,0,0,,,,,0,NATUSANA,,260,"Дентална програма",,,,,,,,,,,,0,"Lacalut,Natusana",0,147,148,,,,,,,,,,,,,,,,,,,,,,,,,,,,,,,,,,,,,,,
9043,simple,,"LACALUT MICELAREN VAJTENING RASTVOR 500ml",1,0,visible,,,,,taxable,,1,3,,0,0,,,,,0,NATUSANA,,240,"Дентална програма",,,,,,,,,,,,0,"Lacalut,Natusana",0,180,181,,,,,,,,,,,,,,,,,,,,,,,,,,,,,,,,,,,,,,,
9044,simple,,"LACALUT MULTI EFEKT PASTA 75ML. +cetka gratis",1,0,visible,,,,,taxable,,1,4,,0,0,,,,,0,DR.THEISS,,160,"Дентална програма",,,,,,,,,,,,0,"Lacalut,Natusana",0,153,154,,,,,,,,,,,,,,,,,,,,,,,,,,,,,,,,,,,,,,,
9045,simple,,"LACALUT pasta AKTIV 75ml",1,0,visible,,,,,taxable,,1,,,0,0,,,,,1,NATUSANA,,"310,00","Дентална програма",,,,,,,,,,,,0,,0,143,144,,,,,,,,,,,,,,,,,,,,,,,,,,,,,,,,,,,,,,,
9046,simple,,"LACALUT pasta AKTIV 75ml+gratis cetka",1,0,visible,,,,,taxable,,0,0,,0,0,,,,,0,NATUSANA,,170,"Дентална програма",,,,,,,,,,,,0,"Lacalut,Natusana",0,142,143,,,,,,,,,,,,,,,,,,,,,,,,,,,,,,,,,,,,,,,
9047,simple,,"LACALUT pasta DETSKA 4-8 god",1,0,visible,,,,,taxable,,1,1,,0,0,,,,,0,DR.THEISS,,150,"Дентална програма",,,,,,,,,,,,0,"Lacalut,Natusana",0,154,155,,,,,,,,,,,,,,,,,,,,,,,,,,,,,,,,,,,,,,,
9048,simple,,"LACALUT pasta DETSKA 8+ god.",1,0,visible,,,,,taxable,,0,0,,0,0,,,,,0,DR.THEISS,,150,"Дентална програма",,,,,,,,,,,,0,"Lacalut,Natusana",0,147,148,,,,,,,,,,,,,,,,,,,,,,,,,,,,,,,,,,,,,,,
9049,simple,,"LACALUT pasta DETSKA 8+/+ PLAK r-r KIDS 50ml",1,0,visible,,,,,taxable,,0,0,,0,0,,,,,0,NATUSANA,,139,"Дентална програма",,,,,,,,,,,,0,"Lacalut,Natusana",0,134,135,,,,,,,,,,,,,,,,,,,,,,,,,,,,,,,,,,,,,,,
9050,simple,,"LACALUT pasta SENSITIV 75ml",1,0,visible,,,,,taxable,,0,0,,0,0,,,,,0,NATUSANA,,170,"Дентална програма",,,,,,,,,,,,0,"Lacalut,Natusana",0,163,164,,,,,,,,,,,,,,,,,,,,,,,,,,,,,,,,,,,,,,,
9051,simple,,"LACALUT r-r AKTIV 250ml",1,0,visible,,,,,taxable,,1,1,,0,0,,,,,0,DR.THEISS,,250,"Дентална програма",,,,,,,,,,,,0,"Lacalut,Natusana",0,145,146,,,,,,,,,,,,,,,,,,,,,,,,,,,,,,,,,,,,,,,
9052,simple,,"LACALUT r-r SENSITIVE 250 ml",1,0,visible,,,,,taxable,,1,2,,0,0,,,,,0,DR.THEISS,,290,"Дентална програма",,,,,,,,,,,,0,"Lacalut,Natusana",0,163,164,,,,,,,,,,,,,,,,,,,,,,,,,,,,,,,,,,,,,,,
9053,simple,,"LACALUT S -interdentalna cetka za zabi",1,0,visible,,,,,taxable,,1,3,,0,0,,,,,0,DR.THEISS,,190,"Дентална програма",,,,,,,,,,,,0,"Lacalut,Natusana",0,171,172,,,,,,,,,,,,,,,,,,,,,,,,,,,,,,,,,,,,,,,
9054,simple,,"LACALUT SENSITIVE GENTLE WHITE PASTA",1,0,visible,,,,,taxable,,1,2,,0,0,,,,,0,NATUSANA,,250,"Дентална програма",,,,,,,,,,,,0,"Lacalut,Natusana",0,160,161,,,,,,,,,,,,,,,,,,,,,,,,,,,,,,,,,,,,,,,
9055,simple,,"LACALUT WHITE REPAIR PASTA",1,0,visible,,,,,taxable,,0,0,,0,0,,,,,0,NATUSANA,,210,"Дентална програма",,,,,,,,,,,,0,"Lacalut,Natusana",0,144,145,,,,,,,,,,,,,,,,,,,,,,,,,,,,,,,,,,,,,,,
9056,simple,,"LACALUT XS -interdentalna cetka za zabi",1,0,visible,,,,,taxable,,1,1,,0,0,,,,,0,DR.THEISS,,190,"Дентална програма",,,,,,,,,,,,0,"Lacalut,Natusana",0,199,200,,,,,,,,,,,,,,,,,,,,,,,,,,,,,,,,,,,,,,,
9057,simple,,"LACALUT XXS -interdentalna cetka za zabi",1,0,visible,,,,,taxable,,1,5,,0,0,,,,,0,NATUSANA,,190,"Дентална програма",,,,,,,,,,,,0,"Lacalut,Natusana",0,203,204,,,,,,,,,,,,,,,,,,,,,,,,,,,,,,,,,,,,,,,
9058,simple,,"LACTIL ORGANIC CAPS. X 56",1,0,visible,,,,,taxable,reduced-rate,1,1,,0,0,,,,,1,"BAYER OTC",,800,"Витамини и суплементи > Витамини за трудници и доилки",,,,,,,,,,,,0,,0,336,337,,,,,,,,,,,,,,,,,,,,,,,,,,,,,,,,,,,,,,,
9059,simple,,"LACTOGYN capsX15",1,0,visible,,,,,taxable,reduced-rate,0,0,,0,0,,,,,1,JADRAN,,385,"Витамини и суплементи > Уринарен систем",,,,,,,,,,,,0,,0,170,171,,,,,,,,,,,,,,,,,,,,,,,,,,,,,,,,,,,,,,,
9060,simple,,"LACTOGYN intimen gel 50gr.",1,0,visible,,,,,taxable,,0,0,,0,0,,,,,1,JADRAN,,352,"Нега и заштита > Сексуално здравје и интимна нега",,,,,,,,,,,,0,,0,388,389,,,,,,,,,,,,,,,,,,,,,,,,,,,,,,,,,,,,,,,
9061,simple,,"LACTOGYN intimen tec.sapun 250ml.",1,0,visible,,,,,taxable,,0,0,,0,0,,,,,1,JADRAN,,430,"Нега и заштита > Сексуално здравје и интимна нега",,,,,,,,,,,,0,,0,170,171,,,,,,,,,,,,,,,,,,,,,,,,,,,,,,,,,,,,,,,
9062,simple,,"LACTOGYN vag.cps x7",1,0,visible,,,,,taxable,,0,0,,0,0,,,,,1,BAYER,,"460,1292","Нега и заштита > Сексуално здравје и интимна нега",,,,,,,,,,,,0,,0,185,186,,,,,,,,,,,,,,,,,,,,,,,,,,,,,,,,,,,,,,,
9063,simple,,"LARA BEBI STAPCINJA X200",1,0,visible,,,,,taxable,,0,0,,0,0,,,,,1,UVOZ,,40,"Бебешка програма > Бебешка козметика",,,,,,,,,,,,0,,0,141,142,,,,,,,,,,,,,,,,,,,,,,,,,,,,,,,,,,,,,,,
9064,simple,,"LARA MARAMICI CLASSIC X 72",1,0,visible,,,,,taxable,,0,0,,0,0,,,,,1,UVOZ,,60,"Нега и заштита > Кожа",,,,,,,,,,,,0,,0,134,135,,,,,,,,,,,,,,,,,,,,,,,,,,,,,,,,,,,,,,,
9065,simple,,"LARA MARAMICI XXL X 120 SO KAPAK",1,0,visible,,,,,taxable,,0,0,,0,0,,,,,1,UVOZ,,90,"Нега и заштита > Кожа",,,,,,,,,,,,0,,0,111,112,,,,,,,,,,,,,,,,,,,,,,,,,,,,,,,,,,,,,,,
9066,simple,,"LARA X 15 ANTIBAKTERISKI MARAMICI",1,0,visible,,,,,taxable,,1,6,,0,0,,,,,1,UVOZ,,20,"Нега и заштита > Кожа",,,,,,,,,,,,0,,0,127,128,,,,,,,,,,,,,,,,,,,,,,,,,,,,,,,,,,,,,,,
9067,simple,,"LEA ANTIRID za oci krema 20 ml",1,0,visible,,,,,taxable,,1,1,,0,0,,,,,1,FITOFARM,,270,"Нега и заштита > Кожа",,,,,,,,,,,,0,,0,314,315,,,,,,,,,,,,,,,,,,,,,,,,,,,,,,,,,,,,,,,
9068,simple,,"LEA BADEMOVO maslo 50 ml - FITOFARM",1,0,visible,,,,,taxable,,1,6,,0,0,,,,,0,FITOFARM,,90,"Нега и заштита > Кожа",,,,,,,,,,,,0,Fitofarm,0,374,375,,,,,,,,,,,,,,,,,,,,,,,,,,,,,,,,,,,,,,,
9069,simple,,"LEA BYE BYE CELLULITE KREM 250 ml",1,0,visible,,,,,taxable,,0,0,,0,0,,,,,1,FITOFARM,,480,"Нега и заштита > Кожа",,,,,,,,,,,,0,,0,174,175,,,,,,,,,,,,,,,,,,,,,,,,,,,,,,,,,,,,,,,
9070,simple,,"LEA CICKOVO maslo 50 ml - FITOFARM",1,0,visible,,,,,taxable,,1,3,,0,0,,,,,0,FITOFARM,,110,"Нега и заштита > Кожа",,,,,,,,,,,,0,Fitofarm,0,205,206,,,,,,,,,,,,,,,,,,,,,,,,,,,,,,,,,,,,,,,
9071,simple,,"LEA Eter.maslo ruzmarin 10 ml",1,0,visible,,,,,taxable,,1,1,,0,0,,,,,1,BAYER,,160,"Нега и заштита > Кожа",,,,,,,,,,,,0,,0,232,233,,,,,,,,,,,,,,,,,,,,,,,,,,,,,,,,,,,,,,,
9072,simple,,"LEA HERBAL losion so cajno drvo/ANTIAKNE 130ml.",1,0,visible,,,,,taxable,,0,0,,0,0,,,,,1,FITOFARM,,360,"Нега и заштита > Кожа",,,,,,,,,,,,0,,0,217,218,,,,,,,,,,,,,,,,,,,,,,,,,,,,,,,,,,,,,,,
9073,simple,,"LEA HIDRANTNA dnevna krema 50 ml",1,0,visible,,,,,taxable,,1,1,,0,0,,,,,1,FITOFARM,,270,"Нега и заштита > Кожа",,,,,,,,,,,,0,,0,151,152,,,,,,,,,,,,,,,,,,,,,,,,,,,,,,,,,,,,,,,
9074,simple,,"LEA HRANLIVA nokna krema 50 ml",1,0,visible,,,,,taxable,,1,1,,0,0,,,,,1,FITOFARM,,270,"Нега и заштита > Кожа",,,,,,,,,,,,0,,0,134,135,,,,,,,,,,,,,,,,,,,,,,,,,,,,,,,,,,,,,,,
9075,simple,,"Vichy Capital Soleil Solar-Protective Water-SPF-30-Hydrating",1,0,visible,,,,,taxable,,0,0,,0,0,,,,,0,,,1400,"Нега и заштита > Заштита од сонце, Нега и заштита > Кожа, Нега и заштита",,,https://lifeline.mk/wp-content/uploads/2021/11/viber_image_2021-06-03_15-33-46.jpg,,,,,,,,,0,"Capital Soleil,Vichy",0,115,116,,classic-editor,e0a1d9b0-797c-4e23-97f0-3ec6f40379eb,field_6081ae4f27756,959,959,0,0,enable,default,default,0,0,0,0,default,default,default,default,default,0,disable,enable,right,default,default,default,304,28,,,,,,,,,60,
9076,simple,,"LEA HYDROGEN MLECEN 9% 100ML",1,0,visible,,,,,taxable,,1,1,,0,0,,,,,1,FITOFARM,,50,"Нега и заштита > Кожа",,,,,,,,,,,,0,,0,177,178,,,,,,,,,,,,,,,,,,,,,,,,,,,,,,,,,,,,,,,
9077,simple,,"LEA KANTARIONOVO maslo 50 ml - FITOFARM",1,0,visible,,,,,taxable,,1,2,,0,0,,,,,0,FITOFARM,,100,"Нега и заштита > Кожа",,,,,,,,,,,,0,Fitofarm,0,296,297,,,,,,,,,,,,,,,,,,,,,,,,,,,,,,,,,,,,,,,
9078,simple,,"LEA KOKOSOVO maslo 50ML",1,0,visible,,,,,taxable,,1,4,,0,0,,,,,1,FITOFARM,,100,"Нега и заштита > Кожа",,,,,,,,,,,,0,,0,229,230,,,,,,,,,,,,,,,,,,,,,,,,,,,,,,,,,,,,,,,
9079,simple,,"LEA krem Q10, goji i vit.E 50ml",1,0,visible,,,,,taxable,,1,1,,0,0,,,,,1,FITOFARM,,340,"Нега и заштита > Кожа",,,,,,,,,,,,0,,0,154,155,,,,,,,,,,,,,,,,,,,,,,,,,,,,,,,,,,,,,,,
9080,simple,,"LEA LAVANDA eter.maslo 10 ml",1,0,visible,,,,,taxable,,1,1,,0,0,,,,,1,FITOFARM,,180,"Нега и заштита > Кожа",,,,,,,,,,,,0,,0,161,162,,,,,,,,,,,,,,,,,,,,,,,,,,,,,,,,,,,,,,,
9081,simple,,"LEA losion za cist.lice 200 ml",1,0,visible,,,,,taxable,,1,1,,0,0,,,,,1,FITOFARM,,190,"Нега и заштита > Кожа",,,,,,,,,,,,0,,0,205,206,,,,,,,,,,,,,,,,,,,,,,,,,,,,,,,,,,,,,,,
9082,simple,,"LEA NEVENOVO maslo 50 ml - FITOFARM",1,0,visible,,,,,taxable,,1,5,,0,0,,,,,0,FITOFARM,,100,"Нега и заштита > Кожа",,,,,,,,,,,,0,Fitofarm,0,230,231,,,,,,,,,,,,,,,,,,,,,,,,,,,,,,,,,,,,,,,
9083,simple,,"LEA pr.pegi I fleki krema 50 ml",1,0,visible,,,,,taxable,,1,1,,0,0,,,,,1,FITOFARM,,320,"Нега и заштита > Кожа",,,,,,,,,,,,0,,0,357,358,,,,,,,,,,,,,,,,,,,,,,,,,,,,,,,,,,,,,,,
9084,simple,,"LEA RICINUSUVO maslo 50 ml",1,0,visible,,,,,taxable,,1,9,,0,0,,,,,1,FITOFARM,,90,"Нега и заштита > Кожа",,,,,,,,,,,,0,,0,205,206,,,,,,,,,,,,,,,,,,,,,,,,,,,,,,,,,,,,,,,
9085,simple,,"LEA SPECIJALNA pr.stareenje na koza krema 50 ml",1,0,visible,,,,,taxable,,1,1,,0,0,,,,,1,FITOFARM,,340,"Нега и заштита > Кожа",,,,,,,,,,,,0,,0,298,299,,,,,,,,,,,,,,,,,,,,,,,,,,,,,,,,,,,,,,,
9086,simple,,"LEA SUN KIDS mleko posle soncanje 200 ml",1,0,visible,,,,,taxable,,0,0,,0,0,,,,,1,FITOFARM,,197,"Бебешка програма > Бебешка козметика",,,,,,,,,,,,0,,0,358,359,,,,,,,,,,,,,,,,,,,,,,,,,,,,,,,,,,,,,,,
9087,simple,,"LEA SUN mleko za posle sonc. 200 ml",1,0,visible,,,,,taxable,,0,0,,0,0,,,,,1,FITOFARM,,180,"Нега и заштита > Кожа",,,,,,,,,,,,0,,0,168,169,,,,,,,,,,,,,,,,,,,,,,,,,,,,,,,,,,,,,,,
9088,simple,,"LEA SUN SPF 30 mleko 200 ml",1,0,visible,,,,,taxable,,0,0,,0,0,,,,,1,FITOFARM,,230,"Нега и заштита > Кожа",,,,,,,,,,,,0,,0,191,192,,,,,,,,,,,,,,,,,,,,,,,,,,,,,,,,,,,,,,,
9089,simple,,"LEA-MAMMA priroden lanolin za bradavici 30ml",1,0,visible,,,,,taxable,,1,1,,0,0,,,,,1,FITOFARM,,290,"Нега и заштита > Кожа",,,,,,,,,,,,0,,0,258,259,,,,,,,,,,,,,,,,,,,,,,,,,,,,,,,,,,,,,,,
9090,simple,,"lepenki za ochi - detski",1,0,visible,,,,,taxable,,0,0,,0,0,,,,,1,UVOZ,,30,"Медицински помагала",,,,,,,,,,,,0,,0,164,165,,,,,,,,,,,,,,,,,,,,,,,,,,,,,,,,,,,,,,,
9091,simple,,"LIBRESSE 8817 CIKL.MAXI NORMAL/10 - 37010049",1,0,visible,,,,,taxable,,0,0,,0,0,,,,,1,LIBRESSE,,90,"Нега и заштита > Сексуално здравје и интимна нега",,,,,,,,,,,,0,,0,125,126,,,,,,,,,,,,,,,,,,,,,,,,,,,,,,,,,,,,,,,
9092,simple,,"LIBRESSE 8956 CLASSIC NORMAL DUO vloski /20",1,0,visible,,,,,taxable,,0,0,,0,0,,,,,1,LIBRESSE,,110,"Нега и заштита > Сексуално здравје и интимна нега",,,,,,,,,,,,0,,0,141,142,,,,,,,,,,,,,,,,,,,,,,,,,,,,,,,,,,,,,,,
9093,simple,,"LIBRESSE 8957 CLASSIC SUPER DUO vloski /18-37010004",1,0,visible,,,,,taxable,,1,1,,0,0,,,,,1,LIBRESSE,,100,"Нега и заштита > Сексуално здравје и интимна нега",,,,,,,,,,,,0,,0,163,164,,,,,,,,,,,,,,,,,,,,,,,,,,,,,,,,,,,,,,,
9094,simple,,"LIDERA deo krema 50 ml",1,0,visible,,,,,taxable,,1,1,,0,0,,,,,1,LIDERA,,200,"Нега и заштита > Кожа",,,,,,,,,,,,0,,0,266,267,,,,,,,,,,,,,,,,,,,,,,,,,,,,,,,,,,,,,,,
9095,simple,,"LIDERA krema za noze 50 ml",1,0,visible,,,,,taxable,,1,1,,0,0,,,,,1,LIDERA,,195,"Нега и заштита > Кожа",,,,,,,,,,,,0,,0,266,267,,,,,,,,,,,,,,,,,,,,,,,,,,,,,,,,,,,,,,,
9096,simple,,"LINEX BABY DROPS",1,0,visible,,,,,taxable,reduced-rate,0,0,,0,0,,,,,1,"LEK OTC",,365,"Бебешка програма > Бебешка храна",,,,,,,,,,,,0,,0,210,211,,,,,,,,,,,,,,,,,,,,,,,,,,,,,,,,,,,,,,,
9097,simple,,"LINEX COMPLEX cpsx14",1,0,visible,,,,,taxable,reduced-rate,0,0,,0,0,,,,,1,"LEK OTC",,380,"Витамини и суплементи > Дигестивен тракт и пробиотици",,,,,,,,,,,,0,,0,217,218,,,,,,,,,,,,,,,,,,,,,,,,,,,,,,,,,,,,,,,
9098,simple,,"LINEX FORTE cps.x 14",1,0,visible,,,,,taxable,reduced-rate,1,6,,0,0,,,,,1,"LEK OTC",,310,"Витамини и суплементи > Дигестивен тракт и пробиотици",,,,,,,,,,,,0,,0,338,339,,,,,,,,,,,,,,,,,,,,,,,,,,,,,,,,,,,,,,,
9099,simple,,"LINEX JUNIOR kesicki x 10",1,0,visible,,,,,taxable,reduced-rate,1,20,,0,0,,,,,1,"LEK OTC",,370,"Витамини и суплементи > Дигестивен тракт и пробиотици",,,,,,,,,,,,0,,0,347,348,,,,,,,,,,,,,,,,,,,,,,,,,,,,,,,,,,,,,,,
9100,simple,,"LISTERINE ADVANCE WHITE",1,0,visible,,,,,taxable,,0,0,,0,0,,,,,1,AWT,,205,"Дентална програма",,,,,,,,,,,,0,,0,160,161,,,,,,,,,,,,,,,,,,,,,,,,,,,,,,,,,,,,,,,
9101,simple,,"LISTERINE COOL MINT 250ml",1,0,visible,,,,,taxable,,1,1,,0,0,,,,,1,AWT,,170,"Дентална програма",,,,,,,,,,,,0,,0,173,174,,,,,,,,,,,,,,,,,,,,,,,,,,,,,,,,,,,,,,,
9102,simple,,"ABSOLUTE DRY DAB-ON 35ML",1,0,visible,"<strong>Absolute Dry</strong> е шведски оригинален екстра ефикасен антиперспирант со долготраен 7 дневен ефект против потење и лоша миризба.","<strong>Контролирајте го потењето, не дозволувајте </strong><strong>тоа да ве контролира!</strong>\n\n<strong>Absolute Dry</strong> е шведски оригинален екстра ефикасен антиперспирант со долготраен 7 дневен ефект против потење и лоша миризба.\n\nКако да се употребува <strong>Absolute Dry</strong>?\n\nЗа да се оптимизира ефектот и да се минимизира ризикот од иритација на кожата, клучно е кожата да биде целосно сува при нанесување <strong>Absolute Dry</strong>. Измијте ја кожата и исушете ја темелно со крпа. Оставете ја кожата да се исуши некое време. Доколку е потребно, користете фен за коса со ладен воздух.\n\nНанесете <strong>Absolute Dry</strong> на кожата, на пр. под пазувите, еден час пред спиење и оставете да се исуши.\n\nУтрината повторно измијте ја кожата, или истуширајте се. <strong>Absolute Dry</strong><strong> ќе ја задржи кожата сува и</strong> <strong>ќе го спречи потењето најмногу 7 дена</strong>. Ако сакате, дополнително можете да користите парфемиран дезодоранс или спреј, но не ви е потребен друг антиперспирант.\n\n<strong>Absolute Dry не содржи парфеми, конзерванси и бои</strong>.\n\nНормално, еднаш неделно е соодветна фреквенција на апликација, но секако можете да испробате и ваш сопствен распоред.\n\nКожата на дланките на вашите раце и стапалата на нозете е подебела и може да бара малку почеста фреквенција на аплицирање <strong>Absolute Dry</strong> барем на почетокот.\n\n<strong>Состав: Алкохол Денат, Aлуминиум </strong><strong>Хлорид, </strong><strong>Т-бутил </strong><strong>Алкохол, </strong><strong>Денатониум </strong><strong>Бензоат</strong>\n\nТРЕТМАН НА ПРЕКУМЕРНО ПОТЕЊЕ\n\nЗа оние кои имаат проблем со хиперхидроза и прекумерно потење кое влијае врз нивниот секојдневен живот, постојат достапни ефикасни опции за третман.\n\nДолготрајни и екстра ефикасни антиперспиранти со алуминиум хлорид. Прво и најважно е да се направи разлика помеѓу дезодоранси и антиперспиранти. Дезодорансите обично содржат парфеми за да го маскираат мирисот на пот. Може да содржат и супстанции што ја намалуваат количината на бактерии, што исто така спречува лош мирис. Сепак, дезодорансите не го спречуваат самото потење.\n\nАнтиперспирантите од друга страна спречуваат потење на местото на апликација. Постојат долготрајни антиперспиранти особено погодни за луѓе со хиперхидроза, но ништо не трае подолго од Absolute Dry. Со Absolute Dry престанува потењето во наредните 7 дена. Може да се користи за различни видови потење, на пр. под пазуви, раце, нозе и поголеми делови на кожата.",,,taxable,,1,1,,0,0,,,,,0,,,910,"Нега и заштита > Кожа, Нега и заштита",,,https://lifeline.mk/wp-content/uploads/2021/11/web-frame1-2.jpg,,,,,,,,,0,"Vitae Health Innovation",0,350,351,,classic-editor,eae756f3-e30d-4f0d-85fd-569bcbd8b9b5,field_6081ae4f27756,506.12,506.12,0,0,enable,default,default,0,0,0,0,default,default,default,default,default,0,disable,enable,right,default,default,default,297,28,2,,,,,,,,60,
9103,simple,,"LISTERINE FRESH BURST 500ML",1,0,visible,,,,,taxable,,0,0,,0,0,,,,,1,UVOZ,,250,"Дентална програма",,,,,,,,,,,,0,,0,152,153,,,,,,,,,,,,,,,,,,,,,,,,,,,,,,,,,,,,,,,
9104,simple,,"OLIOVITA BALZAM 10ml",1,0,visible,,,,,taxable,,0,0,,0,0,,,,,0,,,370,"Нега и заштита > Кожа, Нега и заштита",,,https://lifeline.mk/wp-content/uploads/2021/11/oliovita.jpg,,,,,,,,,0,"Vitae Health Innovation",0,87,88,,classic-editor,48725be7-e3a4-4169-ae5c-26e0daaceabe,field_6081ae4f27756,253.56,253.56,0,0,enable,default,default,0,0,0,0,default,default,default,default,default,0,disable,enable,right,default,default,default,297,28,,,,,,,,,60,
9105,simple,,"LISTERINE TOTAL CARE ZERO 500ml",1,0,visible,,,,,taxable,,1,1,,0,0,,,,,1,"АВТ-ИНТЕРНАТИОНАЛ ДООЕЛ СКОПЈЕ - ",,300,"Дентална програма",,,,,,,,,,,,0,,0,195,196,,,,,,,,,,,,,,,,,,,,,,,,,,,,,,,,,,,,,,,
9106,simple,,"LISTERINE WHITENING 500ML",1,0,visible,,,,,taxable,,1,1,,0,0,,,,,1,UVOZ,,300,"Дентална програма",,,,,,,,,,,,0,,0,149,150,,,,,,,,,,,,,,,,,,,,,,,,,,,,,,,,,,,,,,,
9107,simple,,"LIVSANE ANTIALER.LOZENGI X24",1,0,visible,,,,,taxable,reduced-rate,0,0,,0,0,,,,,1,"ФЕНИКС ФАРМА - СКОПЈЕ",,270,"Витамини и суплементи > Алергија",,,,,,,,,,,,0,,0,220,221,,,,,,,,,,,,,,,,,,,,,,,,,,,,,,,,,,,,,,,
9108,simple,,"LIVSANE BABY SENSITIVE vl.maram./80",1,0,visible,,,,,taxable,,1,6,,0,0,,,,,1,"ФЕНИКС ФАРМА - СКОПЈЕ",,90,"Бебешка програма > Бебешка козметика",,,,,,,,,,,,0,,0,149,150,,,,,,,,,,,,,,,,,,,,,,,,,,,,,,,,,,,,,,,
9109,simple,,"LIVSANE BRUSNICA  plus x 30cps",1,0,visible,,,,,taxable,reduced-rate,0,0,,0,0,,,,,1,"ФЕНИКС ФАРМА - СКОПЈЕ",,329,"Витамини и суплементи > Уринарен систем",,,,,,,,,,,,0,,0,172,173,,,,,,,,,,,,,,,,,,,,,,,,,,,,,,,,,,,,,,,
9110,simple,,"LIVSANE CAJ BEL SLEZ REFUS",1,0,visible,,,,,taxable,,1,2,,0,0,,,,,1,"ФЕНИКС ФАРМА - СКОПЈЕ",,99,"Витамини и суплементи > Чаеви и билни препарати",,,,,,,,,,,,0,,0,240,241,,,,,,,,,,,,,,,,,,,,,,,,,,,,,,,,,,,,,,,
9111,simple,,"SET SENSIBIO AR BB SENSIBIO GEL MOUSSANT",1,0,visible,,,,,taxable,,0,0,,0,0,,,,,0,,,1219,"Нега и заштита > Кожа, Нега и заштита",,,https://lifeline.mk/wp-content/uploads/2021/11/lifeline4.jpg,,,,,,,,,0,Bioderma,0,251,252,,classic-editor,5fb33f19-b754-4954-a539-20ad9aabefaf,field_6081ae4f27756,861,861,0,0,enable,default,default,0,0,0,0,default,default,default,default,default,0,disable,enable,right,default,default,default,299,28,,,,,,,,,60,
9112,simple,,"LIVSANE CAJ BRUSNICA 30% FILTER",1,0,visible,,,,,taxable,reduced-rate,0,0,,0,0,,,,,1,"ФЕНИКС ФАРМА - СКОПЈЕ",,100,"Витамини и суплементи > Чаеви и билни препарати",,,,,,,,,,,,0,,0,180,181,,,,,,,,,,,,,,,,,,,,,,,,,,,,,,,,,,,,,,,
9113,simple,,"LIVSANE CAJ GJUMBIR FILTER",1,0,visible,,,,,taxable,reduced-rate,0,0,,0,0,,,,,1,"ФЕНИКС ФАРМА - СКОПЈЕ",,85,"Витамини и суплементи > Чаеви и билни препарати",,,,,,,,,,,,0,,0,203,204,,,,,,,,,,,,,,,,,,,,,,,,,,,,,,,,,,,,,,,
9114,simple,,"LIVSANE CAJ KAMILICA FILTER",1,0,visible,,,,,taxable,,1,1,,0,0,,,,,1,"ФЕНИКС ФАРМА - СКОПЈЕ",,50,"Витамини и суплементи > Чаеви и билни препарати",,,,,,,,,,,,0,,0,202,203,,,,,,,,,,,,,,,,,,,,,,,,,,,,,,,,,,,,,,,
9115,simple,,"LIVSANE CAJ KANTARION FILTER",1,0,visible,,,,,taxable,,1,1,,0,0,,,,,1,"ФЕНИКС ФАРМА - СКОПЈЕ",,55,"Витамини и суплементи > Чаеви и билни препарати",,,,,,,,,,,,0,,0,232,233,,,,,,,,,,,,,,,,,,,,,,,,,,,,,,,,,,,,,,,
9116,simple,,"LIVSANE CAJ MATOCINA FILTER",1,0,visible,,,,,taxable,,0,0,,0,0,,,,,1,"ФЕНИКС ФАРМА - СКОПЈЕ",,55,"Витамини и суплементи > Чаеви и билни препарати",,,,,,,,,,,,0,,0,246,247,,,,,,,,,,,,,,,,,,,,,,,,,,,,,,,,,,,,,,,
9117,simple,,"LIVSANE CAJ SENA",1,0,visible,,,,,taxable,,0,0,,0,0,,,,,1,"ФЕНИКС ФАРМА - СКОПЈЕ",,60,"Витамини и суплементи > Чаеви и билни препарати",,,,,,,,,,,,0,,0,355,356,,,,,,,,,,,,,,,,,,,,,,,,,,,,,,,,,,,,,,,
9118,simple,,"LIVSANE CAJ ZELEN NEFERM. FILTER",1,0,visible,,,,,taxable,reduced-rate,1,1,,0,0,,,,,1,"ФЕНИКС ФАРМА - СКОПЈЕ",,60,"Витамини и суплементи > Чаеви и билни препарати",,,,,,,,,,,,0,,0,197,198,,,,,,,,,,,,,,,,,,,,,,,,,,,,,,,,,,,,,,,
9119,simple,,"LIVSANE caj zimska bajka filterx20",1,0,visible,,,,,taxable,reduced-rate,1,2,,0,0,,,,,1,"ФЕНИКС ФАРМА - СКОПЈЕ",,85,"Витамини и суплементи > Чаеви и билни препарати",,,,,,,,,,,,0,,0,184,185,,,,,,,,,,,,,,,,,,,,,,,,,,,,,,,,,,,,,,,
9120,simple,,"LIVSANE eff. CALCIUM x 20",1,0,visible,,,,,taxable,reduced-rate,1,1,,0,0,,,,,1,"ФЕНИКС ФАРМА - СКОПЈЕ",,75,"Витамини и суплементи > Коски\, зглобови и мускули",,,,,,,,,,,,0,,0,180,181,,,,,,,,,,,,,,,,,,,,,,,,,,,,,,,,,,,,,,,
9121,simple,,"LIVSANE eff. MAGNESIUM 500mg x 20",1,0,visible,,,,,taxable,reduced-rate,1,1,,0,0,,,,,1,"ФЕНИКС ФАРМА - СКОПЈЕ",,220,"Витамини и суплементи > Заштита на нервниот систем",,,,,,,,,,,,0,,0,372,373,,,,,,,,,,,,,,,,,,,,,,,,,,,,,,,,,,,,,,,
9122,simple,,"LIVSANE eff. MAGNESIUM x 20",1,0,visible,,,,,taxable,reduced-rate,1,2,,0,0,,,,,1,"ФЕНИКС ФАРМА - СКОПЈЕ",,75,"Витамини и суплементи > Заштита на нервниот систем",,,,,,,,,,,,0,,0,175,176,,,,,,,,,,,,,,,,,,,,,,,,,,,,,,,,,,,,,,,
9123,simple,,"LIVSANE HOT BERRIES X 10 KESICKI",1,0,visible,,,,,taxable,reduced-rate,1,2,,0,0,,,,,1,"ФЕНИКС ФАРМА - СКОПЈЕ",,120,"Витамини и суплементи > Чаеви и билни препарати",,,,,,,,,,,,0,,0,242,243,,,,,,,,,,,,,,,,,,,,,,,,,,,,,,,,,,,,,,,
9124,simple,,"LIVSANE HOT GINGER+MED+LIMUN X 10",1,0,visible,,,,,taxable,reduced-rate,0,0,,0,0,,,,,1,"ФЕНИКС ФАРМА - СКОПЈЕ",,120,"Витамини и суплементи > Чаеви и билни препарати",,,,,,,,,,,,0,,0,168,169,,,,,,,,,,,,,,,,,,,,,,,,,,,,,,,,,,,,,,,
9125,simple,,"LIVSANE HOT LEMON x 20",1,0,visible,,,,,taxable,reduced-rate,0,0,,0,0,,,,,1,"ФЕНИКС ФАРМА - СКОПЈЕ",,"266,67","Витамини и суплементи > Чаеви и билни препарати",,,,,,,,,,,,0,,0,164,165,,,,,,,,,,,,,,,,,,,,,,,,,,,,,,,,,,,,,,,
9126,simple,,"LIVSANE IMMUNE SUPPORT AMP.7X25ML",1,0,visible,,,,,taxable,,0,0,,0,0,,,,,1,"ФЕНИКС ФАРМА - СКОПЈЕ",,490,"Витамини и суплементи > Имунитет",,,,,,,,,,,,0,,0,171,172,,,,,,,,,,,,,,,,,,,,,,,,,,,,,,,,,,,,,,,
9127,simple,,"LIVSANE ISLANDSKI LISHAJ pastili x 40",1,0,visible,,,,,taxable,reduced-rate,0,0,,0,0,,,,,1,"ФЕНИКС ФАРМА - СКОПЈЕ",,200,"Настинка и грип > Кашлица",,,,,,,,,,,,0,,0,262,263,,,,,,,,,,,,,,,,,,,,,,,,,,,,,,,,,,,,,,,
9128,simple,,"LIVSANE kosa/nokti kapsuli x 60",1,0,visible,,,,,taxable,reduced-rate,0,0,,0,0,,,,,1,"ФЕНИКС ФАРМА - СКОПЈЕ",,450,"Нега и заштита > Коса",,,,,,,,,,,,0,,0,164,165,,,,,,,,,,,,,,,,,,,,,,,,,,,,,,,,,,,,,,,
9129,simple,,"LIVSANE maramici x10",1,0,visible,,,,,taxable,,1,6,,0,0,,,,,1,UVOZ,,70,"Нега и заштита > Кожа",,,,,,,,,,,,0,,0,152,153,,,,,,,,,,,,,,,,,,,,,,,,,,,,,,,,,,,,,,,
9130,simple,,"LIVSANE napitok za kaslica x20kesi",1,0,visible,,,,,taxable,,0,0,,0,0,,,,,1,"ФЕНИКС ФАРМА - СКОПЈЕ",,280,"Настинка и грип > Кашлица",,,,,,,,,,,,0,,0,218,219,,,,,,,,,,,,,,,,,,,,,,,,,,,,,,,,,,,,,,,
9131,simple,,"LIVSANE pulv.MAGNESIUM CITRAT direkt/30kesi",1,0,visible,,,,,taxable,reduced-rate,1,60,,0,0,,,,,1,"ФЕНИКС ФАРМА - СКОПЈЕ",,240,"Витамини и суплементи > Заштита на нервниот систем",,,,,,,,,,,,0,,0,402,403,,,,,,,,,,,,,,,,,,,,,,,,,,,,,,,,,,,,,,,
9132,simple,,"LIVSANE vloshki za GRADI x 30",1,0,visible,,,,,taxable,,0,0,,0,0,,,,,1,"ФЕНИКС ФАРМА - СКОПЈЕ",,180,"Медицински помагала",,,,,,,,,,,,0,,0,132,133,,,,,,,,,,,,,,,,,,,,,,,,,,,,,,,,,,,,,,,
9133,simple,,"LIVSANE ZINK+HISTIDIN+CYSTEIN x 40tbl",1,0,visible,,,,,taxable,reduced-rate,1,1,,0,0,,,,,1,"ФЕНИКС ФАРМА - СКОПЈЕ",,299,"Витамини и суплементи > Имунитет",,,,,,,,,,,,0,,0,235,236,,,,,,,,,,,,,,,,,,,,,,,,,,,,,,,,,,,,,,,
9134,simple,,"LOBELLO BISKVIT 5 ZITARICI 200gr- 54091",1,0,visible,,,,,taxable,reduced-rate,1,6,,0,0,,,,,1,GEMELLINE,,130,"Бебешка програма > Бебешка храна",,,,,,,,,,,,0,,0,235,236,,,,,,,,,,,,,,,,,,,,,,,,,,,,,,,,,,,,,,,
9135,simple,,"SET SENSITIV MICELARNA+LIPIKAR 400ML",1,0,visible,"Мицеларна вода за чувствитела кожа + смирувачки гел за туширање",,,,taxable,,0,0,,0,0,,,,,0,,,850,"Нега и заштита > Кожа, Нега и заштита",,,https://lifeline.mk/wp-content/uploads/2021/11/sensitive.jpg,,,,,,,,,0,LaRoche-Posay,0,142,143,,classic-editor,7bbba549-d530-4a0e-9a16-87eb8e15cccd,field_6081ae4f27756,572,572,0,0,enable,default,default,0,0,0,0,default,default,default,default,default,0,disable,enable,right,default,default,default,306,28,,,,,,,,,60,
9136,simple,,"LOBELLO BISKVIT BEZ GLUTEN 250mg - 54090",1,0,visible,,,,,taxable,reduced-rate,0,0,,0,0,,,,,1,GEMELLINE,,200,"Бебешка програма > Бебешка храна",,,,,,,,,,,,0,,0,186,187,,,,,,,,,,,,,,,,,,,,,,,,,,,,,,,,,,,,,,,
9137,simple,,"SET MIC.WATER+LIPIKAR GEL 400ML",1,0,visible,"Мицеларна вода за реактивна кожа + смирувачки гел за туширање",,,,taxable,,0,0,,0,0,,,,,0,,,850,"Нега и заштита > Кожа, Нега и заштита",,,https://lifeline.mk/wp-content/uploads/2021/11/reactive.jpg,,,,,,,,,0,LaRoche-Posay,0,88,89,,classic-editor,52010305-5c91-4020-818c-b4405a1d2f02,field_6081ae4f27756,572,572,0,0,enable,default,default,0,0,0,0,default,default,default,default,default,0,disable,enable,right,default,default,default,306,28,,,,,,,,,60,
9138,simple,,"LUNERBA tbl x 30",1,0,visible,,,,,taxable,reduced-rate,1,3,,0,0,,,,,1,"ФЕНИКС ФАРМА - СКОПЈЕ",,240,"Витамини и суплементи > Заштита на нервниот систем",,,,,,,,,,,,0,,0,219,220,,,,,,,,,,,,,,,,,,,,,,,,,,,,,,,,,,,,,,,
9139,simple,,"LUVALYC cps x 30",1,0,visible,,,,,taxable,reduced-rate,1,1,,0,0,,,,,1,UVOZ,,770,"Витамини и суплементи > Препарати за око",,,,,,,,,,,,0,,0,216,217,,,,,,,,,,,,,,,,,,,,,,,,,,,,,,,,,,,,,,,
9140,simple,,"LYCOPEN+VIT.E cps.30 x (300+10)mg",1,0,visible,,,,,taxable,reduced-rate,0,0,,0,0,,,,,1,BAYER,,501,"Нега и заштита > Сексуално здравје и интимна нега",,,,,,,,,,,,0,,0,141,142,,,,,,,,,,,,,,,,,,,,,,,,,,,,,,,,,,,,,,,
9141,simple,,"LYSOBACT spray PEPERMINT 30ml",1,0,visible,,,,,taxable,reduced-rate,1,1,,0,0,,,,,1,BOSNALIJEK,,350,"Настинка и грип > Грло",,,,,,,,,,,,0,,0,237,238,,,,,,,,,,,,,,,,,,,,,,,,,,,,,,,,,,,,,,,
9142,simple,,"LYSOBACT za zvakanje tbl. 30 x (20 mg + 10 mg)",1,0,visible,,,,,taxable,reduced-rate,1,2,,0,0,,,,,1,BOSNALIJEK,,170,"Настинка и грип > Грло",,,,,,,,,,,,0,,0,230,231,,,,,,,,,,,,,,,,,,,,,,,,,,,,,,,,,,,,,,,
9143,simple,,"BDFOTODERM MAX SPRAY SPF50+ 400ml",0,0,visible,,,,,taxable,,0,0,,0,0,,,,,0,,,"1531,05","Нега и заштита > Заштита од сонце, Нега и заштита > Кожа, Нега и заштита",,,https://lifeline.mk/wp-content/uploads/2021/11/BDFOTODERM-MAX-SPRAY-SPF50-400ml.jpg,,,,,,,,,0,"Bioderma,Photoderm",0,,,,classic-editor,b623ffdf-f55e-495d-bdd1-6a897349e95c,field_6081ae4f27756,1038,1038,0,0,enable,default,default,0,0,0,0,default,default,default,default,default,0,disable,enable,right,default,default,default,299,28,,,,,,,,,60,
9144,simple,,"MAGNESIUM 400mg+B-complex/20pulv -ALKALOID",1,0,visible,,,,,taxable,reduced-rate,0,0,,0,0,,,,,1,"ALKALOID OTC",,200,"Витамини и суплементи > Заштита на нервниот систем",,,,,,,,,,,,0,,0,231,232,,,,,,,,,,,,,,,,,,,,,,,,,,,,,,,,,,,,,,,
9145,simple,,"MAGNESIUM KRKA 300mg x 20kesi",1,0,visible,,,,,taxable,reduced-rate,0,0,,0,0,,,,,1,"KRKA OTC",,400,"Витамини и суплементи > Заштита на нервниот систем",,,,,,,,,,,,0,,0,216,217,,,,,,,,,,,,,,,,,,,,,,,,,,,,,,,,,,,,,,,
9147,simple,,"MAGNESIUM tbl 150 x 250mg",1,0,visible,,,,,taxable,reduced-rate,0,0,,0,0,,,,,1,EUPO,,490,"Витамини и суплементи > Заштита на нервниот систем",,,,,,,,,,,,0,,0,181,182,,,,,,,,,,,,,,,,,,,,,,,,,,,,,,,,,,,,,,,
9148,simple,,"BD FOTODERM SPRAY SPF30+ 400 ml",1,0,visible,,,,,taxable,,0,0,,0,0,,,,,0,,,1520,"Нега и заштита > Заштита од сонце, Нега и заштита > Кожа, Нега и заштита",,,https://lifeline.mk/wp-content/uploads/2021/11/BD-FOTODERM-SPRAY-SPF30-400-ml.jpg,,,,,,,,,0,"Bioderma,Photoderm",0,153,154,,classic-editor,aaf37ef1-4f75-4a2a-93e1-b700ba4b9895,field_6081ae4f27756,1038,1038,0,0,enable,default,default,0,0,0,0,default,default,default,default,default,0,disable,enable,right,default,default,default,299,28,,,,,,,,,60,
9149,simple,,"MALTEKS JACMENOV SLAD 920 gr.",1,0,visible,,,,,taxable,reduced-rate,1,1,,0,0,,,,,1,VITALIJA,,240,"Витамини и суплементи > Дијабетес",,,,,,,,,,,,0,,0,449,450,,,,,,,,,,,,,,,,,,,,,,,,,,,,,,,,,,,,,,,
9150,simple,,"MARAMICI PALOMA 10X10BR.",1,0,visible,,,,,taxable,,1,8,,0,0,,,,,1,PALOMA,,100,"Нега и заштита > Кожа",,,,,,,,,,,,0,,0,240,241,,,,,,,,,,,,,,,,,,,,,,,,,,,,,,,,,,,,,,,
9151,simple,,"MARISOL FRESH SPREY 50ml",1,0,visible,,,,,taxable,,0,0,,0,0,,,,,1,ESSENSA,,240,"Настинка и грип > Нос",,,,,,,,,,,,0,,0,173,174,,,,,,,,,,,,,,,,,,,,,,,,,,,,,,,,,,,,,,,
9152,simple,,"BD PHOTODERM BRONZE SPF50+",0,0,visible,,,,,taxable,,0,0,,0,0,,,,,0,,,1665,"Нега и заштита > Заштита од сонце, Нега и заштита > Кожа, Нега и заштита",,,https://lifeline.mk/wp-content/uploads/2021/11/BD-PHOTODERM-BRONZE-SPF50.jpg,,,,,,,,,0,"Bioderma,Photoderm",0,,,,classic-editor,b0d18d6c-5014-41a1-8921-b89c1103f000,field_6081ae4f27756,1176,1176,0,0,enable,default,default,0,0,0,0,default,default,default,default,default,0,disable,enable,right,default,default,default,299,28,,,,,,,,,60,
9153,simple,,"MARISOL ISOTONIC sprej za nos 50 ml.",1,0,visible,,,,,taxable,,1,1,,0,0,,,,,1,SEPTIMA,,240,"Настинка и грип > Нос",,,,,,,,,,,,0,,0,197,198,,,,,,,,,,,,,,,,,,,,,,,,,,,,,,,,,,,,,,,
9154,simple,,"BD PHOTODERM MAX TONIR.KR.SPF50+",0,0,visible,,,,,taxable,,0,0,,0,0,,,,,0,,,990,"Нега и заштита > Заштита од сонце, Нега и заштита > Кожа, Нега и заштита",,,https://lifeline.mk/wp-content/uploads/2021/11/BD-PHOTODERM-MAX-TONIR.KR_.SPF50.jpg,,,,,,,,,0,"Bioderma,Photoderm",0,,,,classic-editor,18c06702-5993-4287-85a3-bc35cb2d422c,field_6081ae4f27756,699,699,0,0,enable,default,default,0,0,0,0,default,default,default,default,default,0,disable,enable,right,default,default,default,299,28,,,,,,,,,60,
9155,simple,,"MARISOL PANTHENOL sprej za nos 50 ml",1,0,visible,,,,,taxable,,1,2,,0,0,,,,,1,ESSENSA,,240,"Настинка и грип > Нос",,,,,,,,,,,,0,,0,231,232,,,,,,,,,,,,,,,,,,,,,,,,,,,,,,,,,,,,,,,
9156,simple,,"BD PHOTODERM MAX ULTRA FLUID 50+",0,0,visible,,,,,taxable,,0,0,,0,0,,,,,0,,,926,"Нега и заштита > Заштита од сонце, Нега и заштита > Кожа, Нега и заштита",,,https://lifeline.mk/wp-content/uploads/2021/11/BD-PHOTODERM-MAX-ULTRA-FLUID-50.jpg,,,,,,,,,0,"Bioderma,Photoderm",0,,,,classic-editor,5a7e509b-29eb-4705-b2d2-845b07631c53,field_6081ae4f27756,654,654,0,0,enable,default,default,0,0,0,0,default,default,default,default,default,0,disable,enable,right,default,default,default,299,28,,,,,,,,,60,
9157,simple,,"MASKA FFP N95",1,0,visible,,,,,taxable,,0,0,,0,0,,,,,1,UVOZ,,350,"Медицински помагала",,,,,,,,,,,,0,,0,188,189,,,,,,,,,,,,,,,,,,,,,,,,,,,,,,,,,,,,,,,
9158,simple,,"MASKA N99 SINA - DETSKA VENTIL",1,0,visible,,,,,taxable,,1,3,,0,0,,,,,1,UVOZ,,380,"Медицински помагала",,,,,,,,,,,,0,,0,291,292,,,,,,,,,,,,,,,,,,,,,,,,,,,,,,,,,,,,,,,
9159,simple,,"BD PHOTODERM SENS.SPF50+ 100 ml",0,0,visible,,,,,taxable,,0,0,,0,0,,,,,0,,,1234,"Нега и заштита > Заштита од сонце, Нега и заштита > Кожа, Нега и заштита",,,https://lifeline.mk/wp-content/uploads/2021/11/BD-PHOTODERM-SENS.SPF50-100-ml.jpg,,,,,,,,,0,"Bioderma,Photoderm",0,,,,classic-editor,90557e0e-fe46-42ee-8f92-35a390c65a41,field_6081ae4f27756,871,871,0,0,enable,default,default,0,0,0,0,default,default,default,default,default,0,disable,enable,right,default,default,default,299,28,,,,,,,,,60,
9160,simple,,"MASKA N99 ZOLTA - DETSKA VENTIL",1,0,visible,,,,,taxable,,1,4,,0,0,,,,,1,UVOZ,,380,"Медицински помагала",,,,,,,,,,,,0,,0,171,172,,,,,,,,,,,,,,,,,,,,,,,,,,,,,,,,,,,,,,,
9161,simple,,"MASKA NOVA PRATKA",1,0,visible,,,,,taxable,,0,0,,0,0,,,,,1,UVOZ,,80,"Медицински помагала",,,,,,,,,,,,0,,0,130,131,,,,,,,,,,,,,,,,,,,,,,,,,,,,,,,,,,,,,,,
9162,simple,,"MASKA ROZEVA DETSKA KH-90",1,0,visible,,,,,taxable,,0,0,,0,0,,,,,1,UVOZ,,90,"Медицински помагала",,,,,,,,,,,,0,,0,112,113,,,,,,,,,,,,,,,,,,,,,,,,,,,,,,,,,,,,,,,
9164,simple,,"EMBRYOLISSE MICELAREN LOSION 250ML",1,0,visible,"<p>Embryolisse Lotion Micellare – Мицеларен лосион, 250мл</p>\n","<p>Мицеларен лосион за чистење на кожа и отстранување на шминка.</p>\n<p>Нежно и ефикасно чистење на лице, очи и усни. Мецеларните честички во комбинација со цветните води од синчец, хамамелис и камилица, надополнето со глицерин, ја чистат и тонизираат кожата. 95% состојки од природно потекло.</p>\n<p>Без алкохол. Дерматолошки и офталмолошки тестирано. Без парабени.</p>\n<p>Употреба: Наутро и навечер нанесете на тупфер и исчистете ги лицето, очите и усните. Соодветно за сите типови на кожа и за чувствителна. Не се измива.</p>\n",,,taxable,,1,,,0,0,,,,,0,,,755,"Нега и заштита > Кожа, Нега и заштита",,,https://lifeline.mk/wp-content/uploads/2021/11/EMBRY.MICELAREN-LOSION-250ML.jpg,,,,,,,,,0,Embriolysse,0,92,93,,classic-editor,0fa0088e-80c1-45fe-a694-9b7ff57d68a8,field_6081ae4f27756,487,487,0,0,enable,default,default,0,0,0,0,default,default,default,default,default,0,disable,enable,right,default,default,default,338,28,1,,,,,,,,90,
9165,simple,,"EMBRYOLISSE CREME CONCENTRE 75ML",1,0,visible,"<p>Embryolisse Lait-Crème Concentré– Повеќенаменски хранлив хидратантен крем 75мл</p>\n","<p>Исклучителна нега која со децении ја подржуваат дерматолозите и make-up артистите како француска тајна на убавата и негувана кожа. Со хидратантни и хранливи состојки, текстура богата со есенцијални масни киселини и витамини од природно потекло, овозможува неопходна нега и хидратација и ја заштитува кожата од влијанието на надворешните фактори. Кожата станува поотпорна, зацврстена и свиленкаста.</p>\n<p>Дерматолошки тестирано. Без парабени.</p>\n<p>Употреба: Практичен повеќенаменски производ за лице и тело. Идеален како подлога за шминка, секојдневна нега, како маска за лице. Може да се користи за нега на кожа после бричење и сончање, како и за нежно чистење на лице.</p>\n",,,taxable,,1,,,0,0,,,,,0,,,1365,"Нега и заштита > Кожа, Нега и заштита",,,https://lifeline.mk/wp-content/uploads/2021/11/EMBRY.CREME-CONCENTRE-75ML.jpg,,,,,,,,,0,Embriolysse,0,184,185,,classic-editor,92854d03-1a25-4db9-9fd0-77515c63a68c,field_6081ae4f27756,880,880,0,0,enable,default,default,0,0,0,0,default,default,default,default,default,0,disable,enable,right,default,default,default,338,28,1,,,,,,,,90,
9167,simple,,"EMBRYOLISSE LAIT CREME SENSITIVE",1,0,visible,"<p>Embryolisse Lait-Crème Sensitive – Повеќенаменски крем за чувствителна кожа, 100мл</p>\n","<p>Хипоалергена нега за чувствителна, многу чувствителна и реактивна кожа, во специјална формула без парфем со 98% состојки од природно потекло, наменета е за целото семејство (бебиња, деца, возрасни).</p>\n<p>Повеќенаменски хранлив и хидратантен крем за чувствителна кожа. Производ со висока толеранција, тестиран под дерматолошка и педијатриска контрола. Без парфем и без парабени. Не остава леплива и мрсна трага.</p>\n<p>Активните состојки (алое вера, протеини од соја, ши путер и пчелин восок) ја хидрираат кожата правејќи ја еластична и мека, додека емолиентните масла од природно потекло и витамини ја хранат и регенерираат кожата. Го зајакнуваат хидролипидниот слој и ја намалуваат чувствителноста на кожата, овозможувајќи моментална и долготрајна хидратација, како и заштита од надворешните фактори.</p>\n<p>Употреба: Практичен повеќенаменски производ за лице и тело. Секојдневна хранлива и заштитна нега за бебиња, деца и возрасни. Идеална како подлога за шминка, секојдневна хидратантна нега, како маска за хидратација. Може да се користи за нега на кожа после сончање и после бричење, како и за нежно чистење на лицето.</p>\n",,,taxable,,1,,,0,0,,,,,0,,,1470,"Нега и заштита > Кожа, Нега и заштита",,,https://lifeline.mk/wp-content/uploads/2021/11/EMBRY.LAIT-CREME-SENSITIVE.jpg,,,,,,,,,0,Embriolysse,0,76,77,,classic-editor,b1cd7221-2d2d-4b75-be2d-b34e5d944419,field_6081ae4f27756,948,948,0,0,enable,default,default,0,0,0,0,default,default,default,default,default,0,disable,enable,right,default,default,default,338,28,1,,,,,,,,90,
9169,simple,,"MAST OD KONOP LADNO 100ML",1,0,visible,,,,,taxable,,1,1,,0,0,,,,,1,MEDIKA,,410,"Против болка",,,,,,,,,,,,0,,0,203,204,,,,,,,,,,,,,,,,,,,,,,,,,,,,,,,,,,,,,,,
9170,simple,,"EMBRYOLISSE HYDRA MAT",1,0,visible,"<p>Embryolisse Émulsion Hydra-Mat – Худратантна матирачка емулзија, 40мл</p>\n","<p>Овозможува оптимална хидратација на кожата склона кон несаканиот мрсен сјај.</p>\n<p>Збогатена со ши путер и масло од кајсија, како и витамин Е, познат по своето антиоксидативно својство, овој лесен гел-крем овозможва неопходна хидратација на кожата во текот на целиот ден. Тапиока прав го впива вишокот себум и спречува појава на несакан мрсен сјај. Кожата е хидрирана, мазна и подготвена за нанесување на шминка.</p>\n<p>Дерматолошки тестирано. Без парабени.</p>\n<p>Употреба: Соодветна за нормална и комбинирана кожа. Наменета за оние кои сакаат ефект на хидрирана кожа без вишок на мрсен сјај. Нанесете наутро на чиста и сува кожа на лице и врат. Соодветно и за мажи.</p>\n",,,taxable,,1,,,0,0,,,,,0,,,1365,"Нега и заштита > Кожа, Нега и заштита",,,https://lifeline.mk/wp-content/uploads/2021/11/EMBRY.HYDRA-MAT.jpg,,,,,,,,,0,Embriolysse,0,88,89,,classic-editor,20147ef8-38e8-49ae-ab8c-25548af50deb,field_6081ae4f27756,880,880,0,0,enable,default,default,0,0,0,0,default,default,default,default,default,0,disable,enable,right,default,default,default,338,28,1,,,,,,,,90,
9171,simple,,"MAST OD KONOP ZA ZAGREVANJE 100ML",1,0,visible,,,,,taxable,,1,1,,0,0,,,,,1,MEDIKA,,420,"Против болка",,,,,,,,,,,,0,,0,296,297,,,,,,,,,,,,,,,,,,,,,,,,,,,,,,,,,,,,,,,
9172,simple,,"EMBRYOLISSE HYDRA SERUM 30ML",1,0,visible,"<p>Embryolisse Hydra-Sérum – Хидратантен серум, 30мл</p>\n","<p>Висока концентрација на хидратантни активни состојки за моментална ревитализација на кожата. Составот на овој серум го претставува единствениот активен комплекс кој ги стимулира природните механизми на хидратација на кожата.</p>\n<p>Бел воден лилјан, познат по ислучително хранливи и негувачки својства, во комбинација со хијалуронска киселина, ја задржува водата и ја зајакнува нејзината природна бариера. Кожата е моментално и долготрајно хидрирана. Благодарение на оваа интензивна нега, кожата со тек на време е блескава и зајакната.</p>\n<p>Дерматолошки тестирано. Без парабени.</p>\n<p>Употреба: Нанесете на сува и чиста кожа на лице и врат наутро и навечер пред нанесување на секојдневниот крем. Соодветен за сите типови на кожа. Лесна текстура која брзо се впива.</p>\n",,,taxable,,1,,,0,0,,,,,0,,,1785,"Нега и заштита > Кожа, Нега и заштита",,,https://lifeline.mk/wp-content/uploads/2021/11/EMBRY.HYDRA-SERUM-30ML.jpg,,,,,,,,,0,Embriolysse,0,88,89,,classic-editor,1f3035e1-6a2a-48db-92cb-6b193e317d88,field_6081ae4f27756,1151,1151,0,0,enable,default,default,0,0,0,0,default,default,default,default,default,0,disable,enable,right,default,default,default,338,28,1,,,,,,,,90,
9177,simple,,"MEDEX GELEE ROYALE cps x30",1,0,visible,,,,,taxable,reduced-rate,0,0,,0,0,,,,,1,MEDEX,,480,"Витамини и суплементи > Имунитет",,,,,,,,,,,,0,,0,169,170,,,,,,,,,,,,,,,,,,,,,,,,,,,,,,,,,,,,,,,
9178,simple,,"EMBRYOLISSE GLOBAL ANTI AGE CREAM",1,0,visible,"<p>Embryolisse Crème Anti- Âge Global – Хранлив регенеративен крем, 50мл</p>\n","<p>Обновувачка хранлива anti-age нега.</p>\n<p>Комплетна нега за зрела кожа, со видливи знаци на стареење. Формула со три главни anti-age состојки: омега 9, витамин Е и хијалуронска киселина, кои делуваат заеднички регенерирајќи ги тонусот и текстурата на кожата. Хранливите состојки од природно потекло (ши путер, алое вера, пчелин восок и протеини од соја) ја зајакнуваат хидро-липидната бариера овозможувајќи заштита. Кожата е негувана, подмладена и зацврстена. Нејзината богата текстура го отстранува непријатното чувство на сува кожа.</p>\n<p>Дерматолошки испитано. Без парабени.</p>\n<p>Нанесете на сува и чиста кожа на лице и врат наутро и навечер. Соодветно за сите типови на кожа.</p>\n",,,taxable,,1,,,0,0,,,,,0,,,2415,"Нега и заштита > Кожа, Нега и заштита",,,https://lifeline.mk/wp-content/uploads/2021/11/EMBRY.GLOBAL-ANTI-AGE-CREAM.jpg,,,,,,,,,0,Embriolysse,0,53,54,,classic-editor,c7b4ff8e-cd87-42ad-8184-37d75b677dfe,field_6081ae4f27756,1558,1558,0,0,enable,default,default,0,0,0,0,default,default,default,default,default,0,disable,enable,right,default,default,default,338,28,1,,,,,,,,90,
9180,simple,,"MEDEX GELEE ROYALE x 40cps.",1,0,visible,,,,,taxable,reduced-rate,0,0,,0,0,,,,,1,MEDEX,,490,"Витамини и суплементи > Имунитет",,,,,,,,,,,,0,,0,198,199,,,,,,,,,,,,,,,,,,,,,,,,,,,,,,,,,,,,,,,
9182,simple,,"MEDICAL ANTIBAK.gel 400 ml",1,0,visible,,,,,taxable,reduced-rate,1,3,,0,0,,,,,1,ALKALOID,,150,"Нега и заштита > Средства за дезинфекција",,,,,,,,,,,,0,,0,152,153,,,,,,,,,,,,,,,,,,,,,,,,,,,,,,,,,,,,,,,
9184,simple,,"MEDICAL GEL za suvo mienje 75 ml",1,0,visible,,,,,taxable,reduced-rate,1,4,,0,0,,,,,1,ALKALOID,,90,"Нега и заштита > Средства за дезинфекција",,,,,,,,,,,,0,,0,171,172,,,,,,,,,,,,,,,,,,,,,,,,,,,,,,,,,,,,,,,
9185,simple,,"EMBRYOLISSE RADIENT EYE",1,0,visible,"<p>Embryolisse Radiant Eye – Освежувачки стик за блескав предел околу очите, 4,5гр</p>\n","<p>Тајната на make-up артистите за моментална блескавост во подрачјето околу очите, која го истакнува погледот и ја потенцира убавината на очите.</p>\n<p>Обновувачки, хидратантен ботанички комплекс за ефект на блескава и посветла кожа во подрачјето околу очите. Богат со полисахариди, витамин ПП, алое вера и глицерин, делува на намалување на темните кругови и подочниците.</p>\n<p>Без парабени. Без мирис. Дерматолошки тестирано.</p>\n<p>Употреба: Нанесете секојдневно наутро и навечер, со кружни движења од внатрешниот кон надворешниот дел на окото. За интензивни резултати постапката може да се повтори.</p>\n",,,taxable,,1,5,,1,0,,,,,0,,,1215,"Нега и заштита > Кожа, Нега и заштита",,,https://lifeline.mk/wp-content/uploads/2021/11/EMBRY.RADIANT-EYE.jpg,,,,,,,,,0,Embriolysse,0,90,91,,classic-editor,4c7704c5-e87d-48d5-99dc-3d081326240f,field_6081ae4f27756,785,785,0,0,enable,default,default,0,0,0,0,default,default,default,default,default,0,disable,enable,right,default,default,default,338,28,1,,,,,,,,90,
9186,simple,,"EMBRYOLISSE LASHES &amp; BROWS 6.5ML",1,0,visible,"<p>Embryolisse Lashes&amp;Brows Booster, Серум за зајакнување на трепки и веѓи, 6,5 мл</p>\n","<p>Интензивна нега за раст, зајакнување и обновување на трепките и веѓите за 28 дена.</p>\n<p>Обновувачки ботанички комплекс: биотинил, аргинин, рицинусово масло, екстракт ekstrakt Centella asiatica и пантенол, овозможува регенерација и ефект на густи трепки и веѓи.</p>\n<p>Дерматолошки и офталмолошки тестирано.</p>\n<p>Употреба: Користете секојдневно, наутро пред нанесување на маскара и навечер после отстранување на шминката. Соодветно за чувствителни очи, како и за лица кои носат контактни леќи.</p>\n",,,taxable,,1,5,,notify,0,,,,,0,,,1470,"Нега и заштита > Кожа, Нега и заштита",,,https://lifeline.mk/wp-content/uploads/2021/11/EMBRY.LASHESBROWS-6.5ML.jpg,,,,,,,,,0,Embriolysse,0,131,132,,classic-editor,d8db1ad2-22ff-4837-98a3-d3101e29b1dd,field_6081ae4f27756,948,948,0,0,enable,default,default,0,0,0,0,default,default,default,default,default,0,disable,enable,right,default,default,default,338,28,1,,,,,,,,90,
9187,simple,,"MELEM BEOGRADSKI 40ml",1,0,visible,,,,,taxable,,0,0,,0,0,,,,,0,ESSENSA,,300,"Нега и заштита > Кожа",,,,,,,,,,,,0,Pharmanova,0,171,172,,,,,,,,,,,,,,,,,,,,,,,,,,,,,,,,,,,,,,,
9188,simple,,"MELEM za usni 4,5gr.",1,0,visible,,,,,taxable,,0,0,,0,0,,,,,1,ROSAL,,170,"Нега и заштита > Кожа",,,,,,,,,,,,0,,0,129,130,,,,,,,,,,,,,,,,,,,,,,,,,,,,,,,,,,,,,,,
9189,simple,,"MENNEN  COOL WAIT speed stick deo gel 85 gr",1,0,visible,,,,,taxable,,0,0,,0,0,,,,,1,MENNEN,,310,"Нега и заштита > Кожа",,,,,,,,,,,,0,,0,274,275,,,,,,,,,,,,,,,,,,,,,,,,,,,,,,,,,,,,,,,
9190,simple,,"MERALYS 0.05% sprej za nos 10ml",1,0,visible,,,,,taxable,reduced-rate,0,0,,0,0,,,,,1,JADRAN,,200,"Настинка и грип > Нос",,,,,,,,,,,,0,,0,241,242,,,,,,,,,,,,,,,,,,,,,,,,,,,,,,,,,,,,,,,
9191,simple,,"MERALYS 0.1% sprej za nos 10ml",1,0,visible,,,,,taxable,reduced-rate,0,0,,0,0,,,,,1,JADRAN,,192,"Настинка и грип > Нос",,,,,,,,,,,,0,,0,223,224,,,,,,,,,,,,,,,,,,,,,,,,,,,,,,,,,,,,,,,
9192,simple,,"MERALYS COMB SPRAY 10ML",1,0,visible,,,,,taxable,reduced-rate,1,1,,0,0,,,,,1,UVOZ,,300,"Настинка и грип > Нос",,,,,,,,,,,,0,,0,304,305,,,,,,,,,,,,,,,,,,,,,,,,,,,,,,,,,,,,,,,
9193,simple,,"MERALYS spray HA 0.5mg/ml. 10ml.",1,0,visible,,,,,taxable,reduced-rate,1,1,,0,0,,,,,1,JADRAN,,"215,46","Настинка и грип > Нос",,,,,,,,,,,,0,,0,245,246,,,,,,,,,,,,,,,,,,,,,,,,,,,,,,,,,,,,,,,
9194,simple,,"MERALYS spray HA 1mg/ml. 10ml.",1,0,visible,,,,,taxable,reduced-rate,1,2,,0,0,,,,,1,JADRAN,,"219,996","Настинка и грип > Нос",,,,,,,,,,,,0,,0,273,274,,,,,,,,,,,,,,,,,,,,,,,,,,,,,,,,,,,,,,,
9195,simple,,"MERZ SPECIAL drg.x 60",1,0,visible,,,,,taxable,reduced-rate,1,2,,0,0,,,,,1,MERZ,,750,"Нега и заштита > Коса",,,,,,,,,,,,0,,0,239,240,,,,,,,,,,,,,,,,,,,,,,,,,,,,,,,,,,,,,,,
9196,simple,,"METAFEN tbl. x 10",1,0,visible,,,,,taxable,reduced-rate,1,2,,0,0,,,,,1,KEM,,80,"Против болка",,,,,,,,,,,,0,,0,295,296,,,,,,,,,,,,,,,,,,,,,,,,,,,,,,,,,,,,,,,
9197,simple,,"MIKROKLIZMI EASYLAX ZA DECA 6 x 3gr",1,0,visible,,,,,taxable,reduced-rate,1,2,,0,0,,,,,1,SOMA,,280,"Витамини и суплементи > Дигестивен тракт и пробиотици",,,,,,,,,,,,0,,0,281,282,,,,,,,,,,,,,,,,,,,,,,,,,,,,,,,,,,,,,,,
9198,simple,,"MIKROKLIZMI EASYLAX ZA VOZRASNI X6",1,0,visible,,,,,taxable,reduced-rate,1,1,,0,0,,,,,1,UVOZ,,280,"Витамини и суплементи > Дигестивен тракт и пробиотици",,,,,,,,,,,,0,,0,186,187,,,,,,,,,,,,,,,,,,,,,,,,,,,,,,,,,,,,,,,
9199,simple,,"MINOTIK sol 10ml",1,0,visible,,,,,taxable,reduced-rate,1,2,,0,0,,,,,1,"SOLVIS GEVGELIJA",,395,"Медицински помагала",,,,,,,,,,,,0,,0,284,285,,,,,,,,,,,,,,,,,,,,,,,,,,,,,,,,,,,,,,,
9200,simple,,"MOLLERS COD LIVER LIMUN 250ml.",1,0,visible,,,,,taxable,,1,1,,0,0,,,,,1,UVOZ,,1075,"Витамини и суплементи > Имунитет",,,,,,,,,,,,0,,0,147,148,,,,,,,,,,,,,,,,,,,,,,,,,,,,,,,,,,,,,,,
9201,simple,,"MOLLERS COLD LIVER TUTI FRUTI 250ml",1,0,visible,,,,,taxable,,1,1,,0,0,,,,,1,UVOZ,,1075,"Витамини и суплементи > Имунитет",,,,,,,,,,,,0,,0,163,164,,,,,,,,,,,,,,,,,,,,,,,,,,,,,,,,,,,,,,,
9202,simple,,"MOVENS KREM 100 ml",1,0,visible,,,,,taxable,,1,1,,0,0,,,,,1,UVOZ,,470,"Против болка",,,,,,,,,,,,0,,0,200,201,,,,,,,,,,,,,,,,,,,,,,,,,,,,,,,,,,,,,,,
9203,simple,,"MRL-CHAGA tbl 90 x 500mg",1,0,visible,,,,,taxable,reduced-rate,0,0,,0,0,,,,,1,MYCONUTRI,,1573,"Витамини и суплементи > Имунитет",,,,,,,,,,,,0,,0,164,165,,,,,,,,,,,,,,,,,,,,,,,,,,,,,,,,,,,,,,,
9204,simple,,"MRL-CORIOLUS tbl 90 x 500mg",1,0,visible,,,,,taxable,reduced-rate,1,2,,0,0,,,,,1,MYCONUTRI,,1573,"Витамини и суплементи > Имунитет",,,,,,,,,,,,0,,0,269,270,,,,,,,,,,,,,,,,,,,,,,,,,,,,,,,,,,,,,,,
9205,simple,,"MRL-HERICIUM tbl.90 x 500mg",1,0,visible,,,,,taxable,reduced-rate,0,0,,0,0,,,,,1,MYCONUTRI,,"1572,48","Витамини и суплементи > Дигестивен тракт и пробиотици",,,,,,,,,,,,0,,0,150,151,,,,,,,,,,,,,,,,,,,,,,,,,,,,,,,,,,,,,,,
9206,simple,,"MRL-MAITAKE tbl. 90 x 500mg",1,0,visible,,,,,taxable,reduced-rate,0,0,,0,0,,,,,1,MYCONUTRI,,"1572,48","Витамини и суплементи > Имунитет",,,,,,,,,,,,0,,0,142,143,,,,,,,,,,,,,,,,,,,,,,,,,,,,,,,,,,,,,,,
9207,simple,,"MULTI ESSENCE VIT.+ADULTI 50+ TBL.X30",1,0,visible,,,,,taxable,reduced-rate,0,0,,0,0,,,,,1,"ALKALOID OTC",,430,"Витамини и суплементи",,,,,,,,,,,,0,,0,120,121,,,,,,,,,,,,,,,,,,,,,,,,,,,,,,,,,,,,,,,
9208,simple,,"MULTI ESSENCE VIT.+MINERALI TBL.X30",1,0,visible,,,,,taxable,reduced-rate,0,0,,0,0,,,,,1,"ALKALOID OTC",,380,"Витамини и суплементи",,,,,,,,,,,,0,,0,159,160,,,,,,,,,,,,,,,,,,,,,,,,,,,,,,,,,,,,,,,
9209,simple,,"MULTI ESSENCE VITAM I MINERALI KESI X30",1,0,visible,,,,,taxable,reduced-rate,1,1,,0,0,,,,,1,"ALKALOID OTC",,580,"Витамини и суплементи",,,,,,,,,,,,0,,0,168,169,,,,,,,,,,,,,,,,,,,,,,,,,,,,,,,,,,,,,,,
9210,simple,,"MULTIVITAMINSKI  SANOSTOL  sirup 230ml",1,0,visible,,,,,taxable,,0,0,,0,0,,,,,1,ALCON,,620,"Витамини и суплементи",,,,,,,,,,,,0,,0,169,170,,,,,,,,,,,,,,,,,,,,,,,,,,,,,,,,,,,,,,,
9211,simple,,"MUSTELA 2 vo 1 KOSA I TELO sampon 200 ml",1,0,visible,,,,,taxable,,1,1,,0,0,,,,,0,MUSTELA,,390,"Бебешка програма > Бебешка козметика, Бебешка програма",,,https://lifeline.mk/wp-content/uploads/2021/11/mustela-2-in-1.jpg,,,,,,,,,0,Mustela,0,347,348,,,,,,,,,,,,,,,,,,,,,,,,,,,,,,,,,,,,,,,
9212,simple,,"MUSTELA DETSKI sampon 200 ml",1,0,visible,,,,,taxable,,1,2,,0,0,,,,,0,MUSTELA,,390,"Бебешка програма > Бебешка козметика, Бебешка програма",,,https://lifeline.mk/wp-content/uploads/2021/11/mustela-baby-shampoo-200ml.jpg,,,,,,,,,0,Mustela,0,450,451,,,,,,,,,,,,,,,,,,,,,,,,,,,,,,,,,,,,,,,
9213,simple,,"MUSTELA HIDRANTNO mleko za telo 300 ml",1,0,visible,,,,,taxable,,1,2,,notify,0,,,,,0,MUSTELA,,670,"Бебешка програма > Бебешка козметика, Бебешка програма",,,https://lifeline.mk/wp-content/uploads/2021/11/mustela-milk-300ml.jpg,,,,,,,,,0,Mustela,0,293,294,,,,,,,,,,,,,,,,,,,,,,,,,,,,,,,,,,,,,,,
9214,simple,,"VICHY Dermablend корективна пудра за сите типови на кожа № 20",1,0,visible,,,,,taxable,,1,2,,notify,0,,,,,0,,,1815,"Нега и заштита > Кожа, Нега и заштита",,,https://lifeline.mk/wp-content/uploads/2021/11/DERMABLEND-20-MAKE-UP.jpg,,,,,,,,,0,"Makeup,Vichy",0,257,258,,classic-editor,d4e81d39-7cf0-44ec-bdb4-6d081da0425d,field_6081ae4f27756,1132,1132,0,0,enable,default,default,0,0,0,0,default,default,default,default,default,0,disable,enable,right,default,default,default,304,28,0,,,,,,0,,,
9215,simple,,"MUSTELA zast.vitam.krema 50ml.",1,0,visible,,,,,taxable,,backorder,0,,notify,0,,,,,0,KOZMETIKA,,310,"Бебешка програма > Бебешка козметика, Бебешка програма",,,https://lifeline.mk/wp-content/uploads/2021/11/Mustela_Baby_1_2_3_Vitamin_Barrier_Cream_50ml__71240.1550494594.jpg,,,,,,,,,0,Mustela,0,197,198,,,,,,,,,,,,,,,,,,,,,,,,,,,,,,,,,,,,,,,
9216,simple,,"MY BABY gel za nepca 7ml",1,0,visible,,,,,taxable,,1,1,,0,0,,,,,1,ESSENSA,,198,"Бебешка програма > Бебешка козметика",,,,,,,,,,,,0,,0,246,247,,,,,,,,,,,,,,,,,,,,,,,,,,,,,,,,,,,,,,,
9217,simple,,"VICHY Dermablend корективна пудра за сите типови на кожа № 30",1,0,visible,,,,,taxable,,1,3,,0,0,,,,,0,,,1815,"Нега и заштита > Кожа, Нега и заштита",,,https://lifeline.mk/wp-content/uploads/2021/11/DERMABLEND-30-MAKE-UP.jpg,,,,,,,,,0,"Makeup,Vichy",0,164,165,,classic-editor,7571d6dd-51f0-4a5a-99e5-68ca229f3b2e,field_6081ae4f27756,1132,1132,0,0,enable,default,default,0,0,0,0,default,default,default,default,default,0,disable,enable,right,default,default,default,304,28,0,,,,,,0,,,
9218,simple,,"N.ESS ARTICHOKA cps.50X350mg",1,0,visible,,,,,taxable,reduced-rate,1,1,,0,0,,,,,1,BAYER,,310,"Витамини и суплементи > Заштита на црн дроб",,,,,,,,,,,,0,,0,166,167,,,,,,,,,,,,,,,,,,,,,,,,,,,,,,,,,,,,,,,
9219,simple,,"N.ESS COENZIM Q10 cps.30X30mg",1,0,visible,,,,,taxable,reduced-rate,0,0,,0,0,,,,,1,BAYER,,400,"Витамини и суплементи > Заштита на срце и крвни садови",,,,,,,,,,,,0,,0,136,137,,,,,,,,,,,,,,,,,,,,,,,,,,,,,,,,,,,,,,,
9221,simple,,"N.WEALTH Ca+Mg+Zn tbl.x 100",1,0,visible,,,,,taxable,reduced-rate,1,200,,0,0,,,,,1,"NATURAL WEALTH",,550,"Витамини и суплементи > Коски\, зглобови и мускули",,,,,,,,,,,,0,,0,178,179,,,,,,,,,,,,,,,,,,,,,,,,,,,,,,,,,,,,,,,
9222,simple,,"N.WEALTH OMEGA 3-6-9 cps.x 60",1,0,visible,,,,,taxable,reduced-rate,0,0,,0,0,,,,,1,"NATURAL WEALTH",,"1059,59826","Витамини и суплементи > Заштита на срце и крвни садови",,,,,,,,,,,,0,,0,170,171,,,,,,,,,,,,,,,,,,,,,,,,,,,,,,,,,,,,,,,
9224,simple,,"NAIL CARE CISTI PRIRODNI NOKTI",1,0,visible,,,,,taxable,,0,0,,0,0,,,,,1,GALAFARM,,65,"Нега и заштита > Кожа",,,,,,,,,,,,0,,0,194,195,,,,,,,,,,,,,,,,,,,,,,,,,,,,,,,,,,,,,,,
9225,simple,,"NAILNER LAK 2vo 1 15ml -protiv gabicki",1,0,visible,,,,,taxable,,1,2,,0,0,,,,,1,MEDIS,,630,"Нега и заштита > Кожа",,,,,,,,,,,,0,,0,300,301,,,,,,,,,,,,,,,,,,,,,,,,,,,,,,,,,,,,,,,
9227,simple,,"NALGESIN FORTE tbl.20 x 550 mg.",1,0,visible,,,,,taxable,reduced-rate,1,2,,0,0,,,,,1,"КРКА-ФАРМА ДООЕЛ СКОПЈЕ",,240,"Против болка",,,,,,,,,,,,0,,0,699,700,,,,,,,,,,,,,,,,,,,,,,,,,,,,,,,,,,,,,,,
9228,simple,,"NALGESIN S tbl. 10 x 275 mg",1,0,visible,,,,,taxable,reduced-rate,1,2,,0,0,,,,,1,KRKA,,115,"Против болка",,,,,,,,,,,,0,,0,215,216,,,,,,,,,,,,,,,,,,,,,,,,,,,,,,,,,,,,,,,
9229,simple,,"NASALEZE PM SHIELD SPRAY",1,0,visible,,,,,taxable,reduced-rate,1,1,,0,0,,,,,1,UVOZ,,440,"Настинка и грип > Нос",,,,,,,,,,,,0,,0,237,238,,,,,,,,,,,,,,,,,,,,,,,,,,,,,,,,,,,,,,,
9230,simple,,"NASALEZE-cold and flu blocker spray",1,0,visible,,,,,taxable,reduced-rate,1,1,,0,0,,,,,1,UVOZ,,430,"Настинка и грип > Нос",,,,,,,,,,,,0,,0,214,215,,,,,,,,,,,,,,,,,,,,,,,,,,,,,,,,,,,,,,,
9231,simple,,"NASALEZE-SPREJ ZA ALERGII",1,0,visible,,,,,taxable,reduced-rate,0,0,,0,0,,,,,1,BAYER,,598,"Настинка и грип > Нос",,,,,,,,,,,,0,,0,225,226,,,,,,,,,,,,,,,,,,,,,,,,,,,,,,,,,,,,,,,
9237,simple,,"NAUSOLVIT JUNIOR 6M+ SOL. 20ML",1,0,visible,,,,,taxable,,0,0,,0,0,,,,,1,UVOZ,,370,"Витамини и суплементи > Дигестивен тракт и пробиотици",,,,,,,,,,,,0,,0,743,744,,,,,,,,,,,,,,,,,,,,,,,,,,,,,,,,,,,,,,,
9238,simple,,"NELIT ELEKTROLIT ORS (1sc=3kesi)",1,0,visible,,,,,taxable,reduced-rate,1,5,,0,0,,,,,1,BAYER,,100,"Витамини и суплементи > Дигестивен тракт и пробиотици",,,,,,,,,,,,0,,0,403,404,,,,,,,,,,,,,,,,,,,,,,,,,,,,,,,,,,,,,,,
9239,simple,,"NEOFEN PLUS gel 50gr",1,0,visible,,,,,taxable,reduced-rate,1,2,,0,0,,,,,1,BELUPO,,220,"Против болка",,,,,,,,,,,,0,,0,260,261,,,,,,,,,,,,,,,,,,,,,,,,,,,,,,,,,,,,,,,
9240,simple,,"NEUROBION amp.3X3ml",1,0,visible,,,,,taxable,reduced-rate,0,0,,0,0,,,,,1,BAYER,,"215,04","Витамини и суплементи > Заштита на нервниот систем",,,,,,,,,,,,0,,0,414,415,,,,,,,,,,,,,,,,,,,,,,,,,,,,,,,,,,,,,,,
9241,simple,,"NEUROBION FORTE drg. x 20",1,0,visible,,,,,taxable,reduced-rate,0,0,,0,0,,,,,1,MERCK,,285,"Витамини и суплементи > Заштита на нервниот систем",,,,,,,,,,,,0,,0,3271,3272,,,,,,,,,,,,,,,,,,,,,,,,,,,,,,,,,,,,,,,
9242,simple,,"NEURO-VIT X 30TBL REPLEK",1,0,visible,,,,,taxable,reduced-rate,1,2,,0,0,,,,,1,"REPLEK FARM LEKOVI",,"255,36","Витамини и суплементи > Заштита на нервниот систем",,,,,,,,,,,,0,,0,462,463,,,,,,,,,,,,,,,,,,,,,,,,,,,,,,,,,,,,,,,
9243,simple,,"NEUROVITAL FORTE tbl. x 30",1,0,visible,,,,,taxable,reduced-rate,1,1,,0,0,,,,,1,EUPO,,580,"Витамини и суплементи > Заштита на нервниот систем",,,,,,,,,,,,0,,0,413,414,,,,,,,,,,,,,,,,,,,,,,,,,,,,,,,,,,,,,,,
9244,simple,,"NEVEN krema 150 ml  DANAI",1,0,visible,,,,,taxable,,0,0,,0,0,,,,,1,"BONES FARM",,100,"Нега и заштита > Кожа",,,,,,,,,,,,0,,0,384,385,,,,,,,,,,,,,,,,,,,,,,,,,,,,,,,,,,,,,,,
9245,simple,,"ROSE VALLIS ANTI AGE NOKJNA KREMA",1,0,visible,"Rosa Vallis интензивна Anti-Аge ноќна крема","Богата ноќна крема која го стимулира создавањето на висококвалитетен колаген и хијалуронска киселина, што води до една, вам најважна цел – Rosa Vallis Anti-Age ноќната крема го успорува предвременото стареење на вашата кожа! Видливо ги намалува и измазнува брчките. Ја храни вашата кожа, ѝ дава енергија и ја враќа нејзината еластичност во текот на ноќта. Ги отстранува заморот и знаците на стареење. Таа продира длабински и ги храни буквално сите нивоа на кожата. Ѝ дава поддршка на бариерната функција на кожата и го оддржува природниот баланс на вода и липиди.\n\nАктивните состојки кои се грижат за вашата кожа во текот на целата ноќ:\n<ul>\n 	<li>Matrixyl 3000 (Palmitoyl Pentapeptide)</li>\n 	<li>Розино масло од Дамаскинова роза</li>\n 	<li>Био-масло од маслина</li>\n 	<li>Хијалуронска киселина</li>\n 	<li>Сончогледово масло</li>\n 	<li>Бадемово масло</li>\n 	<li>Шеа Путер</li>\n 	<li>Провитамин В5 (D- Panthenol), Витамин Е (Tocopherol), Витамин А (Retinyl Palmitate)</li>\n 	<li>Глицерин</li>\n 	<li>Каприлична/капрична киселина</li>\n 	<li>Пчелин восок</li>\n</ul>",,,taxable,,1,,,0,0,,,,,0,,,920,"Нега и заштита > Кожа, Нега и заштита",,,https://lifeline.mk/wp-content/uploads/2021/11/ROSE-VALLIS-ANTI-AGE-NOKJNA-KREMA.jpg,,,,,,,,,0,"Rosa Vallis",0,318,319,,classic-editor,hehe,field_6081ae4f27756,,,0,0,enable,default,default,0,0,0,0,default,default,default,default,default,0,disable,enable,right,default,default,default,341,28,1,,,,,,,,90,
9246,simple,,"NISITA SPREY 20ml. za nos",1,0,visible,,,,,taxable,reduced-rate,0,0,,0,0,,,,,1,ENGELHARD,,327,"Настинка и грип > Нос",,,,,,,,,,,,0,,0,254,255,,,,,,,,,,,,,,,,,,,,,,,,,,,,,,,,,,,,,,,
9247,simple,,"ROSA VALLIS MICELARNA VODA 250ML",1,0,visible,"Rosa Vallis Мицеларна Розина вода","Погодна за сите типови на кожа, но, идеална за сува и чувствителна кожа. Нежно и ефективно ги чисти длабинските нечистотии, шминка и непотребните мрснотии без да ја суши вашата кожа. Помага да ја отстраните шминката, брзо и лесно.Вашата кожа е конечно исчистена од сите траги на напорниот ден – прашина, мртви клетки замор.\n\nСо самиот факт дека е богата со розина вода, Д-пантенол и розино масло од Дамаскинова роза, неутралната розина вода делува анти-инфламаторно, анти-алергено, омекнувајќи и освежувајќи ја сувата и чувствителна кожа. Ако кожата ви е раздразнета, таа ќе ја смири, а порите длабински ќе ви ги исчисти! Дополнително, Провитаминот Б5 ја зајакнува бариерната функција на кожата и ја регенерира.",,,taxable,,1,,,0,0,,,,,0,,,"566,4","Нега и заштита > Кожа, Нега и заштита",,,https://lifeline.mk/wp-content/uploads/2021/11/ROSA-VALLIS-MICELARNA-VODA-250ML.jpg,,,,,,,,,0,"Rosa Vallis",0,104,105,,classic-editor,hehe,field_6081ae4f27756,,,0,0,enable,default,default,0,0,0,0,default,default,default,default,default,0,disable,enable,right,default,default,default,341,28,1,,,,,,,,60,
9248,simple,,"NIVEA 45+ DNEVEN KREM PROTIV BRCKI za zategnuvanje na koza",1,0,visible,,,,,taxable,,1,1,,0,0,,,,,1,NIVA,,430,"Нега и заштита > Кожа",,,,,,,,,,,,0,,0,536,537,,,,,,,,,,,,,,,,,,,,,,,,,,,,,,,,,,,,,,,
9249,simple,,"ROSA VALISS ANTI AGE DNEVNA KREMA",1,0,visible,"Rosa Vallis Anti-age дневна крема","Rosa Vallis Anti-Age дневна крема против брчки длабински ја хидратира кожата, ја храни, ја прави мека, и ја оддржува еластична и здрава. Со секоја следна употреба, со секој нов ден лицето ви е сè посвежо, сè помазно и едноставно блеска од здравје и убавина.\n\nВидливо ја намалува длабочината на брчките. Ги отстранува подочниците и темните кругови под очите. Ги брише фините брчки и ја подмладува вашата кожа, одржувајќи ја богато хидратирана. Rosa Vallis дневната крема против брчки има богат состав кој е всушност концентрирани коктел од активни состојки кои содржат моќни анти-оксиданси, витамини и природни масла.\n<ul>\n 	<li>Matrixyl 3000 (Palmitoyl Pentapeptide)</li>\n 	<li>Розино масло од Дамаскинова роза</li>\n 	<li>Био-масло од маслина</li>\n 	<li>Хијалуронска киселина</li>\n 	<li>Сончогледово масло</li>\n 	<li>Бадемово масло</li>\n 	<li>Шеа Путер</li>\n 	<li>Провитамин В5 (D- Panthenol), Витамин Е (Tocopherol), Витамин А (Retinyl Palmitate)</li>\n 	<li>Глицерин</li>\n 	<li>Каприлична/капрична киселина</li>\n 	<li>Пчелин восок</li>\n</ul>",,,taxable,,1,,,0,0,,,,,0,,,900,"Нега и заштита > Кожа, Нега и заштита",,,https://lifeline.mk/wp-content/uploads/2021/11/ROSA-VALISS-ANTI-AGE-DNEVNA-KREMA.jpg,,,,,,,,,0,"Rosa Vallis",0,101,102,,classic-editor,hehe,field_6081ae4f27756,,,0,0,enable,default,default,0,0,0,0,default,default,default,default,default,0,disable,enable,right,default,default,default,341,28,1,,,,,,,,90,
9250,simple,,"NIVEA BABY KAMILICA sampon 200 ml",1,0,visible,,,,,taxable,,0,0,,0,0,,,,,1,NIVEA,,175,"Бебешка програма > Бебешка козметика",,,,,,,,,,,,0,,0,177,178,,,,,,,,,,,,,,,,,,,,,,,,,,,,,,,,,,,,,,,
9251,simple,,"INN-D-MANOZIN KESIX10",1,0,visible,"<p class=""_2qrJF _2yxAN"" data-hook=""product-title"">D-MANOZINN<b><span class=""nounderlines"">®</span></b></p>","Овозможува лесна и брза елиминација на бактеријата E.coli од уринарниот тракт\n<ul>\n 	<li>Ефикасен кај акутни ИУТ, како и за лекување и превенција на рекурентни ИУТ</li>\n 	<li>Брзо и лесно ослободува од чувство на непријатност</li>\n 	<li>Стимулира активност на имуниот систем</li>\n 	<li>Одлична подносливост</li>\n 	<li>Нема несакани ефекти</li>\n 	<li>Безбеден за деца, бремени жени и доилки</li>\n 	<li>Погоден за дијабетичари со контрола на гликемија</li>\n</ul>\n<strong>Активни состојки - 1 кесичка (2,09 g)</strong>\n\n<strong>Д-маноза</strong> 2,00 g, <strong>Витамин Ц</strong> 20,00 mg, <strong>Цинк</strong> 2,40 mg.\n\n<strong>Дозирање - употреба</strong>\n\n<u>Акутна инфекција</u>: 3 дена на секои 4 часа по 1 кесичка растворена во чаша вода или сок, после тоа 1 кесичка двапати дневно.\n<u>Превенција</u>: 1 кесичка растворена во чаша вода, еднаш дневно.",,,taxable,reduced-rate,1,1,,0,0,,,,,0,,,637,"Витамини и суплементи, Витамини и суплементи > Уринарен систем",,,https://lifeline.mk/wp-content/uploads/2021/11/INN-D-MANOZIN-KESIX10.jpg,,,,,,,,,0,"INNventa Pharm",0,95,96,,classic-editor,c354be6e-30d6-48cf-a05e-a30b6e9c5150,field_6081ae4f27756,484.8,484.8,0,0,enable,default,default,0,0,0,0,default,default,default,default,default,0,disable,enable,right,default,default,default,342,27,1,,,,,,,,90,
9252,simple,,"NIVEA BABY PUDRA 100 GR",1,0,visible,,,,,taxable,,0,0,,0,0,,,,,1,NIVEA,,145,"Бебешка програма > Бебешка козметика",,,,,,,,,,,,0,,0,225,226,,,,,,,,,,,,,,,,,,,,,,,,,,,,,,,,,,,,,,,
9253,simple,,"INN-D-MANOZINN PROTECT KESIX10",1,0,visible,"<p class=""_2qrJF _2yxAN"" data-hook=""product-title"">D-MANOZINN<b><span class=""nounderlines"">®</span></b> Protect</p>","Единствена формулација за ефикасна елиминација на E.coli од уринарниот тракт\n<ul>\n 	<li>Синергистичкото дејство на д-маноза, Saccharomyces и избрани соеви на Lactobacillus ја зголемуваат ефикасноста на антибиотската терапија кај акутни инфекции на уринарниот тракт предизвикани од E.coli</li>\n 	<li>Ефикасен во превенција на развој на повторливи инфекции (благодарение на пробиотските култури, кои ги штитат „добрите“ бактерии и го одржуваат составот и функцијата на физиолошката цревна флора)</li>\n 	<li>Превенира појава на несакани ефекти на антибиотската терапија</li>\n 	<li>Безбеден за употреба кај деца од 3 години, бремени жени и доилки</li>\n 	<li>Комфорна примена - 1 кесичка на ден</li>\n</ul>\n<strong>Активни состојки - 1 кесичка (2,50 g)</strong>\n\n<strong>Д-маноза</strong> 2,00 g, <strong>Saccharomyces boulardii SP 92</strong> 1x109 CFU, <strong>Synbio®</strong> 1x109 CFU, од кои\n<strong>Lactobacillus rhamnosus IMC 501</strong> 5x108 CFU, <strong>Lactobacillus paracasei IMC 502</strong> 5x108 CFU\n\n<strong>Дозирање - начин на употреба (возрасни и деца над 3 години)</strong>\n\nСодржината на 1 кесичка да се раствори во мала количина вода и да се испие еднаш дневно\n\n<strong>Дополнителна терапија</strong> со антибиотик кај акутни инфекции на уринарен тракт предизвикани од бактеријата E.coli\n\n2 часа после примената доза на антибиотик\n\n<strong>Превенција</strong> на рекурентни инфекции на уринарен тракт предизвикани од бактеријата E.coli\n\n2-3 месеци во континуитет",,,taxable,reduced-rate,1,1,,0,0,,,,,0,,,727,"Витамини и суплементи, Витамини и суплементи > Уринарен систем",,,https://lifeline.mk/wp-content/uploads/2021/11/INN-D-MANOZINN-PROTECT-KESIX10.jpg,,,,,,,,,0,"INNventa Pharm",0,397,398,,classic-editor,7ab37ebb-6abf-431e-8dcc-17addfdb8ed6,field_6081ae4f27756,553.92,553.92,0,0,enable,default,default,0,0,0,0,default,default,default,default,default,0,disable,enable,right,default,default,default,342,27,1,,,,,,,,90,
9254,simple,,"NIVEA BLACK&WHITE INVISIBILE rolon MAZI 50ML",1,0,visible,,,,,taxable,,0,0,,0,0,,,,,1,NIVA,,170,"Нега и заштита > Кожа",,,,,,,,,,,,0,,0,138,139,,,,,,,,,,,,,,,,,,,,,,,,,,,,,,,,,,,,,,,
9255,simple,,"INN-GRAMINN CAPS.X30",1,0,visible,"<p class=""_2qrJF _2yxAN"" data-hook=""product-title"">GRAMINN<b><span class=""nounderlines"">®</span></b></p>\n","<p>Ново решение за зачувување на нормална функција на простатата</p>\n<ul>\n<li>Докажана ефикасност во третман и контрола на бенигна хиперплазија на простата (БПХ)</li>\n<li>Клинички докажано ги намалува непријатностите кај небактериски простатитис и еректилна дисфункција</li>\n<li>Подобрува квалитет на живот</li>\n<li>Без несакани дејства</li>\n<li>Комфорна примена - 1 капсула на ден</li>\n</ul>\n<p><strong>Активни состојки</strong></p>\n<p><strong>Graminex® G60®</strong> - Flower Pollen Extract™, прашок 240 mg,<br />\n<strong>Graminex® GFX™ 7% </strong>- Flower Pollen Extract™, прашок 12 mg.</p>\n<p>Содржи чист екстракт на поленов прав од 'рж, Secale cereale, кој претставува фитотерапија за лекување и контрола на бенигна хиперплазија на простата и официјално во водичот на EAU.</p>\n<p><strong>Дозирање - употреба</strong></p>\n<p>1 капсула дневно со 2 dl вода, после оброк.</p>\n",,,taxable,reduced-rate,1,1,,0,0,,,,,0,,,758,"Витамини и суплементи, Витамини и суплементи > Простата",,,https://lifeline.mk/wp-content/uploads/2021/11/INN-GRAMINN-CAPS.X30.jpg,,,,,,,,,0,"INNventa Pharm",0,196,197,,classic-editor,5343d5e7-a123-46c5-9268-9afbfec9cc53,field_6081ae4f27756,576.96,576.96,0,0,enable,default,default,0,0,0,0,default,default,default,default,default,0,disable,enable,right,default,default,default,342,27,1,,,,,,,,90,
9256,simple,,"NIVEA BLACK&WHITE ULTIMATE IMPACT rolon MAZI 50ML",1,0,visible,,,,,taxable,,0,0,,0,0,,,,,1,NIVA,,170,"Нега и заштита > Кожа",,,,,,,,,,,,0,,0,177,178,,,,,,,,,,,,,,,,,,,,,,,,,,,,,,,,,,,,,,,
9257,simple,,"INN-GRAMINN SUPP.X10",1,0,visible,"<p class=""_2qrJF _2yxAN"" data-hook=""product-title"">GRAMINN<b><span class=""nounderlines"">®</span></b> Супозитории</p>\n","<p>Иновативен пристап во третман на простатитис</p>\n<ul>\n<li>Единствена тераписка опција за локален третман на сите видови простатитис</li>\n<li>Силно антиинфламаторно дејство кое овозможува брзо ослободување на симптомите</li>\n<li>Создава заштитна бариера која ја забрзува епителизацијата и спречува навлегување на патогени од ректумот</li>\n<li>Превенира настанување на едем и фиброза кај хронични инфламации</li>\n<li>Ефикасно ги регулира симптомите при аноректални заболувања</li>\n<li>Докажан механизам на дејство</li>\n<li>Без потенцијални интеракции и несакани ефекти</li>\n</ul>\n<p><strong>Активни состојки</strong></p>\n<p><strong>Graminex® NAXTM 7%</strong> (екстракт на поленов прав од 'рж), <strong>натриум-хијалуронат</strong>, <strong>липосолубилен екстракт од црн слез </strong>(Malva sylvestris L.), <strong>липосолубилен екстракт од невен </strong>(Calendula officinalis L.), <strong>липосолубилен екстракт од алое </strong>(Aloe barbadensis M.), <strong>есенцијално масло од каранфилче</strong> (Eugenia caryophyllus), <strong>витамин Е</strong> и <strong>витамин А</strong>.</p>\n<p><strong>Дозирање - употреба</strong></p>\n<p>Една супозиторија на ден. Најдобро е да се аплицира навечер, пред спиење</p>\n",,,taxable,reduced-rate,1,1,,0,0,,,,,0,,,1016,"Витамини и суплементи, Витамини и суплементи > Простата",,,https://lifeline.mk/wp-content/uploads/2021/11/INN-GRAMINN-SUPP.X10.jpg,,,,,,,,,0,"INNventa Pharm",0,268,269,,classic-editor,a4314c4c-3433-4d75-b79c-35364817696a,field_6081ae4f27756,773.76,773.76,0,0,enable,default,default,0,0,0,0,default,default,default,default,default,0,disable,enable,right,default,default,default,342,27,1,,,,,,,,90,
9258,simple,,"NIVEA CARE & DIAMOND krem-maslo za tusiranje 250ml",1,0,visible,,,,,taxable,,0,0,,0,0,,,,,1,NIVA,,180,"Нега и заштита > Кожа",,,,,,,,,,,,0,,0,145,146,,,,,,,,,,,,,,,,,,,,,,,,,,,,,,,,,,,,,,,
9259,simple,,"NIVEA CARE & STAR FRUIT gel za tusiranje 250ml",1,0,visible,,,,,taxable,,0,0,,0,0,,,,,1,NIVA,,180,"Нега и заштита > Кожа",,,,,,,,,,,,0,,0,143,144,,,,,,,,,,,,,,,,,,,,,,,,,,,,,,,,,,,,,,,
9260,simple,,"INN-LONGUPINN SPRAY 50ml",1,0,visible,"<p class=""_2qrJF _2yxAN"" data-hook=""product-title"">LONGUPINN<b><span class=""nounderlines"">®</span></b></p>\n","<p>Предвремената ејакулација или прераното достигнување на врвот кај мажот значително го нарушува квалитетот на живот на двајцата сексуални партнери поради неможноста да се задржи доволно долга пенетрација како и другиот партнер би доживеал оргазам.</p>\n<p>Поради тоа, се создава ""маѓепсан круг"" на непријатности и незадоволства.</p>\n<ul>\n<li>1 од 3 мажи барем еднаш во животот има искуство со предвремена ејакулација.</li>\n<li>1.8 минути е просечно време за достигнување врв кај мажи кои имаат проблеми со ПЕ.</li>\n</ul>\n<p><strong>Longupinn®</strong> е топикален спреј за ефикасна контрола на предвремена ејакулација.</p>\n<ul>\n<li>Единствено природно решение за одложување на ејакулацијата</li>\n<li>Брз тераписки ефект, уште од првата доза</li>\n<li>Го продолжува задоволството, подобрувајќи го квалитетот на живот на двајцата партнери</li>\n<li>Едноставна примена и висока комплијанса</li>\n<li>Безбеден и при долготрајна употреба</li>\n<li>Локалната примена оневозможува појава на системски несакани ефекти</li>\n<li>Не е неопходно да се испира после сексуален однос</li>\n<li>Може да се користи заедно со презервативи и други контрацептивни средства</li>\n</ul>\n<p><strong>Активни состојки</strong></p>\n<p>Екстракт од плод на Zanthalene (<em>Zanthoxylum Bungeanum</em>), масло од каранфилче (<em>Eugenia caryophyllus</em>), патентиран клатрат на глицерил-полиметакрилат Lubrajel®, сок од лист од алое (<em>Aloe Barbadensis</em>), бисаболол.</p>\n<p><strong>Начин на употреба</strong></p>\n<p>ПРЕД УПОТРЕБА ДА СЕ ПРОТРЕСЕ!</p>\n<p>Се аплицира една до две дози во областа на пенисот и нежно се масира, 10 минути пред сексуалниот однос.</p>\n",,,taxable,,1,3,,0,0,,,,,0,,,1300,"Витамини и суплементи",,,https://lifeline.mk/wp-content/uploads/2021/11/INN-LONGUPINN-SPRAY-50ml.jpg,,,,,,,,,0,"INNventa Pharm",0,171,172,,classic-editor,b1103052-b4c7-462e-b196-91ac09ba8c96,field_6081ae4f27756,440.64,440.64,0,0,enable,default,default,0,0,0,0,default,default,default,default,default,0,disable,enable,right,default,default,default,342,27,1,,,,,,,,90,
9261,simple,,"NIVEA CREME 250ML",1,0,visible,,,,,taxable,,0,0,,0,0,,,,,1,"ATLANTIC TRADE",,290,"Нега и заштита > Кожа",,,,,,,,,,,,0,,0,111,112,,,,,,,,,,,,,,,,,,,,,,,,,,,,,,,,,,,,,,,
9262,simple,,"INN-LUPRINN CAPS.X30",1,0,visible,"<p class=""_2qrJF _2yxAN"" data-hook=""product-title"">LUPRINN<b><span class=""nounderlines"">®</span></b></p>","Ефикасно ги ублажува симптомите на менопауза\n<ul>\n 	<li>Ефикасно ги регулира непријатните симптоми на менопауза</li>\n 	<li>Директна апсорпција, висока биорасположивост</li>\n 	<li>Ја редуцира појавата на топлотни бранови (валунга), несоница и зголемена вознемиреност после 4 недели употреба</li>\n 	<li>Профил на делување сличен на ендогениот естрадиол (E2)</li>\n 	<li>Безбедна алтернатива на хормонска супституциона терапија</li>\n 	<li>Комфорна примена</li>\n</ul>\n<strong>Активни состојки - 1 капсула (дневна доза)</strong>\n\n<strong>Luprenol™</strong> сув екстракт од шишарки на хмељ (Humulus lupulus L.) 335,00 mg, од кои <strong>8-phenylnaringenin</strong> 100 μg (екстрактот е стандардизиран на 0,03% најпотентен фитоестроген).\n\n<strong>Дозирање - употреба</strong>\n\n1 капсула дневно со чаша вода",,,taxable,reduced-rate,1,1,,0,0,,,,,0,,,586,"Витамини и суплементи, Витамини и суплементи > Менопауза и пмс",,,https://lifeline.mk/wp-content/uploads/2021/11/INN-LUPRINN-CAPS.X30.jpg,,,,,,,,,0,"INNventa Pharm",0,233,234,,classic-editor,5ff588da-3158-4413-90da-aa7e8286afb0,field_6081ae4f27756,446.4,446.4,0,0,enable,default,default,0,0,0,0,default,default,default,default,default,0,disable,enable,right,default,default,default,342,27,1,,,,,,,,90,
9263,simple,,"NIVEA FRESH BLOSSOM 48h protection 150ml",1,0,visible,,,,,taxable,,1,,,0,0,,,,,1,NIVEA,,"185,95","Нега и заштита > Кожа",,,,,,,,,,,,0,,0,131,132,,,,,,,,,,,,,,,,,,,,,,,,,,,,,,,,,,,,,,,
9264,simple,,"INN-MIOCYSTINN FERTILE KESIX20",1,0,visible,"<p class=""_2qrJF _2yxAN"" data-hook=""product-title"">MIOCYSTINN<b><span class=""nounderlines"">®</span></b> fertile</p>","Природно решение за лекување на синдромот на полицистични јајници\n<ul>\n 	<li>Ја намалува инсулинската резистенција</li>\n 	<li>Воспоставува хормонска рамнотежа</li>\n 	<li>Го регулира менструалниот циклус и овулацијата</li>\n 	<li>Го стимулира растот на фоликули и го подобрува квалитетот на ооцити</li>\n 	<li>Ја регулира неплодноста како последица на PCOS</li>\n 	<li>Ги намалува последиците од хиперандрогенизам</li>\n 	<li>Го регулира липидниот статус</li>\n 	<li>Без несакани ефекти</li>\n</ul>\n<strong>Активни состојки / 2 кесички (дневна доза)</strong>\n\n<strong>Мио-инозитол</strong> 1,1 g, <strong>Д-хиро-инозитол</strong> 0,3 g, <strong>Фолна киселина</strong> 1% на Д-манитол 48,00 mg, од кои <strong>фолна киселина</strong> 400μg.\n\n<strong>Дозирање - употреба</strong>\n\nДа се раствори содржината на 1 кесичка во чаша вода и да се испие, два пати дневно.",,,taxable,reduced-rate,1,1,,0,0,,,,,0,,,707,"Витамини и суплементи > Витамини за трудници и доилки, Витамини и суплементи",,,https://lifeline.mk/wp-content/uploads/2021/11/INN-MIOCYSTINN-FERTILE-KESIX20.jpg,,,,,,,,,0,"INNventa Pharm",0,242,243,,classic-editor,31cc97c8-8830-4488-870f-cdbe165ef180,field_6081ae4f27756,538.56,538.56,0,0,enable,default,default,0,0,0,0,default,default,default,default,default,0,disable,enable,right,default,default,default,342,27,1,,,,,,,,90,
9265,simple,,"NIVEA KREM mleko 250 ml",1,0,visible,,,,,taxable,,0,0,,0,0,,,,,1,NIVEA,,280,"Нега и заштита > Кожа",,,,,,,,,,,,0,,0,144,145,,,,,,,,,,,,,,,,,,,,,,,,,,,,,,,,,,,,,,,
9266,simple,,"INN-NATTOKINN CAPS.X30",1,0,visible,"<p class=""_2qrJF _2yxAN"" data-hook=""product-title"">NATTOKINN<b><span class=""nounderlines"">®</span></b></p>\n","<p>Прв природен орален фибринолитик</p>\n<ul>\n<li>Прв природен орален фибринолитик</li>\n<li>Разградува крвни тромби и блокира слепување на тромбоцити</li>\n<li>Намалува степен на атеросклероза и крвен притисок</li>\n<li>Го штити нервниот систем</li>\n<li>Безбеден за употреба, без несакани ефекти</li>\n</ul>\n<p><strong>Активни состојки</strong></p>\n<p>Натокиназа NSK-SD® 2.000 FU/g 100 mg (екстракт од ферментирана соја),<br />\nФолна киселина (калциум-Л-метилфолат) 200 μg.</p>\n<p><strong>Дозирање - употреба</strong></p>\n<p>1-2 капсули дневно со 200 ml вода.</p>\n",,,taxable,reduced-rate,1,,,0,0,,,,,0,,,1391,"Витамини и суплементи, Витамини и суплементи > Заштита на срце и крвни садови",,,https://lifeline.mk/wp-content/uploads/2021/11/INN-NATTOKINN-CAPS.X30.jpg,,,,,,,,,0,"INNventa Pharm",0,247,248,,classic-editor,a1f22d7e-5567-41e5-8865-b723d9eb863a,field_6081ae4f27756,1059.84,1059.84,0,0,enable,default,default,0,0,0,0,default,default,default,default,default,0,disable,enable,right,default,default,default,342,27,1,,,,,,,,90,
9267,simple,,"NIVEA LEMONGRAS&OIL SAPUN 100GR",1,0,visible,,,,,taxable,,0,0,,0,0,,,,,1,"ATLANTIC TRADE",,"45,79344","Нега и заштита > Кожа",,,,,,,,,,,,0,,0,135,136,,,,,,,,,,,,,,,,,,,,,,,,,,,,,,,,,,,,,,,
9268,simple,,"NIVEA MEN DEEP shaving foam 200ml",1,0,visible,,,,,taxable,,0,0,,0,0,,,,,1,NIVEA,,"190,11216","Нега и заштита > Кожа",,,,,,,,,,,,0,,0,121,122,,,,,,,,,,,,,,,,,,,,,,,,,,,,,,,,,,,,,,,
9269,simple,,"INN-R-LIPOINN CAPS.30X150mg",1,0,visible,"<p class=""_2qrJF _2yxAN"" data-hook=""product-title"">R-LIPOINN<b><span class=""nounderlines"">®</span></b></p>\n","<p>R - алфа липоична киселина најсилен природен антиоксиданс</p>\n<ul>\n<li>Ги ублажува симптомите на дијабетична полиневропатија: намалува болка и непријатни сензации</li>\n<li>Нормализира микроциркулација - подобра исхрана на нервните клетки и подвижност на екстремитетите</li>\n<li>Подобрува реакција на ткивата на инсулин и поттикнува согорување на глукоза во клетките</li>\n<li>Одржува и регенерира други антиоксиданси во организмот, го забавува стареењето</li>\n<li>Докажано поголема биорасположивост во однос на рацематот, моќен антиоксиданс</li>\n<li>DR caps™ - иновативна целулозна ацидорезистентна капсула</li>\n</ul>\n<p><strong>Активни состојки / 1 гастрорезистентна капсула</strong></p>\n<p>Натриумова сол на R-алфа липоична киселина 187,50 mg, од кои<br />\nR-алфа липоична киселина 150 mg</p>\n<p><strong>Дозирање - употреба</strong></p>\n<p>Терапија на дијабетична полиневропатија: 2 капсули на ден со чаша вода, еден час пред или два часа после оброк.<br />\nАнтиоксидативна терапија: 1 капсула на ден со чаша вода, еден час пред или два часа после оброк.</p>\n",,,taxable,reduced-rate,1,1,,0,0,,,,,0,,,758,"Витамини и суплементи, Витамини и суплементи > Заштита на нервниот систем",,,https://lifeline.mk/wp-content/uploads/2021/11/INN-R-LIPOINN-CAPS.30X150mg.jpg,,,,,,,,,0,"INNventa Pharm",0,234,236,,classic-editor,cfc8fc35-c792-410f-ba39-e91057612fd7,field_6081ae4f27756,576.96,576.96,0,0,enable,default,default,0,0,0,0,default,default,default,default,default,0,disable,enable,right,default,default,default,342,27,1,,,,,,,,90,
9270,simple,,"NIVEA MEN SENSITIVE RECOVERY pena za bricenje",1,0,visible,,,,,taxable,,1,1,,0,0,,,,,1,"ATLANTIC TRADE",,185,"Нега и заштита > Кожа",,,,,,,,,,,,0,,0,160,161,,,,,,,,,,,,,,,,,,,,,,,,,,,,,,,,,,,,,,,
9271,simple,,"NIVEA MEN SENSITIVE shaving gel 200ml",1,0,visible,,,,,taxable,,0,0,,0,0,,,,,1,NIVEA,,"230,35488","Нега и заштита > Кожа",,,,,,,,,,,,0,,0,155,156,,,,,,,,,,,,,,,,,,,,,,,,,,,,,,,,,,,,,,,
9272,simple,,"INN-SERAPINN CAPS.30X60000IE",1,0,visible,"<p class=""_2qrJF _2yxAN"" data-hook=""product-title"">SERAPINN<b><span class=""nounderlines"">®</span></b> 60 000 SPU</p>","Уникатен ензим со силно протеолитичко дејство\n<ul>\n 	<li>Повеќекратни позитивни терапевтски дејства</li>\n 	<li>Ја ублажува болката</li>\n 	<li>Забрзува ресорпција на едем и хематом</li>\n 	<li>Докажано ефикасен протеолитички ефект</li>\n 	<li>Комфорна примена - 1 капсула еднаш на ден</li>\n 	<li>DR caps™ - иновативнa целулозна ацидорезистентна капсула</li>\n</ul>\n<strong>Активни состојки</strong>\n\nSerrapeptase 60.000 SPU (30 mg)\n\n<strong>Дозирање - употреба</strong>\n\n1-2 капсули дневно со околу 200 ml вода, 1 час пред или 2 часа после оброк.",,,taxable,reduced-rate,1,30,,0,0,,,,,0,,,1164,"Витамини и суплементи, Витамини и суплементи > Заштита на срце и крвни садови, Витамини и суплементи > Коски\, зглобови и мускули",,,https://lifeline.mk/wp-content/uploads/2021/11/INN-SERAPINN-CAPS.30X60000IE.jpg,,,,,,,,,0,"INNventa Pharm",0,94,95,,classic-editor,a4a579f1-c305-4e92-9637-cb7abf312de0,field_6081ae4f27756,887.04,887.04,0,0,enable,default,default,0,0,0,0,default,default,default,default,default,0,disable,enable,right,default,default,default,342,27,1,,,,,,,,90,
9273,simple,,"NIVEA MILD pena za bric.200 ml",1,0,visible,,,,,taxable,,0,0,,0,0,,,,,1,NIVEA,,"190,11216","Нега и заштита > Кожа",,,,,,,,,,,,0,,0,116,117,,,,,,,,,,,,,,,,,,,,,,,,,,,,,,,,,,,,,,,
9274,simple,,"NIVEA mleko 250 ml -80201",1,0,visible,,,,,taxable,,1,1,,0,0,,,,,1,NIVEA,,280,"Нега и заштита > Кожа",,,,,,,,,,,,0,,0,145,146,,,,,,,,,,,,,,,,,,,,,,,,,,,,,,,,,,,,,,,
9275,simple,,"INN-SPERGININN Q10 TBL.X16",1,0,visible,"<p class=""_2qrJF _2yxAN"" data-hook=""product-title"">SPERGINN<b><span class=""nounderlines"">®</span></b> Q10</p>\n","<p>Моќна формулација за подобрување на машкото репродуктивно здравје</p>\n<ul>\n<li>Моќна формулација за јакнење на машкото репродуктивно здравје</li>\n<li>Докажано зголемува квалитет, број и подвижност на сперматозоидите</li>\n<li>Придонесува за плодност и одржување на нормално ниво на тестостерон во крвта</li>\n<li>Комплементарен на хормонската терапија</li>\n<li>Ефикасен при третман на еректилна дисфункција</li>\n<li>Заштита на клетките од оксидативен стрес</li>\n<li>Комфорно дозирање, еднаш дневно</li>\n</ul>\n<p><strong>Активни состојки</strong></p>\n<p><strong>1 таблета со модифицирано ослободување: L-аргинин</strong> 300 mg,<strong> L-карнитин</strong> 200 mg, <strong>L-орнитин</strong> 100 mg, <strong>L-цитрулин</strong> 100 mg, <strong>витамин Е</strong> (D-алфа-токоферилацетат) 30 mg, <strong>коензим Q10</strong> 60 mg, <strong>цинк</strong> (цинк-оксид) 3 mg, <strong>сув екстракт од семе од гуарана</strong> станд. на 8% кофеин 50 mg.</p>\n<p><strong>Дозирање - употреба</strong></p>\n<p>Се пие 1 таблета дневно со чаша вод</p>\n",,,taxable,reduced-rate,1,1,,0,0,,,,,0,,,1383,"Витамини и суплементи",,,https://lifeline.mk/wp-content/uploads/2021/11/INN-SPERGININN-Q10-TBL.X16.jpg,,,,,,,,,0,"INNventa Pharm",0,163,164,,classic-editor,de6083a5-4bd2-4d46-aa31-194d8f09e8a0,field_6081ae4f27756,1053.12,1053.12,0,0,enable,default,default,0,0,0,0,default,default,default,default,default,0,disable,enable,right,default,default,default,342,27,1,,,,,,,,90,
9276,simple,,"NIVEA PROTECT&CARE shower gel MEN 250ML",1,0,visible,,,,,taxable,,0,0,,0,0,,,,,1,NIVEA,,180,"Нега и заштита > Кожа",,,,,,,,,,,,0,,0,118,119,,,,,,,,,,,,,,,,,,,,,,,,,,,,,,,,,,,,,,,
9277,simple,,"NIVEA Q10 LOSION ZA TELO 200ML",1,0,visible,,,,,taxable,,0,0,,0,0,,,,,1,"ATLANTIC TRADE",,347,"Нега и заштита > Кожа",,,,,,,,,,,,0,,0,162,163,,,,,,,,,,,,,,,,,,,,,,,,,,,,,,,,,,,,,,,
9278,simple,,"NIVEA Q10 POWER anti-wrinkle+firming NOKEN KREM protiv brcki",1,0,visible,,,,,taxable,,0,0,,0,0,,,,,1,"ATLANTIC TRADE",,750,"Нега и заштита > Кожа",,,,,,,,,,,,0,,0,301,302,,,,,,,,,,,,,,,,,,,,,,,,,,,,,,,,,,,,,,,
9279,simple,,"NIVEA Q10+ anti-wrinkle SPF 15 DNEVNA KREMA proriv brcki",1,0,visible,,,,,taxable,,0,0,,0,0,,,,,1,"ATLANTIC TRADE",,750,"Нега и заштита > Кожа",,,,,,,,,,,,0,,0,156,157,,,,,,,,,,,,,,,,,,,,,,,,,,,,,,,,,,,,,,,
9280,simple,,"NIVEA Q10+C anti-wrinkle&energy cream 50ml",1,0,visible,,,,,taxable,,0,0,,0,0,,,,,1,NIVEA,,750,"Нега и заштита > Кожа",,,,,,,,,,,,0,,0,276,277,,,,,,,,,,,,,,,,,,,,,,,,,,,,,,,,,,,,,,,
9281,simple,,"NIVEA SILVER PROTECT gel za bric.200 ml",1,0,visible,,,,,taxable,,0,0,,0,0,,,,,1,NIVEA,,"230,35488","Нега и заштита > Кожа",,,,,,,,,,,,0,,0,161,162,,,,,,,,,,,,,,,,,,,,,,,,,,,,,,,,,,,,,,,
9282,simple,,"NIVEA SOFT krema 100 ml",1,0,visible,,,,,taxable,,1,1,,0,0,,,,,1,NIVEA,,235,"Нега и заштита > Кожа",,,,,,,,,,,,0,,0,191,192,,,,,,,,,,,,,,,,,,,,,,,,,,,,,,,,,,,,,,,
9283,simple,,"NIVEA SOFT krema 200 ml",1,0,visible,,,,,taxable,,0,0,,0,0,,,,,1,NIVEA,,320,"Нега и заштита > Кожа",,,,,,,,,,,,0,,0,235,236,,,,,,,,,,,,,,,,,,,,,,,,,,,,,,,,,,,,,,,
9284,simple,,"NIVEA SOFT krema 50 ml",1,0,visible,,,,,taxable,,1,1,,0,0,,,,,1,NIVEA,,135,"Нега и заштита > Кожа",,,,,,,,,,,,0,,0,194,195,,,,,,,,,,,,,,,,,,,,,,,,,,,,,,,,,,,,,,,
9285,simple,,"BABE- STOP AKN PURIFYING CLEANSING GEL 200ML",1,0,visible,"<p>Гел за чистење на лице – 200ml</p>\n","<p>Состав:</p>\n<ul>\n<li>Цитобиол Iris (Iris екстракт, цинк сулфат, Витамин A) 2%</li>\n<li>Салицилна киселина 0.2%</li>\n<li>Цинк PCA 0.02%</li>\n</ul>\n<p>Кератолитичкото дејство спречува запушување на порите. Контролира зголемена продукција на себум и сјај. Помага во контрола на раст на бактерии. Пенаст гел кој ги отстранува нечистотиите од лицето. Не ја иритира кожата. pH 5. Совет: Нанесете го наутро и навечер на лицето и вратот со нежна масажа и исплакнете со вода. Избегнувајте контакт со очи. Дерматолошки тестирано.</p>\n",,,taxable,,1,1,,0,0,,,,,0,,,810,"Нега и заштита > Кожа, Нега и заштита > Кожа - масна и акни, Нега и заштита",,,https://lifeline.mk/wp-content/uploads/2021/11/limpiador_purificante_Producto.jpg,,,,,,,,,0,"Babe Laboratorios",0,340,341,,classic-editor,f079e968-53d1-45b0-be89-af0cd379d79a,field_6081ae4f27756,529,529,0,0,enable,default,default,0,0,0,0,default,default,default,default,default,0,disable,enable,right,default,default,default,343,28,1,,,,,,,,90,
9286,simple,,"NOGRIPIN FORTE tbl",1,0,visible,,,,,taxable,reduced-rate,1,1,,0,0,,,,,1,BAYER,,130,"Настинка и грип",,,,,,,,,,,,0,,0,316,317,,,,,,,,,,,,,,,,,,,,,,,,,,,,,,,,,,,,,,,
9287,simple,,"BABE- STOP AKN MATTIFYING MOISTURISER 50ML",1,0,visible,"<p>Хидратантен крем за лице со матирачко дејство – 50ml</p>\n","<p>Состав:</p>\n<ul>\n<li>Цитобиол Iris (Iris екстракт, цинк сулфат, Витамин A) 5%</li>\n<li>Ниацинамид 4%</li>\n<li>Матифирачка пудра 2%</li>\n<li>Витамин Е 0.25%</li>\n<li>Салицилна киселина 0.2%</li>\n<li>Цинк PCA 0.02%</li>\n</ul>\n<p>Специфичен хидратанс за масна и/или кожа склона кон акни. Нормализира прекумерна продукција на себум. Го контролира размножувањето на бактериите. Овозможува матирачки ефект без сјај како резултат на матираната пудра.</p>\n<p>Совет: Нанесете на лицето и вратот со нежна масажа до целосна апсорпција. Дерматолошки тестирано.</p>\n",,,taxable,,1,1,,1,0,,,,,0,,,1080,"Нега и заштита > Кожа, Нега и заштита > Кожа - масна и акни, Нега и заштита",,,https://lifeline.mk/wp-content/uploads/2021/11/hidratante_matificante_CAJA_Producto.jpg,,,,,,,,,0,"Babe Laboratorios",0,183,184,,classic-editor,ec2611e7-10c6-4a81-8e43-5979e2a3e75d,field_6081ae4f27756,667.5,667.5,0,0,enable,default,default,0,0,0,0,default,default,default,default,default,0,disable,enable,right,default,default,default,343,28,1,,,,,,,,90,
9288,simple,,"NOKSIR BUBA",1,0,visible,,,,,taxable,,1,1,,0,0,,,,,1,"INTEGRAL DOOEL",,100,"Медицински помагала",,,,,,,,,,,,0,,0,170,171,,,,,,,,,,,,,,,,,,,,,,,,,,,,,,,,,,,,,,,
9289,simple,,"NOVOLAX film obl.tbl. 30 x 5 mg",1,0,visible,,,,,taxable,reduced-rate,1,4,,0,0,,,,,1,KRKA,,130,"Витамини и суплементи > Дигестивен тракт и пробиотици",,,,,,,,,,,,0,,0,239,240,,,,,,,,,,,,,,,,,,,,,,,,,,,,,,,,,,,,,,,
9290,simple,,"BABE- STOP AKN KERATOLYTIC FLUID 30ML",1,0,visible,"<p>Кератолитички флуид – 30ml</p>\n","<p>Состав:</p>\n<ul>\n<li>Слободна гликолна киселина 7%</li>\n<li>Цитобиол Iris (Iris екстракт, цинк сулфат, Витамин A) 2.5%</li>\n<li>Бисаболол 0.2%</li>\n<li>Активна јојоба 0.12%</li>\n</ul>\n<p>Флуид-гел со 13% гликолна киселина (еквиваленто на 7% слободна гликолна киселина). Намалува неправилности и ја измазнува кожата. Регулира зголемена продукција на себум и има матифирачки ефект. pH 4.</p>\n<p>Совет: Нанесете навечер на чисто и суво лице, масирајте до целосна апсорпција. Користете го преку една вечер последователно 3 недели, а потоа 1 недела пауза. Да не се користи веднаш по агресивни медицински третмани. Избегнувајте го делот околу очите, околу мукозни мембрани или отворени рани. Дерматолошки тестирано.</p>\n",,,taxable,,1,1,,0,0,,,,,0,,,1230,"Нега и заштита > Кожа, Нега и заштита > Кожа - масна и акни, Нега и заштита",,,https://lifeline.mk/wp-content/uploads/2021/11/fluido_queratolitico_Producto.jpg,,,,,,,,,0,"Babe Laboratorios",0,164,165,,classic-editor,bdf32d91-2b0d-425e-b70d-7ea20a55494f,field_6081ae4f27756,778.605,778.605,0,0,enable,default,default,0,0,0,0,default,default,default,default,default,0,disable,enable,right,default,default,default,343,28,1,,,,,,,,90,
9291,simple,,"NUA NUA CRNA PASTA+GRATIS CETKA",1,0,visible,,,,,taxable,,0,0,,0,0,,,,,1,UVOZ,,210,"Дентална програма",,,,,,,,,,,,0,,0,434,435,,,,,,,,,,,,,,,,,,,,,,,,,,,,,,,,,,,,,,,
9292,simple,,"BABE- PEDIATRIC SUNSCREEN WET SKIN SPF50 200ML",1,0,visible,"<p>Спреј за заштита од сонце за деца (над 3 год.) со заштитен фактор SPF 50 – 200ml</p>\n","<p>Состав:</p>\n<ul>\n<li>Филтри за заштита од сонце SPF 50</li>\n<li>Витамин F 0.25%</li>\n<li>α-бисаболол 0.1%</li>\n</ul>\n<p>Висока заштита против UVA-UVB. Водоотпорен спреј за заштита од сонце. Лесно се нанесува со помош на 360° спреј систем. Веднаш се апсорбира и може да се употребува на сува и влажна кожа. Wet Skin технологија.</p>\n<p>Совет: Подеднакво нанесете 20 минути пред изложување на сонце, а потоа соодветно реаплицирајте во зависност од потребите.</p>\n<p>ВНИМАНИЕ: Да се користи кај деца над 3 години, избегнувајте контакт со очи, не изложувајте го продуктот на температура над 50°С, да не биде на дофат на деца.</p>\n",,,taxable,,1,1,,0,0,,,,,0,,,1585,"Бебешка програма > Бебешка козметика, Бебешка програма, Нега и заштита > Заштита од сонце, Нега и заштита > Кожа, Нега и заштита",,,https://lifeline.mk/wp-content/uploads/2021/11/Wet-skin-pediatrico.png_Producto.jpg,,,,,,,,,0,"Babe Laboratorios",0,208,209,,classic-editor,be7fe9f1-3676-48fd-ba2b-b7820158592b,field_6081ae4f27756,915,915,0,0,enable,default,default,0,0,0,0,default,default,default,default,default,0,disable,enable,right,default,default,default,343,28,1,,,,,,,,90,
9293,simple,,"NU-BETA 1,3/1,6 D-GLUCAN CAPS.90 X 100 mg",1,0,visible,,,,,taxable,reduced-rate,1,1,,0,0,,,,,0,TRIMEKS,,1500,"Витамини и суплементи > Имунитет",,,https://lifeline.mk/wp-content/uploads/2021/11/NU-BETA-13-16-D-GLUCAN-CAPS.90-X-100-mg.jpg,,,,,,,,,0,Now,0,178,179,,,,,,,,,,,,,,,,,,,,,,,,,,,,,,,,,,,,,,,
9294,simple,,"BABE- PEDIATRIC EXTRA MILD SHAMPOO 200ML",1,0,visible,"<p>Нежен и лесен шампон за бебиња и деца – 200ml</p>\n","<p>Состав:</p>\n<ul>\n<li>Пантенол 1%</li>\n<li>Регенератор за коса 1%</li>\n<li>Комплекс за нега на косата (Aloe, Mimosa и Calendula) 0.5%</li>\n</ul>\n<p>Наменет за секојдневна употреба за одржување на хигиената на косата. Косата станува мека, хидрирана и сјајна. pH 7.</p>\n<p>Совет: Нанесете на влажна коса, втријте и исплакнете темелно со вода. Дерматолошки тестирано. Офталмолошки тестирано - не ги иритира очите. Педијатриски тестирано.</p>\n",,,taxable,,1,1,,0,0,,,,,0,,,690,"Бебешка програма > Бебешка козметика, Бебешка програма",,,https://lifeline.mk/wp-content/uploads/2021/11/champu_extrasuave_PED_1_Producto.jpg,,,,,,,,,0,"Babe Laboratorios",0,119,120,,classic-editor,97c9735b-2cfe-47c4-8c91-d057be8ee785,field_6081ae4f27756,438.5625,438.5625,0,0,enable,default,default,0,0,0,0,default,default,default,default,default,0,disable,enable,right,default,default,default,343,30,1,,,,,,,,90,
9295,simple,,"NU-DHA KIDS CHEWABLE caps.x 60",1,0,visible,,,,,taxable,reduced-rate,0,0,,0,0,,,,,0,TRIMEKS,,1220,"Витамини и суплементи > Заштита на нервниот систем",,,https://lifeline.mk/wp-content/uploads/2021/11/NU-DHA-KIDS-CHEWABLE-caps.x-60.jpg,,,,,,,,,0,Now,0,192,193,,,,,,,,,,,,,,,,,,,,,,,,,,,,,,,,,,,,,,,
9296,simple,,"BABE- PEDIATRIC CRADLE CAP SHAMPOO 200ML",1,0,visible,"<p>Шампон против себореичен дерматит на скалпот за бебиња и деца &#8211; 200ml</p>\n","<p>Состав:</p>\n<ul>\n<li>Дериват на ундециленска киселина 4%</li>\n<li>Регенератор за коса 2.2%</li>\n<li>Невен 1%</li>\n<li>Салицилна киселина 0.5%</li>\n</ul>\n<p>Помага во контролирање на лупење на кожата на главата кај бебињата. pH 5. Делува врз факторите кои предизвикуваат појава на теменици. Се грижи и го негува скалпот и косата. Дерматолошки тестирано. Педијатриски тестирано.</p>\n<p>Начин на употреба: 2-3 пати неделно. Се нанесува на влажна коса/кожа на скалпот, нежно се масира скалпот и темелно се плакне со вода. Да се избегнува контакт со очи. Се перпорачува да се комбинира со BABE EXTRA MILD SHAMPOO.</p>\n",,,taxable,,1,,,0,0,,,,,0,,,770,"Бебешка програма > Бебешка козметика, Бебешка програма",,,https://lifeline.mk/wp-content/uploads/2021/11/1561452847Costra_lactea_PED_ok_Producto.jpg,,,,,,,,,0,"Babe Laboratorios",0,236,237,,classic-editor,59e50a9e-0309-4ac8-9708-95ce4725639d,field_6081ae4f27756,463.98,463.98,0,0,enable,default,default,0,0,0,0,default,default,default,default,default,0,disable,enable,right,default,default,default,343,30,1,,,,,,,,90,
9302,simple,,"BABE- HA+ MULTI REJUVENATING BOOSTER 50ML",1,0,visible,"<p>Ревитализирачки бустер за лице – 50ml</p>\n","<p>Состав:</p>\n<ul>\n<li>Хијалуронска киселина 5%</li>\n<li>Терпенон 3%</li>\n<li>DMAE (диметилетаноламин) 2.5%</li>\n<li>Centella Asiatica 2%</li>\n<li>Биолин пребиотик 2%</li>\n<li>Колагенски биостимулатор 2%</li>\n<li>Еластин 1.5%</li>\n<li>Комплекс за нега на кожата 1%</li>\n<li>Бакучол 1%</li>\n<li>Креатин 1%</li>\n<li>Церамиди 1%</li>\n<li>Витамин С 0.5%</li>\n<li>Витамин Е 0.25%</li>\n<li>Карнозин 0.2%</li>\n</ul>\n<p>Ја мазни и видливо подмладува кожата, воедно и ги намалува брчките и го изедначува тенот благодарение на активните компоненти со поттикнувачко дејство. Ја враќа цврстината и еластичноста на кожата. Го израмнува тонот и осветлува. Дерматолошки тестирано.</p>\n",,,taxable,,1,1,,0,0,,,,,0,,,2830,"Нега и заштита > Кожа, Нега и заштита",,,https://lifeline.mk/wp-content/uploads/2021/11/serum_HA_700_Producto.jpg,,,,,,,,,0,"Babe Laboratorios",0,190,191,,classic-editor,692a3814-b344-4863-a4fc-0256efc36a17,field_6081ae4f27756,1773.3075,1773.3075,0,0,enable,default,default,0,0,0,0,default,default,default,default,default,0,disable,enable,right,default,default,default,343,28,1,,,,,,,,90,
9303,simple,,"NUK 701150 LATEX 0-6m/1M CUCLA ZA SISHE",1,0,visible,,,,,taxable,reduced-rate,1,1,,0,0,,,,,1,EUROALBA,,125,"Бебешка програма > Шишиња\, цуцли и друго",,,,,,,,,,,,0,,0,216,217,,,,,,,,,,,,,,,,,,,,,,,,,,,,,,,,,,,,,,,
9304,simple,,"BABE- HA+ MULTI PROTECTOR CREAM SPF30 50ML",1,0,visible,"<p>Заштитен крем за лице со повеќенаменско дејство – 50ml</p>\n","<p>Состав:</p>\n<ul>\n<li>Centella Asiatica 3%</li>\n<li>DMAE (диметилетаноламин) 2.5%</li>\n<li>Биолин пребиотик 2%</li>\n<li>Пантенол 1.5%</li>\n<li>Комплекс за нега на кожата 1%</li>\n<li>Колаген 0.5%</li>\n<li>Алантоин 0.5%</li>\n<li>Витамин С 0.5%</li>\n<li>Витамин Е 0.5%</li>\n<li>Карнозин 0.2%</li>\n<li>Хијалуронска киселина 0.1%</li>\n</ul>\n<p>Повеќенаменски заштитен крем кој овозможува 24 часовна хидратација со лифтинг ефект, детокс ефект и ефект против загадување. Ја подмладува кожата преку намалување на брчките, зголемување на еластичноста и унифицирање на тенот. Збогатен со формула со пребиотичко дејство кој промовира баланс на микробиомот на кожата. Штити од изложување на (UVB, UVA, HEV и IR). Дерматолошки тестирано.</p>\n",,,taxable,,1,,,0,0,,,,,0,,,1880,"Нега и заштита > Заштита од сонце, Нега и заштита > Кожа, Нега и заштита",,,https://lifeline.mk/wp-content/uploads/2021/11/Dia_Producto.jpg,,,,,,,,,0,"Babe Laboratorios",0,170,171,,classic-editor,9f881ec4-d64b-4ebf-bcec-6e322abaa98e,field_6081ae4f27756,1175.85,1175.85,0,0,enable,default,default,0,0,0,0,default,default,default,default,default,0,disable,enable,right,default,default,default,343,28,1,,,,,,,,90,
9305,simple,,"NUK 713153 6+/2M LATEX CUCLA ZA SISHE",1,0,visible,,,,,taxable,reduced-rate,0,0,,0,0,,,,,1,EUROALBA,,125,"Бебешка програма > Шишиња\, цуцли и друго",,,,,,,,,,,,0,,0,201,202,,,,,,,,,,,,,,,,,,,,,,,,,,,,,,,,,,,,,,,
9306,simple,,"BABE- HA+ EYES AND LIPS TENSOR MULTI CORRECTOR 15ML",1,0,visible,"<p>Коректор за лице – 15ml</p>\n","<p>Состав:</p>\n<ul>\n<li>Кофеин 3%</li>\n<li>Centella Asiatica 3%</li>\n<li>DMAE (диметилетаноламин) 2.5%</li>\n<li>Биолин пребиотик 2%</li>\n<li>Колагенски биостимулатор 2%</li>\n<li>Хијалуронска киселина 1%</li>\n<li>Комплекс за нега на кожата 1%</li>\n<li>Витамин С 1%</li>\n<li>Бакучол 1%</li>\n<li>Колаген 0.5%</li>\n<li>Енкапсулиран ретинол 0.25%</li>\n<li>Витамин Е 0.25%</li>\n</ul>\n<p>Спречува и корегира изразни линии (очи и усни). Пополнува брчки и ја зголемува хидратацијата. Ги корегира фините линии на изразување. Ја враќа цврстината и еластичноста на кожата.</p>\n<p>Совет: Нанесете на посакуваниот дел од лицето со нежно тапкање со прстите. Дерматолошки тестирано.</p>\n",,,taxable,,1,,,0,0,,,,,0,,,1190,"Нега и заштита > Кожа, Нега и заштита",,,https://lifeline.mk/wp-content/uploads/2021/11/contorno_Producto.jpg,,,,,,,,,0,"Babe Laboratorios",0,171,172,,classic-editor,76661981-3066-4a8c-b490-cd05cd6ef9a9,field_6081ae4f27756,756.3525,756.3525,0,0,enable,default,default,0,0,0,0,default,default,default,default,default,0,disable,enable,right,default,default,default,343,28,1,,,,,,,,90,
9307,simple,,"NUK743517 0-6M/1M SILIKON SISHE VINI PU SINO 150ML",1,0,visible,,,,,taxable,reduced-rate,0,0,,0,0,,,,,1,EUROALBA,,380,"Бебешка програма > Шишиња\, цуцли и друго",,,,,,,,,,,,0,,0,131,132,,,,,,,,,,,,,,,,,,,,,,,,,,,,,,,,,,,,,,,
9308,simple,,"NUK750404 ACTIV CUP SHISHE 12+ SILIKON 300ML",1,0,visible,,,,,taxable,reduced-rate,0,0,,0,0,,,,,1,EUROALBA,,395,"Бебешка програма > Шишиња\, цуцли и друго",,,,,,,,,,,,0,,0,136,137,,,,,,,,,,,,,,,,,,,,,,,,,,,,,,,,,,,,,,,
9309,simple,,"BABE- FACE SUNSCREEN SUPER FLUID SPF50 50ML",1,0,visible,"<p>Супер флуид за лице со заштитен фактор SPF 50 – 50ml</p>\n","<p>Состав:</p>\n<ul>\n<li>Филтри за заштита од сонце SPF 50</li>\n<li>Карнозин 0.2%ж</li>\n<li>Хијалуронска киселина 0.1%</li>\n</ul>\n<p>Широк спектар на заштита (UVA-UVB + IR-A + сина светлина) за секој тип на кожа, како и за осетлива кожа. Водоотпорен. Има хидрирачко дејство. Карнозинот кој е дел од составот штити од ДНК оштетување, има антиоксидативно дејство како и дејство против загадување.</p>\n<p>Совет: Нанесете подеднакво на лицето и вратот во количина соодветна за површината која ќе ја покриете. Дерматолошки тестирано.</p>\n",,,taxable,,1,,,0,0,,,,,0,,,1270,"Нега и заштита > Заштита од сонце, Нега и заштита > Кожа, Нега и заштита",,,https://lifeline.mk/wp-content/uploads/2021/11/Superfluido-FPS50_Producto.jpg,,,,,,,,,0,"Babe Laboratorios",0,204,205,,classic-editor,26a83000-16b2-4030-8678-fbd2cad8e878,field_6081ae4f27756,807.375,807.375,0,0,enable,default,default,0,0,0,0,default,default,default,default,default,0,disable,enable,right,default,default,default,343,28,1,,,,,,,,90,
9310,simple,,"NU-LIQUID VIT.D3 400IU / 4KAPKI 59ML",1,0,visible,,,,,taxable,reduced-rate,backorder,0,,notify,0,,,,,0,TRIMEKS,,740,"Витамини и суплементи > Имунитет",,,https://lifeline.mk/wp-content/uploads/2021/11/NU-LIQUID-VIT.D3-400IU-4KAPKI-59ML.jpg,,,,,,,,,0,Now,0,170,171,,,,,,,,,,,,,,,,,,,,,,,,,,,,,,,,,,,,,,,
9311,simple,,"NU-L-OPTI ZINC CAPS 100 X 30MG",1,0,visible,,,,,taxable,reduced-rate,1,1,,0,0,,,,,0,TRIMEKS,,960,"Витамини и суплементи > Имунитет",,,https://lifeline.mk/wp-content/uploads/2021/11/NU-L-OPTI-ZINC-CAPS-100-X-30MG.jpg,,,,,,,,,0,Now,0,164,165,,,,,,,,,,,,,,,,,,,,,,,,,,,,,,,,,,,,,,,
9312,simple,,"BABE- FACE ESS SOOTHING MICELLAR GEL 245ML",1,0,visible,"<p>Мицеларен гел за лице– 245ml</p>\n","<p>Состав:</p>\n<ul>\n<li>Глицерин 2.5%</li>\n<li>Бетаин 1%</li>\n<li>Сладунец 0.25%</li>\n</ul>\n<p>Соодветен за комбинирана и/или чуствителна кожа. Мицеларно чистење на кожата. pH 5.5. Отстранува нечистотии и траги од шминка на лицето.</p>\n<p>Совет: Нанесете наутро и/или навечер, нежно масирајте го лицето и исплакнете со вода. Дерматолошки тестирано.</p>\n",,,taxable,,1,1,,0,0,,,,,0,,,890,"Нега и заштита > Кожа, Нега и заштита",,,https://lifeline.mk/wp-content/uploads/2021/11/gel_micelar_Producto.jpg,,,,,,,,,0,"Babe Laboratorios",0,148,149,,classic-editor,1832907d-9aa3-41eb-8ea8-98b9f94673dc,field_6081ae4f27756,565.68,565.68,0,0,enable,default,default,0,0,0,0,default,default,default,default,default,0,disable,enable,right,default,default,default,343,28,1,,,,,,,,90,
9313,simple,,"NUT-BROMELAIN x60tbl",1,0,visible,,,,,taxable,reduced-rate,1,1,,0,0,,,,,1,"RIFAM DOO",,650,"Витамини и суплементи > Дигестивен тракт и пробиотици",,,,,,,,,,,,0,,0,223,224,,,,,,,,,,,,,,,,,,,,,,,,,,,,,,,,,,,,,,,
9314,simple,,"NUT-CLEANSE formula 7 x14 tbl",1,0,visible,,,,,taxable,reduced-rate,1,3,,0,0,,,,,1,"RIFAM DOO",,1425,"Витамини и суплементи > Дигестивен тракт и пробиотици",,,,,,,,,,,,0,,0,171,172,,,,,,,,,,,,,,,,,,,,,,,,,,,,,,,,,,,,,,,
9315,simple,,"BABE- FACE ESS HYDRONOURSHING CREAM SPF20 50ML",1,0,visible,"<p>Хидратантна крема за лице со заштитен фактор SPF 20 – 50ml</p>\n","<p>Состав:</p>\n<ul>\n<li>Филтри за заштита од сонце SPF 20 (UVA-UVB)</li>\n<li>Глицерин 4%</li>\n<li>Пантенол 1.5%</li>\n<li>Масло од авокадо 1%</li>\n<li>Природен фактор за хидратација 1%</li>\n<li>Активна јојоба 0.6%</li>\n<li>Сквален 0.5%</li>\n<li>Алантоин 0.3%</li>\n<li>Витамин Е 0.25%</li>\n</ul>\n<p>Крема за лице со хидрирачки ефект, збогатена со активни хранливи компоненти кои овоможуваат мекост и еластичност на кожата. Филтерот за заштита од сонце штити од соларна радијација. Содржи хијалуронска киселина која го подобрува степенот на хидратација и помага во враќање на еластичноста. Се препорачува за кожа склона на сушење и/или сува кожа. 3 во 1: хидрира, храни и заштитува. Ја обновува загубата на хранливи материи и вода. Дерматолошки тестирано.</p>\n",,,taxable,,1,1,,0,0,,,,,0,,,1390,"Нега и заштита > Заштита од сонце, Нега и заштита > Кожа, Нега и заштита",,,https://lifeline.mk/wp-content/uploads/2021/11/hidronutritiva_Producto.jpg,,,,,,,,,0,"Babe Laboratorios",0,184,185,,classic-editor,73456bc2-53c9-4da6-b607-420baf197c19,field_6081ae4f27756,883.4775,883.4775,0,0,enable,default,default,0,0,0,0,default,default,default,default,default,0,disable,enable,right,default,default,default,343,28,1,,,,,,,,90,
9316,simple,,"NUT-NATUREL SLEEP x60cps",1,0,visible,,,,,taxable,reduced-rate,1,1,,0,0,,,,,1,"RIFAM DOO",,550,"Витамини и суплементи > Заштита на нервниот систем",,,,,,,,,,,,0,,0,206,207,,,,,,,,,,,,,,,,,,,,,,,,,,,,,,,,,,,,,,,
9317,simple,,"NUTRINO-BEZMLECNA KASA 200G",1,0,visible,,,,,taxable,reduced-rate,0,0,,0,0,,,,,1,"NELT ST-PAMPERS",,120,"Бебешка програма > Бебешка храна",,,,,,,,,,,,0,,0,163,164,,,,,,,,,,,,,,,,,,,,,,,,,,,,,,,,,,,,,,,
9318,simple,,"BABE- FACE ESS HYDRO 24H REACTIVE SKIN 50ML",1,0,visible,"<p>Хидратантен 24ч крем за лице за чувствителна кожа – 50ml</p>\n","<p>Состав:</p>\n<ul>\n<li>Пептид за омекнување на кожата 5%</li>\n<li>Биокомплекс кој спречува црвенило (Ruscus, Centella Asiatica, Calendula, Escin и Liquorice) 3%</li>\n<li>Биолин Пребиотик 2%</li>\n<li>Ниацинамид 2%</li>\n<li>Природен фактор за хидратација 1%</li>\n<li>Активна јојоба 0.4%</li>\n<li>Витамин Е 0.25%</li>\n<li>Алантоин 0.2%</li>\n<li>Бисаболол 0.2%</li>\n</ul>\n<p>Се употребува за чувствителна и/или кожа склона кон црвенило. Со пребиотичко дејство кое го подобрува балансот на микробиотите на кожата. Збогатена со активни компоненти кои ја омекнуваат и смируваат кожата. Честичките со ефект на фузија на боја веднаш го неутрализираат црвенилото. Дерматолошки тестирано.</p>\n",,,taxable,,1,1,,0,0,,,,,0,,,1690,"Нега и заштита > Кожа, Нега и заштита",,,https://lifeline.mk/wp-content/uploads/2021/11/Hidro24_pieles_reactivas_Producto.jpg,,,,,,,,,0,"Babe Laboratorios",0,157,158,,classic-editor,7510d72b-2ce2-44af-b6d9-a05f582ad333,field_6081ae4f27756,1074.15,1074.15,0,0,enable,default,default,0,0,0,0,default,default,default,default,default,0,disable,enable,right,default,default,default,343,28,1,,,,,,,,90,
9319,simple,,"NUTRINO-jabolka i borovnica 125g",1,0,visible,,,,,taxable,reduced-rate,0,0,,0,0,,,,,1,"NELT ST-PAMPERS",,50,"Бебешка програма > Бебешка храна",,,,,,,,,,,,0,,0,157,158,,,,,,,,,,,,,,,,,,,,,,,,,,,,,,,,,,,,,,,
9320,simple,,"BABE- BODY OIL SOAP 500ML",1,0,visible,"<p>Гел за туширање &#8211; 500ml</p>\n","<p>Состав:</p>\n<ul>\n<li>Соино масло 40%</li>\n<li>Inca Inchi масло 1%</li>\n<li>Витамин F 0.5%</li>\n<li>Содржи омега 3,6, и 9</li>\n<li>Концентрирана формула без вода.</li>\n</ul>\n<p>Наменет за сува и/или атопична кожа. Нежен и лесен емолиент гел за тело. Содржи повеќе од 40% масла за негување на кожата со есенцијални масни киселини кои го обновуваат нивото на хидролипидниот слој на кожата. Овозможува моментално смирување на кожата.</p>\n<p>Совет: Нанесете го на влажна кожа, исплакнете темелно со вода. Дерматолошки тестирано. Концентрирана формула без вода.</p>\n",,,taxable,,1,1,,0,0,,,,,0,,,1450,"Нега и заштита > Купки и производи за туширање, Нега и заштита",,,https://lifeline.mk/wp-content/uploads/2021/11/jabon_aceite_Producto.jpg,,,,,,,,,0,"Babe Laboratorios",0,213,214,,classic-editor,1c1493b9-abf9-48b4-820f-f4839c87e9fe,field_6081ae4f27756,921.6075,921.6075,0,0,enable,default,default,0,0,0,0,default,default,default,default,default,0,disable,enable,right,default,default,default,343,28,1,,,,,,,,90,
9321,simple,,"NUTRINO-jabolko,praska,jagoda,malina 100gr",1,0,visible,,,,,taxable,reduced-rate,0,0,,0,0,,,,,1,"NELT ST-PAMPERS",,45,"Бебешка програма > Бебешка храна",,,,,,,,,,,,0,,0,124,125,,,,,,,,,,,,,,,,,,,,,,,,,,,,,,,,,,,,,,,
9322,simple,,"BABE- BODY ALOE VERA 300ML",1,0,visible,"<p>Алое Вера – 300ml</p>\n","<p>Состав:</p>\n<ul>\n<li>Алое Вера</li>\n<li>Бетаин 1%</li>\n<li>Пантенол 0.5%</li>\n<li>Камилица 0.25%</li>\n</ul>\n<p>Немасен гел со смирувачки и хидрирачки компоненти. Ја освежува, хидрира и смирува иритираната кожа. pH 5.5. Се препорачува да се употребува по изложување на сонце или отстранување на влакна. Совет: Нанесете со нежно масирање до целосна апсорпција.</p>\n<p>Дерматолошки тестирано.</p>\n",,,taxable,,1,1,,0,0,,,,,0,,,1290,"Нега и заштита > Кожа, Нега и заштита",,,https://lifeline.mk/wp-content/uploads/2021/11/foto_aloe_new_300ml.jpg,,,,,,,,,0,"Babe Laboratorios",0,225,226,,classic-editor,7d1c99f6-6a36-4ed9-9734-fb6f01e694a1,field_6081ae4f27756,820.125,820.125,0,0,enable,default,default,0,0,0,0,default,default,default,default,default,0,disable,enable,right,default,default,default,343,28,1,,,,,,,,90,
9323,simple,,"NUTRINO-misirka, brokula, pavlaka, oriz 190g",1,0,visible,,,,,taxable,reduced-rate,0,0,,0,0,,,,,1,"NELT ST-PAMPERS",,70,"Бебешка програма > Бебешка храна",,,,,,,,,,,,0,,0,168,169,,,,,,,,,,,,,,,,,,,,,,,,,,,,,,,,,,,,,,,
9324,simple,,"BABE- BODY 10% UREA REPAIRING LOTION 500ML",1,0,visible,"<p>Регенерирачки лосион за тело со 10% уреа &#8211; 500ml</p>\n","<p>Состав:</p>\n<ul>\n<li>Уреа 10%</li>\n<li>Соино масло 3.5%</li>\n<li>Глицерин 3%</li>\n<li>Шеа путер 2%</li>\n<li>Витамин Е 0.25%</li>\n</ul>\n<p>Наменет за сува, многу сува, груба и/или атопична кожа. Ја хидрира кожата, го олеснува чешањето и затегнатоста на кожата. Дерматолошки тестирано.</p>\n<p>ВНИМАНИЕ: Да не се нанесува на атопични изгореници.</p>\n",,,taxable,,1,1,,0,0,,,,,0,,,1380,"Нега и заштита > Кожа, Нега и заштита",,,https://lifeline.mk/wp-content/uploads/2021/11/urea_Producto.jpg,,,,,,,,,0,"Babe Laboratorios",0,270,271,,classic-editor,8fa8e6b1-e974-4c1a-adf4-8889e9804db1,field_6081ae4f27756,877.125,877.125,0,0,enable,default,default,0,0,0,0,default,default,default,default,default,0,disable,enable,right,default,default,default,343,28,1,,,,,,,,90,
9325,simple,,"NUTRINO-ovosh.miks so zit.pire 100 gr- 20% popust",1,0,visible,,,,,taxable,reduced-rate,0,0,,0,0,,,,,1,"NELT ST-PAMPERS",,"44,60356845","Бебешка програма > Бебешка храна",,,,,,,,,,,,0,,0,149,150,,,,,,,,,,,,,,,,,,,,,,,,,,,,,,,,,,,,,,,
9326,simple,,"NUTRINO-praska,oriz 190gr",1,0,visible,,,,,taxable,reduced-rate,0,0,,0,0,,,,,1,"NELT ST-PAMPERS",,60,"Бебешка програма > Бебешка храна",,,,,,,,,,,,0,,0,156,157,,,,,,,,,,,,,,,,,,,,,,,,,,,,,,,,,,,,,,,
9327,simple,,"NUTRINO-prva tikvicka 80gr",1,0,visible,,,,,taxable,reduced-rate,0,0,,0,0,,,,,1,"NELT ST-PAMPERS",,45,"Бебешка програма > Бебешка храна",,,,,,,,,,,,0,,0,152,153,,,,,,,,,,,,,,,,,,,,,,,,,,,,,,,,,,,,,,,
9328,simple,,"NUTRINO-prvo morkovce 80gr.pire od zelencuk",1,0,visible,,,,,taxable,reduced-rate,0,0,,0,0,,,,,1,"NELT ST-PAMPERS",,45,"Бебешка програма > Бебешка храна",,,,,,,,,,,,0,,0,149,150,,,,,,,,,,,,,,,,,,,,,,,,,,,,,,,,,,,,,,,
9329,simple,,"NUTRINO-telesko so zelencuk i pavlaka 190gr",1,0,visible,,,,,taxable,reduced-rate,0,0,,0,0,,,,,1,"NELT ST-PAMPERS",,70,"Бебешка програма > Бебешка храна",,,,,,,,,,,,0,,0,137,138,,,,,,,,,,,,,,,,,,,,,,,,,,,,,,,,,,,,,,,
9330,simple,,"NUTRINO-tikva, pavlaka, oriz 125g",1,0,visible,,,,,taxable,reduced-rate,0,0,,0,0,,,,,1,"NELT ST-PAMPERS",,55,"Бебешка програма > Бебешка храна",,,,,,,,,,,,0,,0,136,137,,,,,,,,,,,,,,,,,,,,,,,,,,,,,,,,,,,,,,,
9331,simple,,"NU-VIT.D3 1000 LIQ.30ML EXTRA",1,0,visible,,,,,taxable,reduced-rate,1,1,,0,0,,,,,0,TRIMEKS,,1000,"Витамини и суплементи > Имунитет",,,https://lifeline.mk/wp-content/uploads/2021/11/NU-VIT.D3-1000-LIQ.30ML-EXTRA.jpg,,,,,,,,,0,Now,0,153,154,,,,,,,,,,,,,,,,,,,,,,,,,,,,,,,,,,,,,,,
9336,simple,,"OB TAMPONI ProComfort MINI X 8",1,0,visible,,,,,taxable,,1,2,,0,0,,,,,1,AWT,,95,"Нега и заштита > Сексуално здравје и интимна нега",,,,,,,,,,,,0,,0,171,172,,,,,,,,,,,,,,,,,,,,,,,,,,,,,,,,,,,,,,,
9337,simple,,"OCHILA - so korektivni stakla",1,0,visible,,,,,taxable,reduced-rate,1,76,,0,0,,,,,1,"ГЛОРИ-ГБ ДООЕЛ",,450,"Медицински помагала",,,,,,,,,,,,0,,0,211,212,,,,,,,,,,,,,,,,,,,,,,,,,,,,,,,,,,,,,,,
9338,simple,,"OCTENISEPT (0,1 g + 2 g) 50 ml",1,0,visible,,,,,taxable,reduced-rate,1,1,,0,0,,,,,1,PFC,,400,"Нега и заштита > Средства за дезинфекција",,,,,,,,,,,,0,,0,162,163,,,,,,,,,,,,,,,,,,,,,,,,,,,,,,,,,,,,,,,
9339,simple,,"OCUHYL C sol 10ml",1,0,visible,,,,,taxable,reduced-rate,1,1,,0,0,,,,,1,UNIMED,,430,"Витамини и суплементи > Препарати за око",,,,,,,,,,,,0,,0,373,374,,,,,,,,,,,,,,,,,,,,,,,,,,,,,,,,,,,,,,,
9340,simple,,"OLIGOGAL Cr cps. x 30",1,0,visible,,,,,taxable,reduced-rate,1,1,,0,0,,,,,1,GALENIKA,,200,"Витамини и суплементи > Дијабетес",,,,,,,,,,,,0,,0,205,206,,,,,,,,,,,,,,,,,,,,,,,,,,,,,,,,,,,,,,,
9341,simple,,"OLIGOGAL SE cps.x 30",1,0,visible,,,,,taxable,reduced-rate,1,3,,0,0,,,,,1,GALENIKA,,310,"Витамини и суплементи > Имунитет",,,,,,,,,,,,0,,0,201,202,,,,,,,,,,,,,,,,,,,,,,,,,,,,,,,,,,,,,,,
9342,simple,,OLIGOGL-ZN+VIT.C.CPS.30X(15+60)MG,1,0,visible,,,,,taxable,reduced-rate,1,3,,0,0,,,,,1,GALENIKA,,230,"Витамини и суплементи > Имунитет",,,,,,,,,,,,0,,0,186,187,,,,,,,,,,,,,,,,,,,,,,,,,,,,,,,,,,,,,,,
9343,simple,,"OLIGOVIT tbl.x 30",1,0,visible,,,,,taxable,reduced-rate,1,2,,0,0,,,,,1,GALENIKA,,300,"Витамини и суплементи",,,,,,,,,,,,0,,0,180,181,,,,,,,,,,,,,,,,,,,,,,,,,,,,,,,,,,,,,,,
9344,simple,,"OMEGA 3 PHARMA VITAL 1000mg+vit.E",1,0,visible,,,,,taxable,reduced-rate,1,2,,0,0,,,,,1,EUPO,,380,"Витамини и суплементи > Заштита на срце и крвни садови",,,,,,,,,,,,0,,0,257,258,,,,,,,,,,,,,,,,,,,,,,,,,,,,,,,,,,,,,,,
9345,simple,,"OPERIL P sol. 10 ml (0,025%)",1,0,visible,,,,,taxable,reduced-rate,1,2,,0,0,,,,,1,"LEK OTC",,175,"Настинка и грип > Нос",,,,,,,,,,,,0,,0,175,176,,,,,,,,,,,,,,,,,,,,,,,,,,,,,,,,,,,,,,,
9346,simple,,"OPERIL P sprej 10 ml (0,025%)",1,0,visible,,,,,taxable,reduced-rate,1,5,,0,0,,,,,1,"LEK OTC",,210,"Настинка и грип > Нос",,,,,,,,,,,,0,,0,185,186,,,,,,,,,,,,,,,,,,,,,,,,,,,,,,,,,,,,,,,
9347,simple,,"OPERIL sol. 10 ml (0,05%)",1,0,visible,,,,,taxable,reduced-rate,1,9,,0,0,,,,,1,"LEK OTC",,175,"Настинка и грип > Нос",,,,,,,,,,,,0,,0,207,208,,,,,,,,,,,,,,,,,,,,,,,,,,,,,,,,,,,,,,,
9348,simple,,"OPERIL sprej 10 ml (0,05%)",1,0,visible,,,,,taxable,reduced-rate,1,5,,0,0,,,,,1,"LEK OTC",,210,"Настинка и грип > Нос",,,,,,,,,,,,0,,0,251,252,,,,,,,,,,,,,,,,,,,,,,,,,,,,,,,,,,,,,,,
9349,simple,,"OPTIC bioluteina 25x30tbl",1,0,visible,,,,,taxable,reduced-rate,0,0,,0,0,,,,,1,"RIFAM DOO",,255,"Витамини и суплементи > Препарати за око",,,,,,,,,,,,0,,0,314,315,,,,,,,,,,,,,,,,,,,,,,,,,,,,,,,,,,,,,,,
9350,simple,,"OPTIFREE Rastvor za Leki 355 ml (*ALCO)",1,0,visible,,,,,taxable,,1,1,,0,0,,,,,1,ALCON,,695,"Медицински помагала",,,,,,,,,,,,0,,0,183,184,,,,,,,,,,,,,,,,,,,,,,,,,,,,,,,,,,,,,,,
9351,simple,,"ORAL B ESSENTIAL zaben konec 50 m",1,0,visible,,,,,taxable,,0,0,,0,0,,,,,1,"ORAL B",,130,"Дентална програма",,,,,,,,,,,,0,,0,192,193,,,,,,,,,,,,,,,,,,,,,,,,,,,,,,,,,,,,,,,
9352,simple,,"ORALSEPT r-r 100 ml (1,5 mg/ml)",1,0,visible,,,,,taxable,reduced-rate,0,0,,0,0,,,,,1,REPLEKFARM,,210,"Дентална програма",,,,,,,,,,,,0,,0,145,146,,,,,,,,,,,,,,,,,,,,,,,,,,,,,,,,,,,,,,,
9353,simple,,"ORALSEPT spray 0.15% 30ml",1,0,visible,,,,,taxable,reduced-rate,1,1,,0,0,,,,,1,REPLEKFARM,,195,"Дентална програма",,,,,,,,,,,,0,,0,164,165,,,,,,,,,,,,,,,,,,,,,,,,,,,,,,,,,,,,,,,
9354,simple,,"OREGAMAR ORIGANO x 15cps- MARNYS",1,0,visible,,,,,taxable,reduced-rate,0,0,,0,0,,,,,1,UVOZ,,550,"Витамини и суплементи > Имунитет",,,,,,,,,,,,0,,0,211,212,,,,,,,,,,,,,,,,,,,,,,,,,,,,,,,,,,,,,,,
9355,simple,,"OSTEO K2 tbl.x 60",1,0,visible,,,,,taxable,reduced-rate,1,1,,0,0,,,,,0,SALVUS,,750,"Витамини и суплементи > Коски\, зглобови и мускули",,,,,,,,,,,,0,Pharmanova,0,245,246,,,,,,,,,,,,,,,,,,,,,,,,,,,,,,,,,,,,,,,
9356,simple,,"OSTEOACTIV FORTE SUM.TBL. 20X1000MG",1,0,visible,,,,,taxable,reduced-rate,1,1,,0,0,,,,,1,"SUPRA VIT",,340,"Витамини и суплементи > Коски\, зглобови и мускули",,,,,,,,,,,,0,,0,163,164,,,,,,,,,,,,,,,,,,,,,,,,,,,,,,,,,,,,,,,
9357,simple,,"URIAGE BARIESUN CREM SPF50+",1,0,visible,,,,,taxable,,0,0,,0,0,,,,,0,,,"584,9496","Нега и заштита > Заштита од сонце, Нега и заштита > Кожа, Нега и заштита",,,https://lifeline.mk/wp-content/uploads/2021/11/URIAGE-BARIESUN-CREM-SPF50.jpg,,,,,,,,,0,"Bariesun,Uriage",0,119,120,,classic-editor,8814cf5f-cfa7-4a53-bad4-d3eeca43be47,field_6081ae4f27756,396.576,396.576,0,0,enable,default,default,0,0,0,0,default,default,default,default,default,0,disable,enable,right,default,default,default,305,28,,,,,,,,,60,
9358,simple,,"PAMPERS 1 (2-5kg) /43",1,0,visible,,,,,taxable,reduced-rate,1,3,,0,0,,,,,1,"NELT ST-PAMPERS",,500,"Бебешка програма > Бебешка козметика",,,,,,,,,,,,0,,0,230,231,,,,,,,,,,,,,,,,,,,,,,,,,,,,,,,,,,,,,,,
9359,simple,,"UR-189-BARIESUN 100 SPF50+",1,0,visible,,,,,taxable,,0,0,,0,0,,,,,0,,,"976,03464","Нега и заштита > Заштита од сонце, Нега и заштита > Кожа, Нега и заштита",,,https://lifeline.mk/wp-content/uploads/2021/11/UR-189-BARIESUN-100-SPF50.jpg,,,,,,,,,0,"Bariesun,Uriage",0,182,183,,classic-editor,2e81d6a4-0810-4db3-b759-15c3f7d1713c,field_6081ae4f27756,661.7184,661.7184,0,0,enable,default,default,0,0,0,0,default,default,default,default,default,0,disable,enable,right,default,default,default,305,28,,,,,,,,,60,
9360,simple,,"PAMPERS aktiv 5 (11-16)/22",1,0,visible,,,,,taxable,reduced-rate,1,2,,0,0,,,,,1,"NELT ST-PAMPERS",,410,"Бебешка програма > Бебешка козметика",,,,,,,,,,,,0,,0,214,215,,,,,,,,,,,,,,,,,,,,,,,,,,,,,,,,,,,,,,,
9361,simple,,"PAMPERS JAMBO 2 (3-6kg)/94",1,0,visible,,,,,taxable,reduced-rate,0,0,,0,0,,,,,1,BAYER,,985,"Бебешка програма > Бебешка козметика",,,,,,,,,,,,0,,0,150,151,,,,,,,,,,,,,,,,,,,,,,,,,,,,,,,,,,,,,,,
9362,simple,,"PAMPERS JAMBO 4 (9-14kg)/70",1,0,visible,,,,,taxable,reduced-rate,1,2,,0,0,,,,,1,"NELT ST-PAMPERS",,950,"Бебешка програма > Бебешка козметика",,,,,,,,,,,,0,,0,202,203,,,,,,,,,,,,,,,,,,,,,,,,,,,,,,,,,,,,,,,
9363,simple,,"PAMPERS JAMBO 6(13-18)/52 - 4483",1,0,visible,,,,,taxable,reduced-rate,1,2,,0,0,,,,,1,"NELT ST-PAMPERS",,950,"Бебешка програма > Бебешка козметика",,,,,,,,,,,,0,,0,159,160,,,,,,,,,,,,,,,,,,,,,,,,,,,,,,,,,,,,,,,
9364,simple,,"PAMPERS jumbo 2 (4-8kg)/94-NOVI",1,0,visible,,,,,taxable,reduced-rate,1,2,,0,0,,,,,1,"NELT ST-PAMPERS",,950,"Бебешка програма > Бебешка козметика",,,,,,,,,,,,0,,0,218,219,,,,,,,,,,,,,,,,,,,,,,,,,,,,,,,,,,,,,,,
9365,simple,,"PAMPERS MIDI 3 (6-10kg)/ 20- NOVI",1,0,visible,,,,,taxable,reduced-rate,1,1,,0,0,,,,,1,"NELT ST-PAMPERS",,222,"Бебешка програма > Бебешка козметика",,,,,,,,,,,,0,,0,199,200,,,,,,,,,,,,,,,,,,,,,,,,,,,,,,,,,,,,,,,
9367,simple,,"PAMPERS sensitive vl.maram. 6x52 -4532",1,0,visible,,,,,taxable,,1,6,,0,0,,,,,1,"NELT ST-PAMPERS",,410,"Бебешка програма > Бебешка козметика",,,,,,,,,,,,0,,0,152,153,,,,,,,,,,,,,,,,,,,,,,,,,,,,,,,,,,,,,,,
9368,simple,,"PAMPERS vl.maramici fresh 6x52",1,0,visible,,,,,taxable,,0,0,,0,0,,,,,1,"NELT ST-PAMPERS",,380,"Бебешка програма > Бебешка козметика",,,,,,,,,,,,0,,0,171,172,,,,,,,,,,,,,,,,,,,,,,,,,,,,,,,,,,,,,,,
9369,simple,,"PANTENE 3vo1 shampon-REPAIR i PROTECT 300ml",1,0,visible,,,,,taxable,,0,0,,0,0,,,,,1,"NELT ST-PAMPERS",,279,"Нега и заштита > Коса",,,,,,,,,,,,0,,0,161,162,,,,,,,,,,,,,,,,,,,,,,,,,,,,,,,,,,,,,,,
9370,simple,,"PANTENE maska color protect/201897",1,0,visible,,,,,taxable,,0,0,,0,0,,,,,1,"NELT ST-PAMPERS",,480,"Нега и заштита > Коса",,,,,,,,,,,,0,,0,113,114,,,,,,,,,,,,,,,,,,,,,,,,,,,,,,,,,,,,,,,
9371,simple,,"PANTENE maska protect hidration/201896",1,0,visible,,,,,taxable,,1,1,,0,0,,,,,1,"NELT ST-PAMPERS",,480,"Нега и заштита > Коса",,,,,,,,,,,,0,,0,154,155,,,,,,,,,,,,,,,,,,,,,,,,,,,,,,,,,,,,,,,
9372,simple,,"PANTENE maska repear protect/201895",1,0,visible,,,,,taxable,,1,1,,0,0,,,,,1,"NELT ST-PAMPERS",,480,"Нега и заштита > Коса",,,,,,,,,,,,0,,0,134,135,,,,,,,,,,,,,,,,,,,,,,,,,,,,,,,,,,,,,,,
9373,simple,,"PANTENE maska superfood/201941",1,0,visible,,,,,taxable,,0,0,,0,0,,,,,1,"NELT ST-PAMPERS",,480,"Нега и заштита > Коса",,,,,,,,,,,,0,,0,134,135,,,,,,,,,,,,,,,,,,,,,,,,,,,,,,,,,,,,,,,
9374,simple,,"PANTENOL krem 30gr",1,0,visible,,,,,taxable,,1,3,,0,0,,,,,1,GALENIKA,,170,"Нега и заштита > Кожа",,,,,,,,,,,,0,,0,143,144,,,,,,,,,,,,,,,,,,,,,,,,,,,,,,,,,,,,,,,
9375,simple,,"PANTENOL mast 30 g",1,0,visible,,,,,taxable,,1,1,,0,0,,,,,1,GALENIKA,,170,"Нега и заштита > Кожа",,,,,,,,,,,,0,,0,144,145,,,,,,,,,,,,,,,,,,,,,,,,,,,,,,,,,,,,,,,
9376,simple,,"PANTENOL RASTVOR 5% 125ml",1,0,visible,,,,,taxable,,1,1,,0,0,,,,,1,ESSENSA,,210,"Нега и заштита > Кожа",,,,,,,,,,,,0,,0,186,187,,,,,,,,,,,,,,,,,,,,,,,,,,,,,,,,,,,,,,,
9377,simple,,"PANTENOL sprej + R-OR 5% 100 ml",1,0,visible,,,,,taxable,,0,0,,0,0,,,,,1,ESSENSA,,250,"Настинка и грип > Грло",,,,,,,,,,,,0,,0,274,275,,,,,,,,,,,,,,,,,,,,,,,,,,,,,,,,,,,,,,,
9378,simple,,"PANTEXOL krema 25 gr",1,0,visible,,,,,taxable,,1,4,,0,0,,,,,1,JADRAN,,170,"Нега и заштита > Кожа",,,,,,,,,,,,0,,0,158,159,,,,,,,,,,,,,,,,,,,,,,,,,,,,,,,,,,,,,,,
9379,simple,,"PANTEXOL mast 25 gr",1,0,visible,,,,,taxable,,1,2,,0,0,,,,,1,JADRAN,,170,"Нега и заштита > Кожа",,,,,,,,,,,,0,,0,142,143,,,,,,,,,,,,,,,,,,,,,,,,,,,,,,,,,,,,,,,
9380,simple,,"PARACETAMOL supp. 10 x 300 mg",1,0,visible,,,,,taxable,,1,1,,0,0,,,,,1,FITOFARM,,110,"Против болка",,,,,,,,,,,,0,,0,232,233,,,,,,,,,,,,,,,,,,,,,,,,,,,,,,,,,,,,,,,
9381,simple,,"PARAFINKO MASLO 500ML GALAFARM",1,0,visible,,,,,taxable,,1,1,,0,0,,,,,1,GALAFARM,,190,"Нега и заштита > Кожа",,,,,,,,,,,,0,,0,238,239,,,,,,,,,,,,,,,,,,,,,,,,,,,,,,,,,,,,,,,
9382,simple,,"PARAFINSKO maslo 10 ml (FIT)",1,0,visible,,,,,taxable,,1,2,,0,0,,,,,0,FITOFARM,,45,"Нега и заштита > Кожа",,,,,,,,,,,,0,Fitofarm,0,216,217,,,,,,,,,,,,,,,,,,,,,,,,,,,,,,,,,,,,,,,
9383,simple,,"PARAFINSKO maslo 100 ml",1,0,visible,,,,,taxable,,1,1,,0,0,,,,,1,FITOFARM,,110,"Нега и заштита > Кожа",,,,,,,,,,,,0,,0,255,256,,,,,,,,,,,,,,,,,,,,,,,,,,,,,,,,,,,,,,,
9384,simple,,"PARAFINSKO maslo 100 ml (GALA)",1,0,visible,,,,,taxable,,1,1,,0,0,,,,,1,GALAFARM,,95,"Нега и заштита > Кожа",,,,,,,,,,,,0,,0,204,205,,,,,,,,,,,,,,,,,,,,,,,,,,,,,,,,,,,,,,,
9385,simple,,"PARAFINSKO maslo 1000 ml",1,0,visible,,,,,taxable,,0,0,,0,0,,,,,1,FITOFARM,,320,"Нега и заштита > Кожа",,,,,,,,,,,,0,,0,311,312,,,,,,,,,,,,,,,,,,,,,,,,,,,,,,,,,,,,,,,
9386,simple,,"PARODONTAX CLASSIC pasta 75ml",1,0,visible,,,,,taxable,,1,1,,0,0,,,,,1,PARODONTAX,,280,"Дентална програма",,,,,,,,,,,,0,,0,163,164,,,,,,,,,,,,,,,,,,,,,,,,,,,,,,,,,,,,,,,
9387,simple,,"PARODONTAX FLUORID pasta 75ml",1,0,visible,,,,,taxable,,1,1,,0,0,,,,,1,PARODONTAX,,280,"Дентална програма",,,,,,,,,,,,0,,0,181,182,,,,,,,,,,,,,,,,,,,,,,,,,,,,,,,,,,,,,,,
9388,simple,,"PARODONTAX ULTRACLEAN pasta 75ml",1,0,visible,,,,,taxable,,1,1,,0,0,,,,,1,"SMITH KLINE BEECHAM",,270,"Дентална програма",,,,,,,,,,,,0,,0,151,152,,,,,,,,,,,,,,,,,,,,,,,,,,,,,,,,,,,,,,,
9389,simple,,"PARUSAN  tonik za zeni  200 ml",1,0,visible,,,,,taxable,,1,1,,0,0,,,,,1,"НАТУСАНА МАКЕДОНИЈА ДОО - СКОПЈЕ - ",,630,"Нега и заштита > Коса",,,,,,,,,,,,0,,0,150,151,,,,,,,,,,,,,,,,,,,,,,,,,,,,,,,,,,,,,,,
9390,simple,,"PARUSAN sampon za zeni 200 ml",1,0,visible,,,,,taxable,,0,0,,0,0,,,,,1,"НАТУСАНА МАКЕДОНИЈА ДОО - СКОПЈЕ - ",,630,"Нега и заштита > Коса",,,,,,,,,,,,0,,0,227,228,,,,,,,,,,,,,,,,,,,,,,,,,,,,,,,,,,,,,,,
9391,simple,,"PAVLOVICEVA ORIGINALNA mast 100 ml",1,0,visible,,,,,taxable,,1,4,,0,0,,,,,1,DRPA,,280,"Бебешка програма > Бебешка козметика",,,,,,,,,,,,0,,0,312,313,,,,,,,,,,,,,,,,,,,,,,,,,,,,,,,,,,,,,,,
9392,simple,,"PAVLOVICEVA so peru balsam mast 50 ml (FITOFARM)",1,0,visible,,,,,taxable,,1,2,,0,0,,,,,0,FITOFARM,,78,"Бебешка програма > Бебешка козметика",,,,,,,,,,,,0,Fitofarm,0,465,466,,,,,,,,,,,,,,,,,,,,,,,,,,,,,,,,,,,,,,,
9393,simple,,"PEDACET sampon protiv voski 60ml",1,0,visible,,,,,taxable,,1,1,,0,0,,,,,1,ALKALOID,,120,"Нега и заштита > Коса",,,,,,,,,,,,0,,0,341,342,,,,,,,,,,,,,,,,,,,,,,,,,,,,,,,,,,,,,,,
9394,simple,,"PELIKAN hanzaplast x10",1,0,visible,,,,,taxable,,1,861,,0,0,,,,,1,"BUSINESS HOUSE",,300,"Медицински помагала",,,,,,,,,,,,0,,0,193,194,,,,,,,,,,,,,,,,,,,,,,,,,,,,,,,,,,,,,,,
9395,simple,,"PERSEN FORTE cps.",1,0,visible,,,,,taxable,reduced-rate,1,1,,0,0,,,,,1,"LEK OTC",,280,"Витамини и суплементи > Заштита на нервниот систем",,,,,,,,,,,,0,,0,235,236,,,,,,,,,,,,,,,,,,,,,,,,,,,,,,,,,,,,,,,
9396,simple,,"PERSKINDOL COOL GEL 100ml.",1,0,visible,,,,,taxable,,0,0,,0,0,,,,,1,BAYER,,"660,001848","Против болка",,,,,,,,,,,,0,,0,279,280,,,,,,,,,,,,,,,,,,,,,,,,,,,,,,,,,,,,,,,
9397,simple,,"PFERDEBALSAM  ZELEN BALSAM 250ml- BONES",1,0,visible,,,,,taxable,,1,1,,0,0,,,,,1,"BONES FARM",,130,"Против болка",,,,,,,,,,,,0,,0,154,155,,,,,,,,,,,,,,,,,,,,,,,,,,,,,,,,,,,,,,,
9398,simple,,"PFERDEBALSAM CRVEN STRONG 250ml - konjski balsam",1,0,visible,,,,,taxable,,1,1,,0,0,,,,,1,"BONES FARM",,140,"Против болка",,,,,,,,,,,,0,,0,225,226,,,,,,,,,,,,,,,,,,,,,,,,,,,,,,,,,,,,,,,
9399,simple,,"PFERDEBALSAM ZELEN BALSAM 500ml- BONES",1,0,visible,,,,,taxable,,1,1,,0,0,,,,,1,"BONES FARM",,200,"Против болка",,,,,,,,,,,,0,,0,218,219,,,,,,,,,,,,,,,,,,,,,,,,,,,,,,,,,,,,,,,
9400,simple,,"PHARMADOKT cupalka",1,0,visible,,,,,taxable,,0,0,,0,0,,,,,1,PHARMADOKT,,130,"Медицински помагала",,,,,,,,,,,,0,,0,107,108,,,,,,,,,,,,,,,,,,,,,,,,,,,,,,,,,,,,,,,
9401,simple,,"PHLEBODIA film obl.tbl. 15 x 600 mg",1,0,visible,,,,,taxable,reduced-rate,1,2,,0,0,,,,,1,SEPTIMA,,440,"Витамини и суплементи > Заштита на срце и крвни садови",,,,,,,,,,,,0,,0,514,515,,,,,,,,,,,,,,,,,,,,,,,,,,,,,,,,,,,,,,,
9403,simple,,"PHYSIO MICELL SOL SENS 200ML",1,0,visible,,,,,taxable,,0,0,,0,0,,,,,1,UVOZ,,649,"Нега и заштита > Кожа",,,,,,,,,,,,0,,0,146,147,,classic-editor,,,,,,,,,,,,,,,,,,,,,,,,,,,,,,,,,,,,,
9405,simple,,"PICO LAX SIRUP 150 ML",1,0,visible,,,,,taxable,,1,2,,0,0,,,,,0,"ФЕНИКС ФАРМА - СКОПЈЕ",,620,"Витамини и суплементи",,,,,,,,,,,,0,"DS Natural",0,300,301,,,,,,,,,,,,,,,,,,,,,,,,,,,,,,,,,,,,,,,
9406,simple,,"PICO MULTIVIT GTT 12ML",1,0,visible,,,,,taxable,reduced-rate,1,3,,0,0,,,,,0,UVOZ,,330,"Витамини и суплементи",,,,,,,,,,,,0,"DS Natural",0,185,186,,,,,,,,,,,,,,,,,,,,,,,,,,,,,,,,,,,,,,,
9408,simple,,"PIKOVIT forte 7+ tbl.x 30",1,0,visible,,,,,taxable,reduced-rate,1,3,,0,0,,,,,1,KRKA,,210,"Витамини и суплементи",,,,,,,,,,,,0,,0,159,160,,,,,,,,,,,,,,,,,,,,,,,,,,,,,,,,,,,,,,,
9409,simple,,"PIKOVIT pastili 4+ x 30",1,0,visible,,,,,taxable,reduced-rate,1,3,,0,0,,,,,1,KRKA,,150,"Витамини и суплементи",,,,,,,,,,,,0,,0,224,225,,,,,,,,,,,,,,,,,,,,,,,,,,,,,,,,,,,,,,,
9410,simple,,"PIKOVIT sirup 150 ml",1,0,visible,,,,,taxable,reduced-rate,0,0,,0,0,,,,,1,KRKA,,180,"Витамини и суплементи",,,,,,,,,,,,0,,0,171,172,,,,,,,,,,,,,,,,,,,,,,,,,,,,,,,,,,,,,,,
9411,simple,,"PILFUD losion 1 x 60 ml (5%)",1,0,visible,,,,,taxable,reduced-rate,1,1,,0,0,,,,,1,BOSNALIJEK,,815,"Нега и заштита > Коса",,,,,,,,,,,,0,,0,308,309,,,,,,,,,,,,,,,,,,,,,,,,,,,,,,,,,,,,,,,
9412,simple,,"PIVSKI KVASEC BETAVITEVIT tbl x 40",1,0,visible,,,,,taxable,reduced-rate,1,2,,0,0,,,,,1,FLOG,,170,"Витамини и суплементи",,,,,,,,,,,,0,,0,151,152,,,,,,,,,,,,,,,,,,,,,,,,,,,,,,,,,,,,,,,
9413,simple,,"PLIVIT C tbl. 250 x 500 mg",1,0,visible,,,,,taxable,reduced-rate,0,0,,0,0,,,,,1,"PLIVA OTC",,750,"Витамини и суплементи > Имунитет",,,,,,,,,,,,0,,0,161,162,,,,,,,,,,,,,,,,,,,,,,,,,,,,,,,,,,,,,,,
9414,simple,,"PLIVIT C tbl. 30 x 50 mg",1,0,visible,,,,,taxable,reduced-rate,1,4,,0,0,,,,,1,"PLIVA OTC",,60,"Витамини и суплементи > Имунитет",,,,,,,,,,,,0,,0,165,166,,,,,,,,,,,,,,,,,,,,,,,,,,,,,,,,,,,,,,,
9415,simple,,"PLIVIT C tbl. 500 mg x 60",1,0,visible,,,,,taxable,reduced-rate,1,8,,0,0,,,,,1,"PLIVA OTC",,210,"Витамини и суплементи > Имунитет",,,,,,,,,,,,0,,0,326,327,,,,,,,,,,,,,,,,,,,,,,,,,,,,,,,,,,,,,,,
9416,simple,,"PM-GINKOMED cps.30 x 100mg",1,0,visible,,,,,taxable,reduced-rate,0,0,,0,0,,,,,1,PHARMAMED,,"225,036","Витамини и суплементи > Заштита на нервниот систем",,,,,,,,,,,,0,,0,266,267,,,,,,,,,,,,,,,,,,,,,,,,,,,,,,,,,,,,,,,
9417,simple,,"PM-UROGOLD CAJ filter x 20",1,0,visible,,,,,taxable,reduced-rate,0,0,,0,0,,,,,1,PHARMAMED,,115,"Витамини и суплементи > Уринарен систем",,,,,,,,,,,,0,,0,218,219,,,,,,,,,,,,,,,,,,,,,,,,,,,,,,,,,,,,,,,
9418,simple,,"POTASSIUM-U sol 10ml",1,0,visible,,,,,taxable,reduced-rate,1,1,,0,0,,,,,1,UNIMED,,360,"Витамини и суплементи > Препарати за око",,,,,,,,,,,,0,,0,391,392,,,,,,,,,,,,,,,,,,,,,,,,,,,,,,,,,,,,,,,
9420,simple,,"POX CLIN PENA 100 ML",1,0,visible,,,,,taxable,,1,1,,0,0,,,,,1,UVOZ,,"642,00024","Нега и заштита > Кожа",,,,,,,,,,,,0,,0,236,237,,,,,,,,,,,,,,,,,,,,,,,,,,,,,,,,,,,,,,,
9421,simple,,"PREMAMA duo 30 tbl",1,0,visible,,,,,taxable,reduced-rate,1,1,,0,0,,,,,1,"ALKALOID OTC",,840,"Витамини и суплементи > Витамини за трудници и доилки",,,,,,,,,,,,0,,0,233,234,,,,,,,,,,,,,,,,,,,,,,,,,,,,,,,,,,,,,,,
9422,simple,,"PRIMULA sirup 120 gr",1,0,visible,,,,,taxable,reduced-rate,1,1,,0,0,,,,,1,FITOFARM,,100,"Настинка и грип > Кашлица",,,,,,,,,,,,0,,0,232,233,,,,,,,,,,,,,,,,,,,,,,,,,,,,,,,,,,,,,,,
9423,simple,,"PROAFTOL sprej",1,0,visible,,,,,taxable,,1,1,,0,0,,,,,1,APIMEL,,400,"Дентална програма",,,,,,,,,,,,0,,0,305,306,,,,,,,,,,,,,,,,,,,,,,,,,,,,,,,,,,,,,,,
9425,simple,,"PROANGI sprej",1,0,visible,,,,,taxable,,1,3,,0,0,,,,,1,APIMEL,,"340,3356","Настинка и грип > Грло",,,,,,,,,,,,0,,0,251,252,,,,,,,,,,,,,,,,,,,,,,,,,,,,,,,,,,,,,,,
9426,simple,,"PROBALANS cps. x 20",1,0,visible,,,,,taxable,reduced-rate,1,1,,0,0,,,,,1,PHARMAS,,450,"Витамини и суплементи > Дигестивен тракт и пробиотици",,,,,,,,,,,,0,,0,205,206,,,,,,,,,,,,,,,,,,,,,,,,,,,,,,,,,,,,,,,
9428,simple,,"PROBEBI BRONHI sol. 10 ml",1,0,visible,,,,,taxable,,0,0,,0,0,,,,,1,APIMEL,,124,"Настинка и грип > Кашлица",,,,,,,,,,,,0,,0,148,149,,,,,,,,,,,,,,,,,,,,,,,,,,,,,,,,,,,,,,,
9429,simple,,"PROBIO CHOCO+C+Zn X 20 TBL ZA ZVAKANJE 4U PHARMA",1,0,visible,,,,,taxable,reduced-rate,0,0,,0,0,,,,,0,UVOZ,,370,"Витамини и суплементи > Дигестивен тракт и пробиотици",,,,,,,,,,,,0,"4U Pharma",0,330,331,,,,,,,,,,,,,,,,,,,,,,,,,,,,,,,,,,,,,,,
9430,simple,,"PROBIOTIC FORTE caps. x 10",1,0,visible,,,,,taxable,reduced-rate,1,1,,0,0,,,,,1,"IVANCIC I SINOVI",,330,"Витамини и суплементи > Дигестивен тракт и пробиотици",,,,,,,,,,,,0,,0,179,180,,,,,,,,,,,,,,,,,,,,,,,,,,,,,,,,,,,,,,,
9431,simple,,"PROBOTALIFE BABY ORIGANO NASAL sol 10ml.",1,0,visible,,,,,taxable,,1,1,,0,0,,,,,1,GALENIUS,,100,"Настинка и грип > Нос",,,,,,,,,,,,0,,0,182,183,,,,,,,,,,,,,,,,,,,,,,,,,,,,,,,,,,,,,,,
9432,simple,,"PROBOTALIFE BABY ORIGANO NASAL spray 30ml",1,0,visible,,,,,taxable,,1,2,,0,0,,,,,1,GALENIUS,,210,"Настинка и грип > Нос",,,,,,,,,,,,0,,0,505,506,,,,,,,,,,,,,,,,,,,,,,,,,,,,,,,,,,,,,,,
9433,simple,,"PROBOTALIFE HYPERTONIC ORIGANO NASAL spray 30ml.",1,0,visible,,,,,taxable,,1,3,,0,0,,,,,1,GALENIUS,,200,"Настинка и грип > Нос",,,,,,,,,,,,0,,0,381,382,,,,,,,,,,,,,,,,,,,,,,,,,,,,,,,,,,,,,,,
9434,simple,,"PROBOTALIFE origano maslo 10ml.",1,0,visible,,,,,taxable,reduced-rate,1,1,,0,0,,,,,1,"INTEGRAL DOOEL",,720,"Настинка и грип > Нос",,,,,,,,,,,,0,,0,228,229,,,,,,,,,,,,,,,,,,,,,,,,,,,,,,,,,,,,,,,
9435,simple,,"PROBOTALIFE SEPTL ORIGANO sprej za usta 30ml",1,0,visible,,,,,taxable,,1,1,,0,0,,,,,1,GALENIUS,,210,"Настинка и грип > Грло",,,,,,,,,,,,0,,0,442,443,,,,,,,,,,,,,,,,,,,,,,,,,,,,,,,,,,,,,,,
9436,simple,,"PROBRONHI sol.",1,0,visible,,,,,taxable,,0,0,,0,0,,,,,1,APIMEL,,125,"Настинка и грип > Кашлица",,,,,,,,,,,,0,,0,202,203,,,,,,,,,,,,,,,,,,,,,,,,,,,,,,,,,,,,,,,
9437,simple,,"PROCULIN CPS X 30",1,0,visible,,,,,taxable,reduced-rate,1,4,,0,0,,,,,1,"ALKALOID OTC",,620,"Витамини и суплементи > Препарати за око",,,,,,,,,,,,0,,0,154,155,,,,,,,,,,,,,,,,,,,,,,,,,,,,,,,,,,,,,,,
9438,simple,,"PROCULIN LENS CARE r-r za leki 400ml",1,0,visible,,,,,taxable,,0,0,,0,0,,,,,1,ALKALOID,,455,"Витамини и суплементи > Препарати за око",,,,,,,,,,,,0,,0,168,169,,,,,,,,,,,,,,,,,,,,,,,,,,,,,,,,,,,,,,,
9439,simple,,"PROCULIN R-R ZA LEKI - TRAVEL 100 ML",1,0,visible,,,,,taxable,,0,0,,0,0,,,,,1,"ALKALOID OTC",,170,"Витамини и суплементи > Препарати за око",,,,,,,,,,,,0,,0,160,161,,,,,,,,,,,,,,,,,,,,,,,,,,,,,,,,,,,,,,,
9440,simple,,"PROCULIN sol. 10 ml (0,3 mg + 15 mg)/ml",1,0,visible,,,,,taxable,reduced-rate,1,3,,0,0,,,,,1,ALKALOID,,160,"Витамини и суплементи > Препарати за око",,,,,,,,,,,,0,,0,232,233,,,,,,,,,,,,,,,,,,,,,,,,,,,,,,,,,,,,,,,
9441,simple,,"PROCULIN Tears ADVANCE 10ml",1,0,visible,,,,,taxable,reduced-rate,1,3,,0,0,,,,,1,"ALKALOID OTC",,220,"Витамини и суплементи > Препарати за око",,,,,,,,,,,,0,,0,214,215,,,,,,,,,,,,,,,,,,,,,,,,,,,,,,,,,,,,,,,
9442,simple,,"PROGASTAL sol.",1,0,visible,,,,,taxable,,1,1,,0,0,,,,,1,APIMEL,,130,"Витамини и суплементи > Дигестивен тракт и пробиотици",,,,,,,,,,,,0,,0,167,168,,,,,,,,,,,,,,,,,,,,,,,,,,,,,,,,,,,,,,,
9443,simple,,"PROLIFE cps.x 20",1,0,visible,,,,,taxable,reduced-rate,0,0,,0,0,,,,,1,JADRAN,,330,"Витамини и суплементи > Дигестивен тракт и пробиотици",,,,,,,,,,,,0,,0,206,207,,,,,,,,,,,,,,,,,,,,,,,,,,,,,,,,,,,,,,,
9444,simple,,"PROLIFE ENZIMI cps x 30",1,0,visible,,,,,taxable,reduced-rate,0,0,,0,0,,,,,1,JADRAN,,340,"Витамини и суплементи > Дигестивен тракт и пробиотици",,,,,,,,,,,,0,,0,199,200,,,,,,,,,,,,,,,,,,,,,,,,,,,,,,,,,,,,,,,
9445,simple,,"PROLIFE pastili x 24",1,0,visible,,,,,taxable,reduced-rate,1,31,,0,0,,,,,1,JADRAN,,380,"Витамини и суплементи > Дигестивен тракт и пробиотици",,,,,,,,,,,,0,,0,218,219,,,,,,,,,,,,,,,,,,,,,,,,,,,,,,,,,,,,,,,
9446,simple,,"PROLIFE sol.7 x 10 ml",1,0,visible,,,,,taxable,reduced-rate,1,20,,0,0,,,,,1,JADRAN,,365,"Витамини и суплементи > Дигестивен тракт и пробиотици",,,,,,,,,,,,0,,0,329,330,,,,,,,,,,,,,,,,,,,,,,,,,,,,,,,,,,,,,,,
9447,simple,,"PROLIFE VIS susp. 7x8ml",1,0,visible,,,,,taxable,,0,0,,0,0,,,,,1,JADRAN,,482,"Витамини и суплементи > Дигестивен тракт и пробиотици",,,,,,,,,,,,0,,0,310,311,,,,,,,,,,,,,,,,,,,,,,,,,,,,,,,,,,,,,,,
9448,simple,,"PROPOBAZA GEL. 20 ML",1,0,visible,,,,,taxable,,0,0,,0,0,,,,,1,UVOZ,,220,"Нега и заштита > Кожа",,,,,,,,,,,,0,,0,135,136,,,,,,,,,,,,,,,,,,,,,,,,,,,,,,,,,,,,,,,
9449,simple,,"PROPOLIS 5% bezalh.r-r za deca 15 ml",1,0,visible,,,,,taxable,,1,2,,0,0,,,,,1,FITOFARM,,100,"Витамини и суплементи > Имунитет",,,,,,,,,,,,0,,0,338,339,,,,,,,,,,,,,,,,,,,,,,,,,,,,,,,,,,,,,,,
9450,simple,,"PROPOLIS DENTALEN gel za deca 20ml.",1,0,visible,,,,,taxable,,1,1,,0,0,,,,,1,FITOFARM,,100,"Дентална програма",,,,,,,,,,,,0,,0,157,158,,,,,,,,,,,,,,,,,,,,,,,,,,,,,,,,,,,,,,,
9451,simple,,"PROPOLIS DENTALEN gel za vozrasni 20ml.",1,0,visible,,,,,taxable,,1,2,,0,0,,,,,1,FITOFARM,,"130,10208","Дентална програма",,,,,,,,,,,,0,,0,203,204,,,,,,,,,,,,,,,,,,,,,,,,,,,,,,,,,,,,,,,
9452,simple,,"PROPOLIS SPREJ za usta 30ml.",1,0,visible,,,,,taxable,,1,1,,0,0,,,,,1,FITOFARM,,220,"Настинка и грип > Грло",,,,,,,,,,,,0,,0,211,212,,,,,,,,,,,,,,,,,,,,,,,,,,,,,,,,,,,,,,,
9453,simple,,"PROSPAN sirup 100 ml",1,0,visible,,,,,taxable,reduced-rate,0,0,,0,0,,,,,0,FABR,,330,"Настинка и грип > Кашлица",,,https://lifeline.mk/wp-content/uploads/2021/11/prospan.jpg,,,,,,,,,0,Engelhard,0,466,467,,,,,,,,,,,,,,,,,,,,,,,,,,,,,,,,,,,,,,,
9454,simple,,"PROSTAMAX CPS. X30",1,0,visible,,,,,taxable,reduced-rate,1,2,,0,0,,,,,1,FORTEX,,500,"Витамини и суплементи > Уринарен систем",,,,,,,,,,,,0,,0,342,343,,,,,,,,,,,,,,,,,,,,,,,,,,,,,,,,,,,,,,,
9455,simple,,"PROSTAMIN 30tbl.",1,0,visible,,,,,taxable,reduced-rate,0,0,,0,0,,,,,1,"RIFAM DOO",,230,"Витамини и суплементи > Уринарен систем",,,,,,,,,,,,0,,0,237,238,,,,,,,,,,,,,,,,,,,,,,,,,,,,,,,,,,,,,,,
9456,simple,,"PROSTAPIL cps.X30",1,0,visible,,,,,taxable,reduced-rate,0,0,,0,0,,,,,1,"FARMAS MN",,348,"Витамини и суплементи > Уринарен систем",,,,,,,,,,,,0,,0,178,179,,,,,,,,,,,,,,,,,,,,,,,,,,,,,,,,,,,,,,,
9458,simple,,"PROTECT GEL ANTISEPTIC 75ML",1,0,visible,,,,,taxable,reduced-rate,0,0,,0,0,,,,,1,FITOFARM,,80,"Нега и заштита > Средства за дезинфекција",,,,,,,,,,,,0,,0,171,172,,,,,,,,,,,,,,,,,,,,,,,,,,,,,,,,,,,,,,,
9459,simple,,"PVC TALK S pregledni rakavici",1,0,visible,,,,,taxable,,0,0,,0,0,,,,,1,PRIM,,"223,02","Медицински помагала",,,,,,,,,,,,0,,0,128,129,,,,,,,,,,,,,,,,,,,,,,,,,,,,,,,,,,,,,,,
9460,simple,,"RAID sprej za letecki insekti 400 ml",1,0,visible,,,,,taxable,reduced-rate,0,0,,0,0,,,,,1,RAID,,160,"Нега и заштита > Средства за дезинфекција",,,,,,,,,,,,0,,0,190,191,,,,,,,,,,,,,,,,,,,,,,,,,,,,,,,,,,,,,,,
9461,simple,,"RAKAVICI  M BEZ TALK NITRILNI X300",1,0,visible,,,,,taxable,,0,0,,0,0,,,,,1,UVOZ,,2250,"Медицински помагала",,,,,,,,,,,,0,,0,162,163,,,,,,,,,,,,,,,,,,,,,,,,,,,,,,,,,,,,,,,
9462,simple,,"RAKAVICI L LATEX LOW POWDERED X 100",1,0,visible,,,,,taxable,,0,0,,0,0,,,,,1,UVOZ,,750,"Медицински помагала",,,,,,,,,,,,0,,0,128,129,,,,,,,,,,,,,,,,,,,,,,,,,,,,,,,,,,,,,,,
9463,simple,,"RAKAVICI -L latex so talk x100",1,0,visible,,,,,taxable,,0,0,,0,0,,,,,1,"ALKALOID BEROVO",,750,"Медицински помагала",,,,,,,,,,,,0,,0,129,130,,,,,,,,,,,,,,,,,,,,,,,,,,,,,,,,,,,,,,,
9464,simple,,"RAKAVICI L SO TALK  IRONSKIN X100",1,0,visible,,,,,taxable,,1,,,0,0,,,,,1,UVOZ,,"'-147,00","Медицински помагала",,,,,,,,,,,,0,,0,138,139,,,,,,,,,,,,,,,,,,,,,,,,,,,,,,,,,,,,,,,
9465,simple,,"RAKAVICI- L so talk X100",1,0,visible,,,,,taxable,,0,0,,0,0,,,,,1,"ALKALOID BEROVO",,400,"Медицински помагала",,,,,,,,,,,,0,,0,132,133,,,,,,,,,,,,,,,,,,,,,,,,,,,,,,,,,,,,,,,
9466,simple,,"RAKAVICI -M latex so talk x100",1,0,visible,,,,,taxable,,0,0,,0,0,,,,,1,"ALKALOID BEROVO",,750,"Медицински помагала",,,,,,,,,,,,0,,0,295,296,,,,,,,,,,,,,,,,,,,,,,,,,,,,,,,,,,,,,,,
9467,simple,,"RAKAVICI M SO TALK IRONSKIN X100",1,0,visible,,,,,taxable,,1,,,0,0,,,,,1,UVOZ,,"59685,00","Медицински помагала",,,,,,,,,,,,0,,0,142,143,,,,,,,,,,,,,,,,,,,,,,,,,,,,,,,,,,,,,,,
9468,simple,,"RAKAVICI -M so talk x100",1,0,visible,,,,,taxable,,0,0,,0,0,,,,,1,"ALKALOID BEROVO",,750,"Медицински помагала",,,,,,,,,,,,0,,0,143,144,,,,,,,,,,,,,,,,,,,,,,,,,,,,,,,,,,,,,,,
9469,simple,,"RAKAVICI MYGUARD - L x 100",1,0,visible,,,,,taxable,,0,0,,0,0,,,,,1,BAYER,,750,"Медицински помагала",,,,,,,,,,,,0,,0,137,138,,,,,,,,,,,,,,,,,,,,,,,,,,,,,,,,,,,,,,,
9470,simple,,"RAKAVICI MYGUARD - M x 100",1,0,visible,,,,,taxable,,0,0,,0,0,,,,,1,BAYER,,750,"Медицински помагала",,,,,,,,,,,,0,,0,119,120,,,,,,,,,,,,,,,,,,,,,,,,,,,,,,,,,,,,,,,
9471,simple,,"RAKAVICI NITRILNI BEZ TALK L X100",1,0,visible,,,,,taxable,,0,0,,0,0,,,,,1,UVOZ,,750,"Медицински помагала",,,,,,,,,,,,0,,0,166,167,,,,,,,,,,,,,,,,,,,,,,,,,,,,,,,,,,,,,,,
9472,simple,,"RAKAVICI NOVI L",1,0,visible,,,,,taxable,,0,0,,0,0,,,,,1,UVOZ,,500,"Медицински помагала",,,,,,,,,,,,0,,0,164,165,,,,,,,,,,,,,,,,,,,,,,,,,,,,,,,,,,,,,,,
9473,simple,,"RAKAVICI SAFEPLUS- S-bez talk x 100",1,0,visible,,,,,taxable,,0,0,,0,0,,,,,1,UVOZ,,278,"Медицински помагала",,,,,,,,,,,,0,,0,125,126,,,,,,,,,,,,,,,,,,,,,,,,,,,,,,,,,,,,,,,
9474,simple,,"RAKAVICI TALK S LATEX X 100",1,0,visible,,,,,taxable,,0,0,,0,0,,,,,1,ROMED,,300,"Медицински помагала",,,,,,,,,,,,0,,0,119,120,,,,,,,,,,,,,,,,,,,,,,,,,,,,,,,,,,,,,,,
9475,simple,,"RAKAVICI ZENSE BEZ TALK LATEKS M X 100",1,0,visible,,,,,taxable,,0,0,,0,0,,,,,1,UVOZ,,"402,995252","Медицински помагала",,,,,,,,,,,,0,,0,157,158,,,,,,,,,,,,,,,,,,,,,,,,,,,,,,,,,,,,,,,
9476,simple,,"RAKAVICI ZENSE L BEZ TALK X 100",1,0,visible,,,,,taxable,,0,0,,0,0,,,,,1,UVOZ,,750,"Медицински помагала",,,,,,,,,,,,0,,0,104,105,,,,,,,,,,,,,,,,,,,,,,,,,,,,,,,,,,,,,,,
9477,simple,,"RAPIDOL softgel cps. 10 x 400 mg",1,0,visible,,,,,taxable,reduced-rate,1,3,,0,0,,,,,1,UPSA,,100,"Против болка",,,,,,,,,,,,0,,0,316,317,,,,,,,,,,,,,,,,,,,,,,,,,,,,,,,,,,,,,,,
9478,simple,,"RAPIDOL softgel cps. 20 x 200 mg",1,0,visible,,,,,taxable,reduced-rate,1,5,,0,0,,,,,1,UPSA,,125,"Против болка",,,,,,,,,,,,0,,0,218,219,,,,,,,,,,,,,,,,,,,,,,,,,,,,,,,,,,,,,,,
9479,simple,,"RAPTEN-K DRG.10X50MG.",1,0,visible,,,,,taxable,reduced-rate,0,0,,0,0,,,,,1,HEMOFARM,,"38,98","Против болка",,,,,,,,,,,,0,,0,229,230,,,,,,,,,,,,,,,,,,,,,,,,,,,,,,,,,,,,,,,
9480,simple,,"RECEPT PR.PERUT INT. I BALANS sampon 400 ml",1,0,visible,,,,,taxable,,1,1,,0,0,,,,,1,RECEPT,,300,"Нега и заштита > Коса",,,,,,,,,,,,0,,0,152,153,,,,,,,,,,,,,,,,,,,,,,,,,,,,,,,,,,,,,,,
9481,simple,,"RECEPT SAMPON ZA ZAJAKNUVANJE-ENERGETIK",1,0,visible,,,,,taxable,,1,1,,0,0,,,,,1,SUBRINA,,"295,0346448","Нега и заштита > Коса",,,,,,,,,,,,0,,0,182,183,,,,,,,,,,,,,,,,,,,,,,,,,,,,,,,,,,,,,,,
9482,simple,,"RECTOSTOP original mast 50ml",1,0,visible,,,,,taxable,,0,0,,0,0,,,,,1,"RIFAM DOO",,170,"Нега и заштита > Кожа",,,,,,,,,,,,0,,0,136,137,,,,,,,,,,,,,,,,,,,,,,,,,,,,,,,,,,,,,,,
9483,simple,,"RECUGEL GEL za ochi 10gr",1,0,visible,,,,,taxable,reduced-rate,1,3,,0,0,,,,,1,UVOZ,,320,"Витамини и суплементи > Препарати за око",,,,,,,,,,,,0,,0,347,348,,,,,,,,,,,,,,,,,,,,,,,,,,,,,,,,,,,,,,,
9484,simple,,"REDRINGS Noktarica golema RED126",1,0,visible,,,,,taxable,,1,1,,0,0,,,,,1,DOCTOR\'S,,180,"Медицински помагала",,,,,,,,,,,,0,,0,179,180,,,,,,,,,,,,,,,,,,,,,,,,,,,,,,,,,,,,,,,
9485,simple,,"REDUPETIN krem 20ml",1,0,visible,,,,,taxable,,1,1,,0,0,,,,,1,NATUSANA,,485,"Нега и заштита > Кожа",,,,,,,,,,,,0,,0,182,183,,,,,,,,,,,,,,,,,,,,,,,,,,,,,,,,,,,,,,,
9486,simple,,"REGINA DIV KOSTEN I CRVEN LOZOV LIST krema 250 ml",1,0,visible,,,,,taxable,,1,1,,0,0,,,,,1,REGINA,,180,"Витамини и суплементи > Заштита на срце и крвни садови",,,,,,,,,,,,0,,0,314,315,,,,,,,,,,,,,,,,,,,,,,,,,,,,,,,,,,,,,,,
9487,simple,,"RELAX 30 ML za mazi",1,0,visible,,,,,taxable,,0,0,,0,0,,,,,1,"БИРН 2002 ДООЕЛ",,160,"Медицински помагала",,,,,,,,,,,,0,,0,161,162,,,,,,,,,,,,,,,,,,,,,,,,,,,,,,,,,,,,,,,
9488,simple,,"RELAX 30 ML za zeni",1,0,visible,,,,,taxable,,0,0,,0,0,,,,,1,"БИРН 2002 ДООЕЛ",,160,"Медицински помагала",,,,,,,,,,,,0,,0,143,144,,,,,,,,,,,,,,,,,,,,,,,,,,,,,,,,,,,,,,,
9489,simple,,"RESEPT GEL ZA DEZINFEKCIJA 500ml",1,0,visible,,,,,taxable,reduced-rate,1,1,,0,0,,,,,1,"REPLEK FARM OTC",,270,"Нега и заштита > Средства за дезинфекција",,,,,,,,,,,,0,,0,181,182,,,,,,,,,,,,,,,,,,,,,,,,,,,,,,,,,,,,,,,
9490,simple,,"RESEPT SPRAY 80ml",1,0,visible,,,,,taxable,reduced-rate,0,0,,0,0,,,,,1,"REPLEK FARM OTC",,100,"Нега и заштита > Средства за дезинфекција",,,,,,,,,,,,0,,0,180,181,,,,,,,,,,,,,,,,,,,,,,,,,,,,,,,,,,,,,,,
9491,simple,,"RESEPT ZA DEZINFEKCIJA 500ml",1,0,visible,,,,,taxable,reduced-rate,1,1,,0,0,,,,,1,"REPLEK FARM OTC",,240,"Нега и заштита > Средства за дезинфекција",,,,,,,,,,,,0,,0,165,166,,,,,,,,,,,,,,,,,,,,,,,,,,,,,,,,,,,,,,,
9492,simple,,"REVALID ANTI AGING FLUID 100ml",1,0,visible,,,,,taxable,,1,1,,0,0,,,,,0,"<p>UVOZ</p>
",,1620,"Нега и заштита > Коса, Нега и заштита",,,https://lifeline.mk/wp-content/uploads/2021/11/Ewopharma-Revalid-Packshots-TopView-ThinningHair-Fluid_Combine-1200x1200px.jpg,,,,,,,,,0,Revalid,0,234,235,,,,,,,,,,,,,,,,,,,,,,,,,,,,,,,,,,,,,,,
9493,simple,,"REVALID ANTI AGING SHAMPOO 200ml",1,0,visible,,,,,taxable,,1,,,0,0,,,,,0,"<p>UVOZ</p>
",,990,"Нега и заштита > Коса, Нега и заштита",,,https://lifeline.mk/wp-content/uploads/2021/11/Ewopharma-Revalid-Packshots-TopView-ThinningHair-Shampoo_Combine-1200x1200px.jpg,,,,,,,,,0,Revalid,0,190,191,,,,,,,,,,,,,,,,,,,,,,,,,,,,,,,,,,,,,,,
9494,simple,,"REVALID NUTRI REPAIR MASK 150ML",1,0,visible,,,,,taxable,,0,,,0,0,,,,,0,"<p>UVOZ</p>
",,650,"Нега и заштита > Коса, Нега и заштита",,,https://lifeline.mk/wp-content/uploads/2021/11/1581634207-revalid-haircare-repair-mask-persp-2019.jpg,,,,,,,,,0,Revalid,0,191,192,,,,,,,,,,,,,,,,,,,,,,,,,,,,,,,,,,,,,,,
9495,simple,,"Revalid regeneratot 250 ml",1,0,visible,,,,,taxable,,1,1,,notify,0,,,,,0,"<p>ФЕНИКС ФАРМА - СКОПЈЕ</p>
",,760,"Нега и заштита > Коса, Нега и заштита",,,https://lifeline.mk/wp-content/uploads/2021/11/revalid-kondicioner-250-ml-2304415-1000x1000-fit.jpg,,,,,,,,,0,Revalid,0,89,90,,,,,,,,,,,,,,,,,,,,,,,,,,,,,,,,,,,,,,,
9496,simple,,"REVALID SERUM protiv opaganje 50ml",1,0,visible,,,,,taxable,,1,1,,0,0,,,,,0,"<p>ФЕНИКС ФАРМА - СКОПЈЕ</p>
",,2080,"Нега и заштита > Коса, Нега и заштита",,,https://lifeline.mk/wp-content/uploads/2021/11/revalid-regrowth-serum-pro-hustotu-vlasu-50-ml.jpg.big_.jpg,,,,,,,,,0,Revalid,0,294,295,,,,,,,,,,,,,,,,,,,,,,,,,,,,,,,,,,,,,,,
9497,simple,,"REVALID SHAMPON protiv opaganje 200ml",1,0,visible,,,,,taxable,,1,,,0,0,,,,,0,"<p>ФЕНИКС ФАРМА - СКОПЈЕ</p>
",,990,"Нега и заштита > Коса, Нега и заштита",,,https://lifeline.mk/wp-content/uploads/2021/11/Revalid-Stimulating-Shampoo.jpg,,,,,,,,,0,Revalid,0,290,291,,,,,,,,,,,,,,,,,,,,,,,,,,,,,,,,,,,,,,,
9498,simple,,"REVUAR - katalog za lakovi plastichen",1,0,visible,,,,,taxable,,1,2,,0,0,,,,,1,"СПАСИЌ- ГРУП ДООЕЛ",,"0,01","Нега и заштита > Коса",,,,,,,,,,,,0,,0,140,141,,,,,,,,,,,,,,,,,,,,,,,,,,,,,,,,,,,,,,,
9499,simple,,"REVUAR - polica golema",1,0,visible,,,,,taxable,,1,1,,0,0,,,,,1,"СПАСИЌ- ГРУП ДООЕЛ",,"0,01","Нега и заштита > Кожа",,,,,,,,,,,,0,,0,143,144,,,,,,,,,,,,,,,,,,,,,,,,,,,,,,,,,,,,,,,
9500,simple,,"REVUAR - polica za karmini",1,0,visible,,,,,taxable,,1,1,,0,0,,,,,1,"СПАСИЌ- ГРУП ДООЕЛ",,"0,01","Нега и заштита > Кожа",,,,,,,,,,,,0,,0,225,226,,,,,,,,,,,,,,,,,,,,,,,,,,,,,,,,,,,,,,,
9501,simple,,"REVUAR - polica/plastichna za karmin SOFT/MAT",1,0,visible,,,,,taxable,,1,1,,0,0,,,,,1,"СПАСИЌ- ГРУП ДООЕЛ",,"0,01","Нега и заштита > Кожа",,,,,,,,,,,,0,,0,155,156,,,,,,,,,,,,,,,,,,,,,,,,,,,,,,,,,,,,,,,
9502,simple,,"REVUAR - tester za techen karmin LONG LASTING",1,0,visible,,,,,taxable,,1,7,,0,0,,,,,1,"СПАСИЌ- ГРУП ДООЕЛ",,"0,01","Нега и заштита > Кожа",,,,,,,,,,,,0,,0,153,154,,,,,,,,,,,,,,,,,,,,,,,,,,,,,,,,,,,,,,,
9503,simple,,"REVUAR - tester za techen karmin SOFT/MAT",1,0,visible,,,,,taxable,,1,4,,0,0,,,,,1,"СПАСИЌ- ГРУП ДООЕЛ",,"0,01","Нега и заштита > Кожа",,,,,,,,,,,,0,,0,146,147,,,,,,,,,,,,,,,,,,,,,,,,,,,,,,,,,,,,,,,
9504,simple,,"REVUAR lak za nokti 50 sec",1,0,visible,,,,,taxable,,1,18,,0,0,,,,,1,"СПАСИЌ- ГРУП ДООЕЛ",,69,"Нега и заштита > Кожа",,,,,,,,,,,,0,,0,174,175,,,,,,,,,,,,,,,,,,,,,,,,,,,,,,,,,,,,,,,
9505,simple,,"REVUAR moliv vodootporen",1,0,visible,,,,,taxable,,1,9,,0,0,,,,,1,"СПАСИЌ- ГРУП ДООЕЛ",,99,"Нега и заштита > Кожа",,,,,,,,,,,,0,,0,127,128,,,,,,,,,,,,,,,,,,,,,,,,,,,,,,,,,,,,,,,
9506,simple,,"REVUAR techen karmin LONG LASTING",1,0,visible,,,,,taxable,,1,20,,0,0,,,,,1,"СПАСИЌ- ГРУП ДООЕЛ",,199,"Нега и заштита > Кожа",,,,,,,,,,,,0,,0,183,184,,,,,,,,,,,,,,,,,,,,,,,,,,,,,,,,,,,,,,,
9507,simple,,"REVUAR techen karmin SOFT MAT",1,0,visible,,,,,taxable,,1,6,,0,0,,,,,1,"СПАСИЌ- ГРУП ДООЕЛ",,159,"Нега и заштита > Кожа",,,,,,,,,,,,0,,0,154,155,,,,,,,,,,,,,,,,,,,,,,,,,,,,,,,,,,,,,,,
9508,simple,,"RHINOSTOP sirup 100 ml (101 mg + 1,01 mg + 20,20 mg)",1,0,visible,,,,,taxable,reduced-rate,0,0,,0,0,,,,,1,BOSNALIJEK,,180,"Настинка и грип > Нос",,,,,,,,,,,,0,,0,245,246,,,,,,,,,,,,,,,,,,,,,,,,,,,,,,,,,,,,,,,
9509,simple,,"RHINOSTOP tbl. 10 x(25,1 mg+2,54 mg +61,20 mg)",1,0,visible,,,,,taxable,reduced-rate,1,31,,0,0,,,,,1,BOSNALIJEK,,140,"Настинка и грип > Нос",,,,,,,,,,,,0,,0,222,223,,,,,,,,,,,,,,,,,,,,,,,,,,,,,,,,,,,,,,,
9510,simple,,"RHODIOLA cps. 500mg/60",1,0,visible,,,,,taxable,reduced-rate,0,0,,0,0,,,,,1,TRIMEKS,,1520,"Витамини и суплементи > Заштита на нервниот систем",,,,,,,,,,,,0,,0,209,210,,,,,,,,,,,,,,,,,,,,,,,,,,,,,,,,,,,,,,,
9511,simple,,"RICINUSOVO maslo 50 ml",1,0,visible,,,,,taxable,,0,0,,0,0,,,,,1,GALAFARM,,100,"Витамини и суплементи > Дигестивен тракт и пробиотици",,,,,,,,,,,,0,,0,216,217,,,,,,,,,,,,,,,,,,,,,,,,,,,,,,,,,,,,,,,
9512,simple,,"RINASEK tbl. 10 x (60 mg + 2,5 mg)",1,0,visible,,,,,taxable,reduced-rate,1,3,,0,0,,,,,1,HEMOFARM,,135,"Настинка и грип > Нос",,,,,,,,,,,,0,,0,278,279,,,,,,,,,,,,,,,,,,,,,,,,,,,,,,,,,,,,,,,
9514,simple,,"ROMED- DIGITALEN TOPLOMER",1,0,visible,,,,,taxable,,0,0,,0,0,,,,,1,BAYER,,260,"Медицински помагала",,,,,,,,,,,,0,,0,281,282,,,,,,,,,,,,,,,,,,,,,,,,,,,,,,,,,,,,,,,
9515,simple,,"ROSAL MLEKO-MED lip balsam",1,0,visible,,,,,taxable,,0,0,,0,0,,,,,1,ROSAL,,110,"Нега и заштита > Кожа",,,,,,,,,,,,0,,0,112,113,,,,,,,,,,,,,,,,,,,,,,,,,,,,,,,,,,,,,,,
9516,simple,,"ROSAL NATURAL lip balsam",1,0,visible,,,,,taxable,,1,1,,0,0,,,,,1,ROSAL,,95,"Нега и заштита > Кожа",,,,,,,,,,,,0,,0,158,159,,,,,,,,,,,,,,,,,,,,,,,,,,,,,,,,,,,,,,,
9517,simple,,"ROSAL SENSITIVE lip balsam",1,0,visible,,,,,taxable,,1,2,,0,0,,,,,1,ROSAL,,110,"Нега и заштита > Кожа",,,,,,,,,,,,0,,0,152,153,,,,,,,,,,,,,,,,,,,,,,,,,,,,,,,,,,,,,,,
9524,simple,,"ROSAL SHINE lip balsam",1,0,visible,,,,,taxable,,1,1,,0,0,,,,,1,ROSAL,,110,"Нега и заштита > Кожа",,,,,,,,,,,,0,,0,145,146,,,,,,,,,,,,,,,,,,,,,,,,,,,,,,,,,,,,,,,
9525,simple,,"ROWATINEX cps. x 50",1,0,visible,,,,,taxable,reduced-rate,1,2,,0,0,,,,,1,ROW,,480,"Витамини и суплементи > Уринарен систем",,,,,,,,,,,,0,,0,274,275,,,,,,,,,,,,,,,,,,,,,,,,,,,,,,,,,,,,,,,
9526,simple,,"RUPURUT tbl. 20 x 500 mg",1,0,visible,,,,,taxable,reduced-rate,1,3,,0,0,,,,,1,BAYER,,170,"Витамини и суплементи > Дигестивен тракт и пробиотици",,,,,,,,,,,,0,,0,201,202,,,,,,,,,,,,,,,,,,,,,,,,,,,,,,,,,,,,,,,
9527,simple,,"EUC.63944 SUN ALERGY SPF 50+ krem-gel 150ml",1,0,visible,,,,,taxable,,0,0,,0,0,,,,,0,,,1400,"Нега и заштита > Заштита од сонце, Нега и заштита",,,https://lifeline.mk/wp-content/uploads/2021/11/EUCerin-SUN-SPF50-SENSITIVE-PROTECT.jpg,,,,,,,,,0,Eucerin,0,83,84,,classic-editor,9b87751f-0849-4b0d-9b14-7902d2773091,field_6081ae4f27756,969.2886,969.2886,0,0,enable,default,default,0,0,0,0,default,default,default,default,default,0,disable,enable,right,default,default,default,300,28,,,,,,,,,60,
9528,simple,,"RUSKA VODA sprej 100ml.",1,0,visible,,,,,taxable,,0,0,,0,0,,,,,1,FITOFARM,,130,"Настинка и грип",,,,,,,,,,,,0,,0,487,488,,,,,,,,,,,,,,,,,,,,,,,,,,,,,,,,,,,,,,,
9529,simple,,"EUC.SUN SPF30 OIL CONTROL DRY TOUCH 200ML",1,0,visible,,,,,taxable,,0,0,,0,0,,,,,0,,,1230,"Нега и заштита > Заштита од сонце, Нега и заштита",,,https://lifeline.mk/wp-content/uploads/2021/11/EUC.SUN-SPF30-OIL-CONTROL-DRY-TOUCH-200ML.jpg,,,,,,,,,0,Eucerin,0,92,93,,classic-editor,491cc1f7-717e-4c1c-9ec2-b6b523c48ae3,field_6081ae4f27756,804.0704,804.0704,0,0,enable,default,default,0,0,0,0,default,default,default,default,default,0,disable,enable,right,default,default,default,300,28,,,,,,,,,60,
9530,simple,,"SANOSTOL +FE (zelezo) 230ml.",1,0,visible,,,,,taxable,,0,0,,0,0,,,,,1,"NYCOMED GERMANIJA",,720,"Витамини и суплементи > Анемија",,,,,,,,,,,,0,,0,280,281,,,,,,,,,,,,,,,,,,,,,,,,,,,,,,,,,,,,,,,
9531,simple,,"EUC.SUN SPF50+ SENSITIVE PROTECT",1,0,visible,,,,,taxable,,0,0,,0,0,,,,,0,,,"1025,2041072","Нега и заштита > Заштита од сонце, Нега и заштита",,,https://lifeline.mk/wp-content/uploads/2021/11/EUCerin-SUN-SPF50-SENSITIVE-PROTECT-1.jpg,,,,,,,,,0,Eucerin,0,101,102,,classic-editor,8bb725ef-353b-41ee-b624-e1425674e9d3,field_6081ae4f27756,724.0142,724.0142,0,0,enable,default,default,0,0,0,0,default,default,default,default,default,0,disable,enable,right,default,default,default,300,28,,,,,,,,,60,
9532,simple,,"SATTWA KOLAGEN dnevna krema 55 ml",1,0,visible,,,,,taxable,,1,1,,0,0,,,,,1,ALKALOID,,380,"Нега и заштита > Кожа",,,,,,,,,,,,0,,0,282,283,,,,,,,,,,,,,,,,,,,,,,,,,,,,,,,,,,,,,,,
9533,simple,,"EUC.69613 STRONG PERSP. DEO ROLL-ON 50ml",1,0,visible,,,,,taxable,,1,1,,0,0,,,,,0,,,495,"Нега и заштита > Кожа, Нега и заштита > Кожа - секојдневна нега и заштита, Нега и заштита",,,https://lifeline.mk/wp-content/uploads/2021/11/69613.jpg,,,,,,,,,0,Eucerin,0,212,213,,classic-editor,cebe606a-b86d-48e7-8b49-7054bac3ce13,field_6081ae4f27756,333.837,333.837,0,0,enable,default,default,0,0,0,0,default,default,default,default,default,0,disable,enable,right,default,default,default,300,28,,,,,,,,,60,
9534,simple,,"SATTWA VITAMIN C krema 55 ml",1,0,visible,,,,,taxable,,1,1,,0,0,,,,,1,ALKALOID,,447,"Нега и заштита > Кожа",,,,,,,,,,,,0,,0,240,241,,,,,,,,,,,,,,,,,,,,,,,,,,,,,,,,,,,,,,,
9535,simple,,"EUC.83524 HYALURON FILLER SERUM 30ml",1,0,visible,,,,,taxable,,1,1,,0,0,,,,,0,,,1080,"Нега и заштита > Кожа, Нега и заштита",,,https://lifeline.mk/wp-content/uploads/2021/11/83524.jpg,,,,,,,,,0,Eucerin,0,269,270,,classic-editor,6ace4f76-6b66-4a7b-b9e5-0c5239b0d6d8,field_6081ae4f27756,754.8352,754.8352,0,0,enable,default,default,0,0,0,0,default,default,default,default,default,0,disable,enable,right,default,default,default,300,28,,,,,,,,,60,
9536,simple,,"SCHOLL VELVET SMOOTH aparat peti ROZEV",1,0,visible,,,,,taxable,,1,1,,0,0,,,,,1,DR.SCHOLL,,2410,"Медицински помагала",,,,,,,,,,,,0,,0,191,192,,,,,,,,,,,,,,,,,,,,,,,,,,,,,,,,,,,,,,,
9537,simple,,"SEBAMED BABY balsam za usni 4.7g",1,0,visible,,,,,taxable,,backorder,'-1,,notify,0,,,,,0,"NELT ST-PAMPERS",,190,"Бебешка програма > Бебешка козметика, Бебешка програма",,,https://lifeline.mk/wp-content/uploads/2021/11/SEBAMED-BABY-balzam-za-usni-4.7gr..jpg,,,,,,,,,0,Sebamed,0,426,427,,,,,,,,,,,,,,,,,,,,,,,,,,,,,,,,,,,,,,,
9538,simple,,"EUC.63536 hialuron filer okolu oci 15ml",1,0,visible,,,,,taxable,,0,0,,0,0,,,,,0,,,1050,"Нега и заштита > Кожа, Нега и заштита",,,https://lifeline.mk/wp-content/uploads/2021/11/63536.jpg,,,,,,,,,0,Eucerin,0,272,273,,classic-editor,304f98fb-6fd5-4660-8c82-f8a62d0380fd,field_6081ae4f27756,673.085,673.085,0,0,enable,default,default,0,0,0,0,default,default,default,default,default,0,disable,enable,right,default,default,default,300,28,,,,,,,,,60,
9539,simple,,"SELITOP TBL.X40",1,0,visible,,,,,taxable,reduced-rate,0,0,,0,0,,,,,1,UVOZ,,650,"Витамини и суплементи > Дигестивен тракт и пробиотици",,,,,,,,,,,,0,,0,376,377,,,,,,,,,,,,,,,,,,,,,,,,,,,,,,,,,,,,,,,
9540,simple,,"SENSILAB HOLESTOP cps x 60",1,0,visible,,,,,taxable,reduced-rate,1,1,,0,0,,,,,0,UVOZ,,700,"Витамини и суплементи > Дигестивен тракт и пробиотици",,,https://lifeline.mk/wp-content/uploads/2021/11/holestop.jpg,,,,,,,,,0,Sensilab,0,364,365,,,,,,,,,,,,,,,,,,,,,,,,,,,,,,,,,,,,,,,
9541,simple,,"EUC.83505 ANTI-PIGMENT DN.KR.SPF30 50ml",1,0,visible,,,,,taxable,,1,1,,0,0,,,,,0,,,1450,"Нега и заштита > Кожа, Нега и заштита",,,https://lifeline.mk/wp-content/uploads/2021/11/83505.jpg,,,,,,,,,0,Eucerin,0,242,243,,classic-editor,4025f39a-860d-4549-ab30-9db46035fbc8,field_6081ae4f27756,984.6942,984.6942,0,0,enable,default,default,0,0,0,0,default,default,default,default,default,0,disable,enable,right,default,default,default,300,28,,,,,,,,,60,
9542,simple,,"SENSIVIT sol 10ml",1,0,visible,,,,,taxable,reduced-rate,0,0,,0,0,,,,,1,UNIMED,,"297,36","Витамини и суплементи > Препарати за око",,,,,,,,,,,,0,,0,247,248,,,,,,,,,,,,,,,,,,,,,,,,,,,,,,,,,,,,,,,
9543,simple,,"SENSODYNE FLUOR pasta za zabi 75 ml",1,0,visible,,,,,taxable,,1,2,,0,0,,,,,1,SENSODYNE,,280,"Дентална програма",,,,,,,,,,,,0,,0,246,247,,,,,,,,,,,,,,,,,,,,,,,,,,,,,,,,,,,,,,,
9544,simple,,"SENSODYNE konec za zabi",1,0,visible,,,,,taxable,,1,1,,0,0,,,,,1,SENSODYNE,,185,"Дентална програма",,,,,,,,,,,,0,,0,250,251,,,,,,,,,,,,,,,,,,,,,,,,,,,,,,,,,,,,,,,
9545,simple,,"SENTIS CAPS. X 30",1,0,visible,,,,,taxable,reduced-rate,1,6,,0,0,,,,,1,"BIONIKA OTC",,280,"Витамини и суплементи > Заштита на нервниот систем",,,,,,,,,,,,0,,0,253,254,,,,,,,,,,,,,,,,,,,,,,,,,,,,,,,,,,,,,,,
9546,simple,,"INN- IMUNITINN MR X10",1,0,visible,"<strong>Состав</strong>\n<ol>\n 	<li>Сув екстракт од лист од зелен чај (<em>Camellia sinesis (L.) Kuntze</em>) стандардизиран на 95% полифеноли и 45% епигалокатехин галат (EGCG) 444,5 mg од кои EGCG 200 mg</li>\n 	<li><em>Lactobacillus rhamnosus CRL 1505</em> 25 mg (1x109 CFU)</li>\n 	<li>Витамин Д3 (холекалциферол) 50 μg (2000 IU)</li>\n</ol>\n<strong>Зошто IMUNITINN® MR?</strong>\n<ul>\n 	<li>Превенција на вирусни инфекции на респираторен тракт</li>\n 	<li>Ублажување и лекување на симптомите на грип</li>\n 	<li>Стимулација на имуниот систем</li>\n 	<li>Превенција на бактериска суперинфекција кај вирусни инфекции</li>\n 	<li>Помошна терапија во лекување на вирусни, бактериски и габични инфекции</li>\n 	<li>Заштита на клетките од оксидативен стрес</li>\n 	<li>Комфорна терапија, примена еднаш на ден</li>\n</ul>\n<strong>Дозирање - употреба</strong>\n\nСе пие 1 таблета дневно со чаша вода","10 таблети со модифицирано ослободување",,,taxable,reduced-rate,1,1,,0,0,,,,,0,,,540,"Витамини и суплементи, Витамини и суплементи > Имунитет",,,https://lifeline.mk/wp-content/uploads/2021/11/immunitin.jpg,,,,,,,,,0,"INNventa Pharm",0,79,80,,classic-editor,79ccff61-49a3-4eb5-b525-08136304722f,field_6081ae4f27756,410.88,410.88,0,0,enable,default,default,0,0,0,0,default,default,default,default,default,0,disable,enable,right,default,default,default,342,27,1,,,,,,,,60,
9547,simple,,"SEPTANAZAL SPAY ZA DECA",1,0,visible,,,,,taxable,reduced-rate,1,5,,0,0,,,,,1,"KRKA OTC",,190,"Настинка и грип > Нос",,,,,,,,,,,,0,,0,207,208,,,,,,,,,,,,,,,,,,,,,,,,,,,,,,,,,,,,,,,
9548,simple,,"SEPTANAZAL SPAY ZA VOZRASNI",1,0,visible,,,,,taxable,reduced-rate,1,9,,0,0,,,,,1,"KRKA OTC",,190,"Настинка и грип > Нос",,,,,,,,,,,,0,,0,220,221,,,,,,,,,,,,,,,,,,,,,,,,,,,,,,,,,,,,,,,
9549,simple,,"SEPTOLETE MENTOL pastili x 30",1,0,visible,,,,,taxable,reduced-rate,0,0,,0,0,,,,,1,"KRKA OTC",,164,"Настинка и грип > Грло",,,,,,,,,,,,0,,0,288,289,,,,,,,,,,,,,,,,,,,,,,,,,,,,,,,,,,,,,,,
9550,simple,,"VICHY Aminexil ампули против опаѓање на косата за мажи  X21",1,0,visible,,,,,taxable,,0,,,0,0,,,,,0,,,4965,"Нега и заштита > Коса, Нега и заштита",,,https://lifeline.mk/wp-content/uploads/2021/11/vichy.jpg,,,,,,,,,0,Vichy,0,420,421,,classic-editor,1e4cdfe9-14e7-4a77-9ae5-8f855bd7fb7e,field_6081ae4f27756,3198,3198,0,0,enable,default,default,0,0,0,0,default,default,default,default,default,0,disable,enable,right,default,default,default,304,28,0,,,,,,0,,,
9551,simple,,"SEPTOLETE total LIMON/BOZEL x 16",1,0,visible,,,,,taxable,reduced-rate,0,0,,0,0,,,,,1,"KRKA OTC",,190,"Настинка и грип > Грло",,,,,,,,,,,,0,,0,181,182,,,,,,,,,,,,,,,,,,,,,,,,,,,,,,,,,,,,,,,
9552,simple,,"SEPTOLETE TOTAL pastili za grlo x 16",1,0,visible,,,,,taxable,reduced-rate,1,95,,0,0,,,,,1,"KRKA OTC",,185,"Настинка и грип > Грло",,,,,,,,,,,,0,,0,203,204,,,,,,,,,,,,,,,,,,,,,,,,,,,,,,,,,,,,,,,
9553,simple,,"SEPTOLETE TOTAL SPREY ZA GRLO",1,0,visible,,,,,taxable,reduced-rate,1,3,,0,0,,,,,1,"KRKA OTC",,210,"Настинка и грип > Грло",,,,,,,,,,,,0,,0,206,207,,,,,,,,,,,,,,,,,,,,,,,,,,,,,,,,,,,,,,,
9557,simple,,"SERRAPEPTASE 80 000IU  cpsx30 VITON",1,0,visible,,,,,taxable,reduced-rate,0,0,,0,0,,,,,0,UVOZ,,700,"Витамини и суплементи > Коски\, зглобови и мускули",,,https://lifeline.mk/wp-content/uploads/2021/11/SERRAPEPTASE-80-000IU-cpsx30-VITON.png,,,,,,,,,0,"Dr. Viton",0,378,379,,,,,,,,,,,,,,,,,,,,,,,,,,,,,,,,,,,,,,,
9558,simple,,"SET LIP BAUME 200ml+LIP CLEAN OIL 200ml+GRATIS EAU 50ml",1,0,visible,,,,,taxable,,0,0,,0,0,,,,,1,UVOZ,,"1880,448","Нега и заштита > Кожа",,,,,,,,,,,,0,,0,122,123,,,,,,,,,,,,,,,,,,,,,,,,,,,,,,,,,,,,,,,
9559,simple,,"SHARENI MASKI ZA VOZRASNI L",1,0,visible,,,,,taxable,,0,0,,0,0,,,,,1,UVOZ,,70,"Медицински помагала",,,,,,,,,,,,0,,0,109,110,,,,,,,,,,,,,,,,,,,,,,,,,,,,,,,,,,,,,,,
9560,simple,,"LA ROCHE HYDRAPHASE RICH HA",1,0,visible,,,,,none,,1,1,,0,1,,,,,0,,,2000,"Нега и заштита > Кожа, Нега и заштита",,,https://lifeline.mk/wp-content/uploads/2021/11/riche.jpg,,,,,,,,,0,"Hydraphase,LaRoche-Posay",0,136,137,,classic-editor,b0851462-4d35-460b-a6d5-de19bc24f6e1,field_6081ae4f27756,1071,1071,0,0,enable,default,default,0,0,0,0,default,default,default,default,default,0,disable,enable,right,default,default,default,306,,0,,,,,,0,,,
9561,simple,,"VICHY  сет Slow Age дневна+ ноќна крема за лице",1,0,visible,,,,,none,,0,,,0,1,,,,,0,,,3780,"Нега и заштита > Кожа, Нега и заштита",,,https://lifeline.mk/wp-content/uploads/2021/11/VICHY-SET-SLOW-AGE-CREME-NUIT.jpg,,,,,,,,,0,Vichy,0,342,343,,classic-editor,af6ff705-5618-4b0a-b134-6036a6950154,field_6081ae4f27756,2450,2450,0,0,enable,default,default,0,0,0,0,default,default,default,default,default,0,disable,enable,right,default,default,default,304,,0,,,,,,0,,,
9563,simple,,"SIDERAL GOCCE sol. 30ml",1,0,visible,,,,,taxable,reduced-rate,1,1,,0,0,,,,,1,UVOZ,,830,"Витамини и суплементи > Анемија",,,,,,,,,,,,0,,0,553,554,,,,,,,,,,,,,,,,,,,,,,,,,,,,,,,,,,,,,,,
9564,simple,,"WELEDA-  SMIRUVACKA KUPKA ZA DECA OD NEVEN 200ML",1,0,visible,,,,,none,,1,,,0,1,,,,,0,,,940,"Бебешка програма > Бебешка козметика, Бебешка програма, Нега и заштита > Купки и производи за туширање, Нега и заштита",,,https://lifeline.mk/wp-content/uploads/2021/11/calming.jpg,,,,,,,,,0,Weleda,0,225,226,,classic-editor,d302c50d-f250-40e9-91c9-be9498d39d79,field_6081ae4f27756,601.35,601.35,0,0,enable,default,default,0,0,0,0,default,default,default,default,default,0,disable,enable,right,default,default,default,320,,,,,,,,,,60,
9565,simple,,"VICHY Dermablend 3D корективна пудра за масна кожа и кожа склона кон акни, № 15",1,0,visible,,,,,none,,1,2,,0,1,,,,,0,,,1815,"Нега и заштита > Кожа, Нега и заштита",,,https://lifeline.mk/wp-content/uploads/2021/11/15.jpg,,,,,,,,,0,Vichy,0,222,223,,classic-editor,1a3ff835-aee3-45fc-b5e3-650dfac5b259,field_6081ae4f27756,1132,1132,0,0,enable,default,default,0,0,0,0,default,default,default,default,default,0,disable,enable,right,default,default,default,304,,0,,,,,,0,,,
9566,simple,,"VICHY Dermablend 3D корективна пудра за масна кожа и кожа склона кон акни, № 20",1,0,visible,,,,,none,,1,,,0,1,,,,,0,,,1815,"Нега и заштита > Кожа, Нега и заштита",,,https://lifeline.mk/wp-content/uploads/2021/11/20.jpg,,,,,,,,,0,Vichy,0,399,400,,classic-editor,bd8c4249-bcc0-483b-a02a-2104812b6421,field_6081ae4f27756,1132,1132,0,0,enable,default,default,0,0,0,0,default,default,default,default,default,0,disable,enable,right,default,default,default,304,,0,,,,,,0,,,
9567,simple,,"VICHY Dermablend 3D корективна пудра за масна кожа и кожа склона кон акни, № 35",1,0,visible,,,,,none,,1,1,,0,1,,,,,0,,,1815,"Нега и заштита > Кожа, Нега и заштита",,,https://lifeline.mk/wp-content/uploads/2021/11/35.jpg,,,,,,,,,0,Vichy,0,189,190,,classic-editor,c3048384-c33b-43fc-9378-100096e902cb,field_6081ae4f27756,1132,1132,0,0,enable,default,default,0,0,0,0,default,default,default,default,default,0,disable,enable,right,default,default,default,304,,0,,,,,,0,,,
9568,simple,,"VICHY сет Liftactive Suprime дневна+ ноќна крема за лице",1,0,visible,,,,,none,,0,,,0,1,,,,,0,,,3980,"Нега и заштита > Кожа, Нега и заштита",,,https://lifeline.mk/wp-content/uploads/2021/11/VICHY-SET-LIFTACTIV-SUPRIME-DEN-NOK.jpg,,,,,,,,,0,Vichy,0,233,234,,classic-editor,d6e421fe-be93-415d-acb4-f62789f89664,field_6081ae4f27756,2580,2580,0,0,enable,default,default,0,0,0,0,default,default,default,default,default,0,disable,enable,right,default,default,default,304,,0,,,,,,0,,,
9570,simple,,"SILBEN NANO SPAY 125ml.",1,0,visible,,,,,taxable,reduced-rate,1,1,,0,0,,,,,1,BAYER,,600,"Нега и заштита > Кожа",,,,,,,,,,,,0,,0,169,170,,,,,,,,,,,,,,,,,,,,,,,,,,,,,,,,,,,,,,,
9571,simple,,"SILK vosok vo alum.sad 100 gr.",1,0,visible,,,,,taxable,,0,0,,0,0,,,,,1,GALAFARM,,195,"Нега и заштита > Кожа",,,,,,,,,,,,0,,0,205,206,,,,,,,,,,,,,,,,,,,,,,,,,,,,,,,,,,,,,,,
9572,simple,,"SILVERTUSS spray za NOS 15ml",1,0,visible,,,,,taxable,reduced-rate,1,1,,0,0,,,,,1,ABOPHARMA,,360,"Настинка и грип > Нос",,,,,,,,,,,,0,,0,356,357,,,,,,,,,,,,,,,,,,,,,,,,,,,,,,,,,,,,,,,
9573,simple,,"SILYMARIN cps. 30 x 100 mg",1,0,visible,,,,,taxable,reduced-rate,1,3,,0,0,,,,,0,BELUPO,,300,"Витамини и суплементи > Заштита на црн дроб",,,,,,,,,,,,0,Belupo,0,177,178,,,,,,,,,,,,,,,,,,,,,,,,,,,,,,,,,,,,,,,
9574,simple,,"SINOMARIN ALGAE plus 30ml",1,0,visible,,,,,taxable,reduced-rate,0,0,,0,0,,,,,1,JADRAN,,420,"Настинка и грип > Нос",,,,,,,,,,,,0,,0,205,206,,,,,,,,,,,,,,,,,,,,,,,,,,,,,,,,,,,,,,,
9575,simple,,"SINOMARIN MINI SPREY 30ML",1,0,visible,,,,,taxable,reduced-rate,1,4,,0,0,,,,,1,"GEROLYMATOS GREECE",,250,"Настинка и грип > Нос",,,,,,,,,,,,0,,0,240,241,,,,,,,,,,,,,,,,,,,,,,,,,,,,,,,,,,,,,,,
9576,simple,,"SINOMARIN MONODOSE 18 x 5ml",1,0,visible,,,,,taxable,reduced-rate,1,37,,0,0,,,,,1,"GEROLYMATOS GREECE",,480,"Настинка и грип > Нос",,,,,,,,,,,,0,,0,180,180,,,,,,,,,,,,,,,,,,,,,,,,,,,,,,,,,,,,,,,
9577,simple,,"SINOMARIN sprej za deca 100 ml",1,0,visible,,,,,taxable,reduced-rate,1,2,,0,0,,,,,1,JADRAN,,350,"Настинка и грип > Нос",,,,,,,,,,,,0,,0,433,434,,,,,,,,,,,,,,,,,,,,,,,,,,,,,,,,,,,,,,,
9578,simple,,"SINOMARIN za vozrasni 125 ml",1,0,visible,,,,,taxable,reduced-rate,1,1,,0,0,,,,,1,"GEROLYMATOS GREECE",,380,"Настинка и грип > Нос",,,,,,,,,,,,0,,0,194,195,,,,,,,,,,,,,,,,,,,,,,,,,,,,,,,,,,,,,,,
9579,simple,,"SIRUP OD ISLANDSKI LISAJ",1,0,visible,,,,,taxable,reduced-rate,0,0,,0,0,,,,,1,JADRAN,,210,"Настинка и грип > Кашлица",,,,,,,,,,,,0,,0,269,270,,,,,,,,,,,,,,,,,,,,,,,,,,,,,,,,,,,,,,,
9580,simple,,"SISTEM za infuzija - HITECARE",1,0,visible,,,,,taxable,,0,0,,0,0,,,,,1,UVOZ,,500,"Медицински помагала",,,,,,,,,,,,0,,0,481,482,,,,,,,,,,,,,,,,,,,,,,,,,,,,,,,,,,,,,,,
9581,simple,,"SLIM FIT CAJ filter x 20",1,0,visible,,,,,taxable,reduced-rate,1,2,,0,0,,,,,1,BAYER,,120,"Витамини и суплементи > Чаеви и билни препарати",,,,,,,,,,,,0,,0,283,284,,,,,,,,,,,,,,,,,,,,,,,,,,,,,,,,,,,,,,,
9583,simple,,"SMECTA kesicki 10 x 3g",1,0,visible,,,,,taxable,reduced-rate,1,30,,0,0,,,,,1,"BEAUFOUR IPSEN INDUSTRIE",,"200,24","Витамини и суплементи > Дигестивен тракт и пробиотици",,,,,,,,,,,,0,,0,375,376,,,,,,,,,,,,,,,,,,,,,,,,,,,,,,,,,,,,,,,
9584,simple,,"SMOKERS(PROP+ACD) sirup 150 ml",1,0,visible,,,,,taxable,reduced-rate,1,2,,0,0,,,,,1,"BUSINESS HOUSE",,140,"Настинка и грип > Кашлица",,,,,,,,,,,,0,,0,144,145,,,,,,,,,,,,,,,,,,,,,,,,,,,,,,,,,,,,,,,
9585,simple,,"SNIZSTOP tbl. x 30",1,0,visible,,,,,taxable,reduced-rate,1,1,,0,0,,,,,1,VARUS,,420,"Настинка и грип > Нос",,,,,,,,,,,,0,,0,312,313,,,,,,,,,,,,,,,,,,,,,,,,,,,,,,,,,,,,,,,
9586,simple,,"SODA BICARBONA medicinska 1kr",1,0,visible,,,,,taxable,,1,1,,0,0,,,,,1,ALKALOID,,230,"Витамини и суплементи > Дигестивен тракт и пробиотици",,,,,,,,,,,,0,,0,238,239,,,,,,,,,,,,,,,,,,,,,,,,,,,,,,,,,,,,,,,
9588,simple,,"SODA BIKARBONA 500mg",1,0,visible,,,,,taxable,,1,1,,0,0,,,,,1,"ALKALOID OTC",,80,"Витамини и суплементи > Дигестивен тракт и пробиотици",,,,,,,,,,,,0,,0,265,267,,,,,,,,,,,,,,,,,,,,,,,,,,,,,,,,,,,,,,,
9589,simple,,"SODA BIKARBONA FREE GLUTEN 200G",1,0,visible,,,,,taxable,,1,1,,0,0,,,,,1,ZEGIN,,220,"Витамини и суплементи > Дигестивен тракт и пробиотици",,,,,,,,,,,,0,,0,229,232,,,,,,,,,,,,,,,,,,,,,,,,,,,,,,,,,,,,,,,
9590,simple,,"SODA BIKARBONA TBL X 10 CELASA",1,0,visible,,,,,taxable,,1,1,,0,0,,,,,1,ESSENSA,,85,"Витамини и суплементи > Дигестивен тракт и пробиотици",,,,,,,,,,,,0,,0,170,171,,,,,,,,,,,,,,,,,,,,,,,,,,,,,,,,,,,,,,,
9591,simple,,"SODA BIKARBONA TBL. X 20 CELASA",1,0,visible,,,,,taxable,,1,1,,0,0,,,,,1,ESSENSA,,140,"Витамини и суплементи > Дигестивен тракт и пробиотици",,,,,,,,,,,,0,,0,222,223,,,,,,,,,,,,,,,,,,,,,,,,,,,,,,,,,,,,,,,
9592,simple,,"SOFT TOUCH ANTIBAKT. GEL 50ml",1,0,visible,,,,,taxable,,1,2,,0,0,,,,,1,UVOZ,,70,"Нега и заштита > Средства за дезинфекција",,,,,,,,,,,,0,,0,145,146,,,,,,,,,,,,,,,,,,,,,,,,,,,,,,,,,,,,,,,
9593,simple,,"SOLDEVIT D3 sprej 10 ml",1,0,visible,,,,,taxable,reduced-rate,1,1,,0,0,,,,,0,"PHARMA NOVA",,470,"Витамини и суплементи > Имунитет",,,,,,,,,,,,0,Pharmanova,0,230,231,,,,,,,,,,,,,,,,,,,,,,,,,,,,,,,,,,,,,,,
9594,simple,,"SPATULI DRVENI x100",1,0,visible,,,,,taxable,,0,0,,0,0,,,,,1,UVOZ,,120,"Медицински помагала",,,,,,,,,,,,0,,0,335,336,,,,,,,,,,,,,,,,,,,,,,,,,,,,,,,,,,,,,,,
9595,simple,,"SPIRANTO FLASTER 5x 5sm/5 vo pakuvanje -4U PHARMA",1,0,visible,,,,,taxable,,0,0,,0,0,,,,,0,UVOZ,,350,"Медицински помагала",,,,,,,,,,,,0,"4U Pharma",0,262,263,,,,,,,,,,,,,,,,,,,,,,,,,,,,,,,,,,,,,,,
9596,simple,,"SPIRULINA NIGRITA tbl.120",1,0,visible,,,,,taxable,reduced-rate,1,2,,0,0,,,,,1,UVOZ,,900,"Витамини и суплементи > Имунитет",,,,,,,,,,,,0,,0,193,194,,,,,,,,,,,,,,,,,,,,,,,,,,,,,,,,,,,,,,,
9597,simple,,"SPIRULINA tbl. 300 SAN SEBASTIJAN",1,0,visible,,,,,taxable,reduced-rate,0,0,,0,0,,,,,1,ALFA,,360,"Витамини и суплементи > Имунитет",,,,,,,,,,,,0,,0,185,186,,,,,,,,,,,,,,,,,,,,,,,,,,,,,,,,,,,,,,,
9598,simple,,"SPIRULINA tbl.600 SAN SEBASTIJAN",1,0,visible,,,,,taxable,reduced-rate,1,1,,0,0,,,,,1,ALFA,,600,"Витамини и суплементи > Имунитет",,,,,,,,,,,,0,,0,194,195,,,,,,,,,,,,,,,,,,,,,,,,,,,,,,,,,,,,,,,
9599,simple,,"SPRAY 8 ZA BRZO ZARASNUVANJE RANI",1,0,visible,,,,,taxable,,0,0,,0,0,,,,,1,ALEA,,"1146,96","Нега и заштита > Кожа",,,,,,,,,,,,0,,0,633,634,,,,,,,,,,,,,,,,,,,,,,,,,,,,,,,,,,,,,,,
9600,simple,,"SPRIC 5ML X 100 ROMED",1,0,visible,,,,,taxable,,0,0,,0,0,,,,,1,UVOZ,,700,"Медицински помагала",,,,,,,,,,,,0,,0,300,301,,,,,,,,,,,,,,,,,,,,,,,,,,,,,,,,,,,,,,,
9601,simple,,"SPRIC trodelen 10 ML x 100",1,0,visible,,,,,taxable,,1,22,,0,0,,,,,1,"INTEGRAL DOOEL",,700,"Медицински помагала",,,,,,,,,,,,0,,0,239,240,,,,,,,,,,,,,,,,,,,,,,,,,,,,,,,,,,,,,,,
9602,simple,,"SPRIC trodelen 3 ML x 100",1,0,visible,,,,,taxable,,1,9978,,0,0,,,,,1,"INTEGRAL DOOEL",,400,"Медицински помагала",,,,,,,,,,,,0,,0,201,202,,,,,,,,,,,,,,,,,,,,,,,,,,,,,,,,,,,,,,,
9603,simple,,"SPRIC trodelen 5ML X 100",1,0,visible,,,,,taxable,,1,16,,0,0,,,,,1,UVOZ,,400,"Медицински помагала",,,,,,,,,,,,0,,0,177,178,,,,,,,,,,,,,,,,,,,,,,,,,,,,,,,,,,,,,,,
9604,simple,,"URI.CU-ZN gel za mienje 200 ml",1,0,visible,,,,,taxable,,1,1,,0,0,,,,,0,,,"570,648","Нега и заштита > Кожа, Нега и заштита",,,https://lifeline.mk/wp-content/uploads/2021/11/web-frame-7.jpg,,,,,,,,,0,Uriage,0,224,225,,classic-editor,fe1f5203-648e-45f3-a24d-d4962b24d3ae,field_6081ae4f27756,386.88,386.88,0,0,enable,default,default,0,0,0,0,default,default,default,default,default,0,disable,enable,right,default,default,default,305,28,,,,,,,,,60,
9605,simple,,"SREBRENA VODA 200ML",1,0,visible,,,,,taxable,,0,0,,0,0,,,,,1,UVOZ,,450,"Нега и заштита > Средства за дезинфекција",,,,,,,,,,,,0,,0,378,379,,,,,,,,,,,,,,,,,,,,,,,,,,,,,,,,,,,,,,,
9606,simple,,"STAPCE ZA BRIS-STERILNO (ASTR)",1,0,visible,,,,,taxable,,1,6,,0,0,,,,,1,ASTRA,,20,"Медицински помагала",,,,,,,,,,,,0,,0,200,201,,,,,,,,,,,,,,,,,,,,,,,,,,,,,,,,,,,,,,,
9607,simple,,"STEVIA ZERO CAL tbl. x 100",1,0,visible,,,,,taxable,reduced-rate,1,2,,0,0,,,,,1,ESSENSA,,230,"Витамини и суплементи > Дијабетес",,,,,,,,,,,,0,,0,233,234,,,,,,,,,,,,,,,,,,,,,,,,,,,,,,,,,,,,,,,
9608,simple,,"STOMACHON caps.x30",1,0,visible,,,,,taxable,reduced-rate,1,2,,0,0,,,,,1,UVOZ,,798,"Витамини и суплементи > Дигестивен тракт и пробиотици",,,,,,,,,,,,0,,0,397,398,,,,,,,,,,,,,,,,,,,,,,,,,,,,,,,,,,,,,,,
9609,simple,,"STOMATIDIN r-r 200 ml (1 mg/ml)",1,0,visible,,,,,taxable,reduced-rate,1,1,,0,0,,,,,1,BOSNALIJEK,,170,"Дентална програма",,,,,,,,,,,,0,,0,426,427,,,,,,,,,,,,,,,,,,,,,,,,,,,,,,,,,,,,,,,
9610,simple,,"STOP GRC x 50 tbl.",1,0,visible,,,,,taxable,reduced-rate,1,2,,0,0,,,,,1,NATUSANA,,290,"Против болка",,,,,,,,,,,,0,,0,240,241,,,,,,,,,,,,,,,,,,,,,,,,,,,,,,,,,,,,,,,
9611,simple,,"STREPFEN PASTILIX16 MED I LIMUN",1,0,visible,,,,,taxable,reduced-rate,1,3,,0,0,,,,,1,UVOZ,,250,"Настинка и грип > Грло",,,,,,,,,,,,0,,0,224,225,,,,,,,,,,,,,,,,,,,,,,,,,,,,,,,,,,,,,,,
9612,simple,,"STREPSILS LIMON bez seker x 16",1,0,visible,,,,,taxable,reduced-rate,1,64,,0,0,,,,,1,"ФЕНИКС ФАРМА - СКОПЈЕ",,200,"Настинка и грип > Грло",,,,,,,,,,,,0,,0,246,247,,,,,,,,,,,,,,,,,,,,,,,,,,,,,,,,,,,,,,,
9613,simple,,"BIODERMA PIGMENTBIO C CONCETRATE 15ml",1,0,visible,"<p>Pigmentbio C-Concentrate е интензивен избелувачки концентрат против пигментации со високо технолошки витамин Ц.</p>\n<p>-Намалува големина и интензитет на темните дамки<br />\n-Превенира појава на нови дамки<br />\n-Ја измазнува текстурата на кожата Рамномерен и осветлен тен (го враќа сјајот на кожата)<br />\n-Хидрира до 8 часа</p>\n<p><strong>Како се употребува?</strong></p>\n<p><em>За редовна употреба:</em><br />\nКако монотерапија, Pigmentbio C-Concentrate се користи во период од 1 до 3 месеци</p>\n<p>1. При првата употреба, притиснете го специјалниот канистер на пакувањето за да се ослободи чист витамин Ц. Отстранете го капачето и навртете ја пипетата. Протресете го пакувањето 10 секунди за да се измешаат состојките.<br />\n2. Нанесете 5 капки секоја вечер на лицето и вратот, после чистење со Pigmentbio H2O или Pigmentbio Foaming Cream. Може исто така да се користи навечер во комбинација со Pigmentbio Night Renewer.<br />\n3. За долготраен резултат, употребувајте по 1 месец, на секои 3 месеци.</p>\n<p><em>За пациенти на третман:</em><br />\nPigmentbio C-Concentrate може исто така да се користи како подршка на дерматолошки третман (Kligman&#8217;s trio и хидрохинон), во тек на 3 месеци, до започнување на следниот третман.</p>\n<p>1. При првата употреба, притиснете го специјалниот канистер на пакувањето за да се ослободи чист витамин Ц. Отстранете го капачето и навртете ја пипетата. Протресете го пакувањето 10 секунди за да се измешаат состојките.<br />\n2. Нанесете 5 капки секоја вечер на лицето и вратот, после чистење со Pigmentbio H2O или Pigmentbio Foaming Cream. Може исто така да се користи навечер во комбинација со Pigmentbio Night Renewer.</p>\n<p><em>Избегнувајте ја зоната околу очите. Следете ги инструкциите за употреба. Може да се појави пецкање поради механизмот на делување, но брзо ќе исчезне. Ако иритацијата продолжи, престанете да го користите производот и консултирајте се со вашиот дерматолог.</em></p>\n",,,,taxable,,1,,,0,0,,,,,0,,,1825,"Нега и заштита > Кожа, Нега и заштита",,,https://lifeline.mk/wp-content/uploads/2021/11/BIODERMA-PIGMENTBIO-C-CONCETRATE-15ml.jpg,,,,,,,,,0,Bioderma,0,174,175,,classic-editor,17d11061-fa59-4923-a3b7-5c11e5a70c9a,field_6081ae4f27756,1109.6,1109.6,0,0,enable,default,default,0,0,0,0,default,default,default,default,default,0,disable,enable,right,default,default,default,299,28,,,,,,,,,60,"Pigmentbio C-Concentrate е интензивен избелувачки концентрат против пигментации со високо технолошки витамин Ц."
9614,simple,,"STREPSILS MENTHOL/EUKALIPTUS oribleti x 24",1,0,visible,,,,,taxable,reduced-rate,0,0,,0,0,,,,,1,FARS,,"195,038993772","Настинка и грип > Грло",,,,,,,,,,,,0,,0,240,241,,,,,,,,,,,,,,,,,,,,,,,,,,,,,,,,,,,,,,,
9615,simple,,"BIODERMA PIGMENTBIO DAILY CARE SPF50+ 40ml",1,0,visible,"<p>Pigmentbio Daily care SPF 50+ моментално осветлува и заштитува, го воедначува тенот долготрајно.</p>\n<p>-Намалува големина и интензитет на темните дамки<br />\n-Превенира појава на нови дамки<br />\n-Многу висока заштита од сонце (SPF50+)<br />\n-Рамномерен и осветлен тен (го враќа сјајот на кожата)<br />\n-Долготрајна хидратација (8h)<br />\n-Бисерната текстура овозможува моментален сјај<br />\nОдлична подносливост &#8211; Некомедогено &#8211; Добра основа за шминка</p>\n<p><strong>Како се употребува?</strong><br />\nНаутро</p>\n<p>1. Нанесете на лицето и вратот, после чистење со Pigmentbio H2O или Pigmentbio Foaming cream.<br />\n2. Добра основа за пудра.</p>\n",,,,taxable,,1,,,0,0,,,,,0,,,1700,"Нега и заштита > Кожа, Нега и заштита",,,https://lifeline.mk/wp-content/uploads/2021/11/BIODERMA-PIGMENTBIO-DAILY-CARE-SPF50-40ml.jpg,,,,,,,,,0,Bioderma,0,302,303,,classic-editor,901480c3-b6f6-4ca0-acd4-3b3b8658a82a,field_6081ae4f27756,1034.55,1034.55,0,0,enable,default,default,0,0,0,0,default,default,default,default,default,0,disable,enable,right,default,default,default,299,28,,,,,,,,,60,"Pigmentbio Daily care SPF 50+ моментално осветлува и заштитува, го воедначува тенот долготрајно."
9616,simple,,"SUDOCREM krem 60g",1,0,visible,,,,,taxable,,1,1,,0,0,,,,,1,"PLIVA OTC",,250,"Бебешка програма > Бебешка козметика",,,,,,,,,,,,0,,0,314,315,,,,,,,,,,,,,,,,,,,,,,,,,,,,,,,,,,,,,,,
9617,simple,,"SUDOCREM zashtiten krem za bebe 125g",1,0,visible,,,,,taxable,,1,1,,0,0,,,,,1,"PLIVA OTC",,380,"Бебешка програма > Бебешка козметика",,,,,,,,,,,,0,,0,450,451,,,,,,,,,,,,,,,,,,,,,,,,,,,,,,,,,,,,,,,
9618,simple,,"BIODERMA PIGMENTBIO FOAMING CREAM 200 ml",1,0,visible,"<p>Специфично дизајниран за овој тип на кожа, Pigmentbio Foaming Cream е избелувачки хидратантен чистач кој помага во корегирање на постоечките дамки и спречува појава на нови.</p>\n<p>Овој производ содржи патентирана комбинација од активни состојки, познати по нивното депигментационо дејство: андрографолид и лизин азелат. Овие активни супстанции го регулираат биолошкиот механизам кој предизвикува хиперпигменација, за оптимално осветлување и превентивна ефикасност.<br />\nНежната текстура, без сапун, нежно ја чисти кожата.</p>\n<p><strong>Како се употребува?</strong><br />\nНаутро и/или навечер</p>\n<p>1. Нанесете на влажна кожа.<br />\n2. Направете пена.<br />\n3. Исплакнете темелно.<br />\n4. Може да се користи и како маска за лице еднаш или два пати неделно: нанесете подебел слој и оставете да одстои 5 минути а потоа измијте.</p>\n",,,,taxable,,1,,,0,0,,,,,0,,,955,"Нега и заштита > Кожа, Нега и заштита",,,https://lifeline.mk/wp-content/uploads/2021/11/BIODERMA-PIGMENTBIO-FOAMING-CREAM-200-ml.jpg,,,,,,,,,0,Bioderma,0,371,372,,classic-editor,eb106726-c519-44a4-a384-8cacc66bc5d7,field_6081ae4f27756,579.5,579.5,0,0,enable,default,default,0,0,0,0,default,default,default,default,default,0,disable,enable,right,default,default,default,299,28,,,,,,,,,60,"Pigmentbio Foaming Cream е избелувачки хидратантен чистач кој помага во корегирање на постоечките дамки и спречува појава на нови."
9619,simple,,"SVEDSKA GORCILKA 250 ml.",1,0,visible,,,,,taxable,reduced-rate,1,1,,0,0,,,,,1,KIBERG,,470,"Витамини и суплементи > Дигестивен тракт и пробиотици",,,,,,,,,,,,0,,0,352,353,,,,,,,,,,,,,,,,,,,,,,,,,,,,,,,,,,,,,,,
9620,simple,,"SYNERGIY VIT.D3  2000iu cps x30",1,0,visible,,,,,taxable,reduced-rate,1,4,,0,0,,,,,1,"SYNERGY USA",,580,"Витамини и суплементи > Имунитет",,,,,,,,,,,,0,,0,129,130,,,,,,,,,,,,,,,,,,,,,,,,,,,,,,,,,,,,,,,
9621,simple,,"BIODERMA PIGMENTBIO NIGHT RENEWER 50ml",1,0,visible,"<p>Инспирирана од водечкиот дерматолошки третматн (Kligman&#8217;s Trio) BIODERMA лабораторијата го дизајнираше LumiReveal&#8217;s Technology заштитниот патент, за да обезбеди третман за луѓето со хиперпигментација, без несакани ефекти.</p>\n<p>-Корегира темни дамки<br />\n-Превенира појава на нови пигментации<br />\n-Стимулира продукција на колаген<br />\n-Долготрајна хидратација (8ч) благодарение на лесната водена текстура- ноќна маска</p>\n<p>Резултат: Водената текстура на кремот која делува како ноќна маска, ја освежува кожата и таа се буди одморена и осветлена. Водената текстура ја подобрува пенетрацијата на активните состојки во текот на ноќта.</p>\n<p>Одлична подносливост &#8211; Некомедогено &#8211; Свежа и лесна водена текстура.</p>\n<p>Оваа технологија делува на 3 биолошки фази, кои предизвикуваат хиперпигментација, притоа обезбедувајќи добра толерантност:</p>\n<p>&#8211; Воспаление: глабридинот го намалува воспалението, кое предизвикува хиперпродукција на меланин;</p>\n<p>&#8211; Продукција: андрографолид + азелаична киселина ја лимитираат продукцијата на меланин;</p>\n<p>&#8211; Елиминација: Epidermactiv ја зајакнува обновата на кожата преку елиминација на клетките полни со меланин.</p>\n<p>LumiReveal Technology е дополнета со коктел од витамини кои се есенцијални за кожата: витамин Ц, Е и ПП кои ја штитат и зајакнуваат бариерата на кожата.</p>\n<p>Pigmentbio Night Renewer содржи активна состојка која што делува против стареење: хексапептид-2. Стимулира продукција на колаген, за помазна и поцврста кожа наутро.</p>\n<p><strong>Како се употребува?</strong></p>\n<p>1. Нанесете навечер на лицето и вратот, после чистење со Pigmentbio H2O или Pigmentbio Foaming cream.<br />\n2. Може да се нанесува самостојно или после употреба на Pigmentbio C-Concentrate.</p>\n",,,,taxable,,1,,,0,0,,,,,0,,,1950,"Нега и заштита > Кожа, Нега и заштита",,,https://lifeline.mk/wp-content/uploads/2021/11/BIODERMA-PIGMENTBIO-NIGHT-RENEWER-50ml.jpg,,,,,,,,,0,Bioderma,0,354,355,,classic-editor,451f8296-a266-4b11-ac81-f126d9d0217e,field_6081ae4f27756,1183.7,1183.7,0,0,enable,default,default,0,0,0,0,default,default,default,default,default,0,disable,enable,right,default,default,default,299,28,,,,,,,,,60,"Инспирирана од водечкиот дерматолошки третматн (Kligman's Trio) BIODERMA лабораторијата го дизајнираше LumiReveal's Technology заштитниот патент, за да обезбеди третман за луѓето со хиперпигментација, без несакани ефекти."
9622,simple,,"SYNERGY BETA CAROTENE x 60cps",1,0,visible,,,,,taxable,reduced-rate,0,0,,0,0,,,,,0,"SYNERGY USA",,300,"Витамини и суплементи",,,https://lifeline.mk/wp-content/uploads/2021/11/betacarotene.jpg,,,,,,,,,0,Synergy,0,202,203,,,,,,,,,,,,,,,,,,,,,,,,,,,,,,,,,,,,,,,
9623,simple,,"BIODERMA PIGMENTBIO SENSITIV 75ml",1,0,visible,"<p>Иновација на Bioderma лабораторијата, Pigmentbio Sensitive Areas е првиот продукт за нега на кожа, специјално формулиран за третман на хиперпигментациja во чувствителните и интимни регии.<br />\nPigmentbio Sensitive Areas помага во осветлување и изедначување на тенот во зоните на триење (лакти, колена, препони, под пазуви) и интимната регија.</p>\n<p>Покрај патентирана комбинација на активни состојки, содржи и екстракт од кафеава алга (Laminaria ochroleuca) која го смирува црвенилото, кое може да предизвика дисколорации на кожата.</p>\n<p>-Првиот продукт за нега на кожа, специјално формулиран за третман на хиперпигментациja во чувствителните и интимни регии<br />\n-Осветлува хиперпигментации во зоните на триење (колена, лакти, под пазуви, препони)<br />\n-Смирува и намалува црвенило во чувствителните и интимни регии<br />\n-Ја осветлува и изедначува кожата, долготрајно<br />\n-Хидрира<br />\n-Ја остава кожата мека благодарение на нејзината богата текстура<br />\n-Може да се користи надворешно во интимните регии<br />\n-Може да се користи после депилација и бричење</p>\n<p>Одлична подносливост &#8211; Нелеплива, богата текстура &#8211; Без мирис</p>\n<p><strong>Како се употребува?</strong></p>\n<p>Еднаш или два пати дневно</p>\n<p>1. Нанесете на зафатената регија, на исчистена кожа.<br />\n2. Производот може да се користи по депилација или бричење за да се спречи црвенило и дисколорации на кожата.</p>\n",,,,taxable,,1,,,0,0,,,,,0,,,1195,"Нега и заштита > Кожа, Нега и заштита",,,https://lifeline.mk/wp-content/uploads/2021/11/BIODERMA-PIGMENTBIO-SENSITIV-75ml.jpg,,,,,,,,,0,Bioderma,0,205,206,,classic-editor,56d2c973-d361-4291-918d-f6561961b8bd,field_6081ae4f27756,726.75,726.75,0,0,enable,default,default,0,0,0,0,default,default,default,default,default,0,disable,enable,right,default,default,default,299,28,,,,,,,,,60,
9624,simple,,"SYNERGY FERTILIMIN 60 caps.",1,0,visible,,,,,taxable,reduced-rate,1,1,,0,0,,,,,0,UVOZ,,750,"Нега и заштита > Сексуално здравје и интимна нега",,,https://lifeline.mk/wp-content/uploads/2021/11/SYNERGY-FERTILIMIN-60-caps..jpg,,,,,,,,,0,Synergy,0,558,559,,,,,,,,,,,,,,,,,,,,,,,,,,,,,,,,,,,,,,,
9625,simple,,"SYNERGY MG CITRAT + B6(350+6MG)X60CPS",1,0,visible,,,,,taxable,reduced-rate,1,4,,0,0,,,,,0,"SYNERGY USA",,510,"Витамини и суплементи > Заштита на нервниот систем",,,https://lifeline.mk/wp-content/uploads/2021/11/SYNERGY-MG-350MG-B6-6MG.jpg,,,,,,,,,0,Synergy,0,247,248,,,,,,,,,,,,,,,,,,,,,,,,,,,,,,,,,,,,,,,
9627,simple,,"SYNERGY OMEGA 3 X 60 CAPS",1,0,visible,,,,,taxable,reduced-rate,0,0,,0,0,,,,,0,"SYNERGY USA",,520,"Витамини и суплементи > Заштита на срце и крвни садови",,,https://lifeline.mk/wp-content/uploads/2021/11/SYNERGY-OMEGA-3-X-60-CAPS.jpg,,,,,,,,,0,Synergy,0,152,153,,,,,,,,,,,,,,,,,,,,,,,,,,,,,,,,,,,,,,,
9628,simple,,"SYNERGY SELENIUM 100mg x 60tbl",1,0,visible,,,,,taxable,reduced-rate,1,2,,0,0,,,,,0,"SYNERGY USA",,530,"Витамини и суплементи > Имунитет",,,https://lifeline.mk/wp-content/uploads/2021/11/SYNERGY-SELENIUM-100mg-x-60tbl.jpg,,,,,,,,,0,Synergy,0,211,212,,,,,,,,,,,,,,,,,,,,,,,,,,,,,,,,,,,,,,,
9629,simple,,"SYNERGY vit. B12 100mcg X 60subl.tbl",1,0,visible,,,,,taxable,reduced-rate,1,2,,0,0,,,,,0,"SYNERGY USA",,690,"Витамини и суплементи > Заштита на нервниот систем",,,https://lifeline.mk/wp-content/uploads/2021/11/SYNERGY-vit.-B12-100mcg-X-60subl.tbl_.jpg,,,,,,,,,0,Synergy,0,231,232,,,,,,,,,,,,,,,,,,,,,,,,,,,,,,,,,,,,,,,
9630,simple,,"SYNERGY VIT. C 1000MG X 60CAPS",1,0,visible,,,,,taxable,reduced-rate,1,3,,0,0,,,,,0,"SYNERGY USA",,640,"Витамини и суплементи > Имунитет",,,https://lifeline.mk/wp-content/uploads/2021/11/SYNERGY-VIT.-C-1000MG-X-60CAPS.jpg,,,,,,,,,0,Synergy,0,156,157,,,,,,,,,,,,,,,,,,,,,,,,,,,,,,,,,,,,,,,
9631,simple,,"SYNERGY VIT. C 500mg  X 60CAPS",1,0,visible,,,,,taxable,reduced-rate,1,1,,0,0,,,,,0,"SYNERGY USA",,390,"Витамини и суплементи > Имунитет",,,https://lifeline.mk/wp-content/uploads/2021/11/vitaminc.jpg,,,,,,,,,0,Synergy,0,202,203,,,,,,,,,,,,,,,,,,,,,,,,,,,,,,,,,,,,,,,
9632,simple,,"SYNERGY VIT. E CAPS.60X400IE",1,0,visible,,,,,taxable,reduced-rate,1,2,,0,0,,,,,0,"SYNERGY USA",,770,"Нега и заштита > Сексуално здравје и интимна нега",,,https://lifeline.mk/wp-content/uploads/2021/11/SYNERGY-VIT.-E-CAPS.60X400IE.jpg,,,,,,,,,0,Synergy,0,106,107,,,,,,,,,,,,,,,,,,,,,,,,,,,,,,,,,,,,,,,
9633,simple,,"SYNERGY VITAMIN B6 tbl.60 x 50 mg",1,0,visible,,,,,taxable,reduced-rate,1,1,,0,0,,,,,0,"SYNERGY USA",,"440,0025","Витамини и суплементи > Заштита на нервниот систем",,,https://lifeline.mk/wp-content/uploads/2021/11/SYNERGY-VITAMIN-B6-tbl.60-x-50-mg.jpg,,,,,,,,,0,Synergy,0,222,223,,,,,,,,,,,,,,,,,,,,,,,,,,,,,,,,,,,,,,,
9634,simple,,"SYNERGY VOLURINE x 30cps",1,0,visible,,,,,taxable,reduced-rate,1,1,,0,0,,,,,0,"SYNERGY USA",,560,"Витамини и суплементи > Уринарен систем",,,https://lifeline.mk/wp-content/uploads/2021/11/volurine.jpg,,,,,,,,,0,Synergy,0,227,228,,,,,,,,,,,,,,,,,,,,,,,,,,,,,,,,,,,,,,,
9635,simple,,"SYNERGY ZINC 60x15mg.",1,0,visible,,,,,taxable,reduced-rate,1,7,,0,0,,,,,0,"SYNERGY USA",,540,"Витамини и суплементи > Имунитет",,,https://lifeline.mk/wp-content/uploads/2021/11/SYNERGY-ZINC-60x15mg..jpg,,,,,,,,,0,Synergy,0,184,185,,,,,,,,,,,,,,,,,,,,,,,,,,,,,,,,,,,,,,,
9636,simple,,"SYSTANE BALANCE sol. 10 ml",1,0,visible,,,,,taxable,reduced-rate,1,1,,0,0,,,,,1,ALCON,,770,"Витамини и суплементи > Препарати за око",,,,,,,,,,,,0,,0,261,262,,,,,,,,,,,,,,,,,,,,,,,,,,,,,,,,,,,,,,,
9637,simple,,"SYSTANE sol. 10 ml",1,0,visible,,,,,taxable,reduced-rate,0,0,,0,0,,,,,1,ALCON,,"541,8","Витамини и суплементи > Препарати за око",,,,,,,,,,,,0,,0,256,257,,,,,,,,,,,,,,,,,,,,,,,,,,,,,,,,,,,,,,,
9638,simple,,"SYSTANE ULTRA sol. 10 ml",1,0,visible,,,,,taxable,reduced-rate,1,2,,0,0,,,,,1,ALCON,,680,"Витамини и суплементи > Препарати за око",,,,,,,,,,,,0,,0,151,152,,,,,,,,,,,,,,,,,,,,,,,,,,,,,,,,,,,,,,,
9639,simple,,"TAMPAX tamponi/regular/16",1,0,visible,,,,,taxable,,0,0,,0,0,,,,,1,"NELT ST-PAMPERS",,170,"Нега и заштита > Сексуално здравје и интимна нега",,,,,,,,,,,,0,,0,315,316,,,,,,,,,,,,,,,,,,,,,,,,,,,,,,,,,,,,,,,
9640,simple,,"TAMPAX tamponi/super/16",1,0,visible,,,,,taxable,,0,0,,0,0,,,,,1,"NELT ST-PAMPERS",,170,"Нега и заштита > Сексуално здравје и интимна нега",,,,,,,,,,,,0,,0,157,158,,,,,,,,,,,,,,,,,,,,,,,,,,,,,,,,,,,,,,,
9641,simple,,"TAMPONI O.B normal/16",1,0,visible,,,,,taxable,,1,1,,0,0,,,,,1,AWT,,175,"Нега и заштита > Сексуално здравје и интимна нега",,,,,,,,,,,,0,,0,171,172,,,,,,,,,,,,,,,,,,,,,,,,,,,,,,,,,,,,,,,
9642,simple,,"TAMPONI O.B normal/8",1,0,visible,,,,,taxable,,0,0,,0,0,,,,,1,AWT,,95,"Нега и заштита > Сексуално здравје и интимна нега",,,,,,,,,,,,0,,0,227,228,,,,,,,,,,,,,,,,,,,,,,,,,,,,,,,,,,,,,,,
9643,simple,,"TAMPONI O.B PROCOMFORT super PLUS/16",1,0,visible,,,,,taxable,,1,3,,0,0,,,,,1,AWT,,170,"Нега и заштита > Сексуално здравје и интимна нега",,,,,,,,,,,,0,,0,170,171,,,,,,,,,,,,,,,,,,,,,,,,,,,,,,,,,,,,,,,
9644,simple,,"TEARS NATURALE sol. 15 ml",1,0,visible,,,,,taxable,reduced-rate,1,2,,0,0,,,,,1,ALCON,,270,"Витамини и суплементи > Препарати за око",,,,,,,,,,,,0,,0,295,296,,,,,,,,,,,,,,,,,,,,,,,,,,,,,,,,,,,,,,,
9645,simple,,"TECNA pudra 100 ml",1,0,visible,,,,,taxable,,1,1,,0,0,,,,,1,GALAFARM,,130,"Нега и заштита > Кожа",,,,,,,,,,,,0,,0,288,289,,,,,,,,,,,,,,,,,,,,,,,,,,,,,,,,,,,,,,,
9646,simple,,"TECNA PUDRA SO ANESTEZIN 100 ml",1,0,visible,,,,,taxable,,0,0,,0,0,,,,,1,GALAFARM,,140,"Нега и заштита > Кожа",,,,,,,,,,,,0,,0,651,652,,,,,,,,,,,,,,,,,,,,,,,,,,,,,,,,,,,,,,,
9647,simple,,"TEMA CALCIUM 400 mg X 2eff.0",1,0,visible,,,,,taxable,reduced-rate,1,2,,0,0,,,,,1,UVOZ,,80,"Витамини и суплементи > Коски\, зглобови и мускули",,,,,,,,,,,,0,,0,203,204,,,,,,,,,,,,,,,,,,,,,,,,,,,,,,,,,,,,,,,
9663,simple,,"BIODERMA SEBIUM musant gel 200ML.",1,0,visible,"<p>Sébium Gel moussant нежно ја чисти кожата, без да ја исуши: заедно со цинк сулфат и бакар сулфат, го чисти епидермисот, го намалува бројот на неправилности и го ограничува лачењето на себум. Неговата екстремно нежна формула без сапун ја почитува рамнотежата на кожата: одржува физиолошка pH вредност. Патентираниот природен комплекс го подига прагот на толеранција на кожата.</p>\n<p>-Нежно чисти и прочистува<br />\n-Намалува излачување на себум<br />\n-Спречува запушување на порите<br />\n-Одлична кожна и окуларна подносливост<br />\nНекомедогено – Не ја суши кожата – Без сапун</p>\n<p><strong>Како да го употребувате гелот за чистење на лице и тело?</strong></p>\n<p>Наутро и/или навечер, секојдневно</p>\n<p>1.Нанесете на влажна кожа.<br />\n2. Направете пена.<br />\n3. Исплакнете темелно.<br />\n4. Нежно исушете.<br />\n5.Може да се користи како пена за бричење.</p>\n",,,,taxable,,1,,,0,0,,,,,0,,,860,"Нега и заштита > Кожа, Нега и заштита",,,https://lifeline.mk/wp-content/uploads/2021/11/BIODERMA-SEBIUM-musant-gel-200ML.png,,,,,,,,,0,Bioderma,0,279,280,,classic-editor,08b84f94-0f7a-45bd-83e3-e48fe96e5adf,field_6081ae4f27756,521.55,521.55,0,0,enable,default,default,0,0,0,0,default,default,default,default,default,0,disable,enable,right,default,default,default,258,28,,,,,,,0,,60,"Sébium Gel moussant нежно ја чисти кожата, без да ја исуши: заедно со цинк сулфат и бакар сулфат, го чисти епидермисот, го намалува бројот на неправилности и го ограничува лачењето на себум. Неговата екстремно нежна формула без сапун ја почитува рамнотежата на кожата: одржува физиолошка pH вредност. Патентираниот природен комплекс го подига прагот на толеранција на кожата."
9664,simple,,"TERMOFOR  3L",1,0,visible,,,,,taxable,,0,0,,0,0,,,,,1,"INTEGRAL DOOEL",,220,"Медицински помагала",,,,,,,,,,,,0,,0,804,805,,,,,,,,,,,,,,,,,,,,,,,,,,,,,,,,,,,,,,,
9665,simple,,"WELEDA-LOSION ZA BEBINJA OD NEVEN",1,0,visible,,,,,taxable,,1,,,0,0,,,,,0,,,870,"Бебешка програма > Бебешка козметика, Бебешка програма, Нега и заштита > Кожа, Нега и заштита",,,https://lifeline.mk/wp-content/uploads/2021/11/WELEDA-LOSION-ZA-BEBINJA-OD-NEVEN.jpg,,,,,,,,,0,Weleda,0,348,349,,classic-editor,5c4aa63b-09fb-4d2d-b1ba-78d6f9d1085b,field_6081ae4f27756,553.85,553.85,0,0,enable,default,default,0,0,0,0,default,default,default,default,default,0,disable,enable,right,default,default,default,320,28,,,,,,,,,60,
9666,simple,,"TERMOMETAR LASERSKI QUIKO ERA",1,0,visible,,,,,taxable,,0,0,,0,0,,,,,1,"INTEGRAL DOOEL",,3100,"Медицински помагала",,,,,,,,,,,,0,,0,198,199,,,,,,,,,,,,,,,,,,,,,,,,,,,,,,,,,,,,,,,
9667,simple,,"BIODERMA SENSIBIO micel. r-or 100 ml",1,0,visible,"<p>Sensibio H2O е првата мицеларна вода за чистење и отстранување на шминка за чувствителна кожа.<br />\nСоставена од мицели со одлични својства на чистење и отстранување на шминка, Sensibio H2O длабински го чисти лицето наутро и навечер, спречувајќи на тој начин загадувачите да ја влошат чувствителноста на кожата и да навлезат во истата.</p>\n<p>Формулирана со физиолошка pH вредност од околу 5,5, Sensibio H2O ја почитува биолошката рамнотежа на кожата, што е од суштинско значење за одржување на здрава кожа.<br />\nСмирува и спречува про-воспалителни реакции. Sensibio H2O содржи високо прочистена и фармацевтски квалитетна вода. Исто така, се одликува со комплекс од 3 биомиметички смирувачки шеќери кои го спречуваат воспалителниот процес.<br />\nВнимателниот избор на состојки обезбедува совршена толеранција и гарантира дека сите преостанати траги од производот на кожата не претставуваат ризик од оштетување.</p>\n<p><strong>Како да ја употребувате мицеларната вода?</strong></p>\n<p>Наутро и /или навечер</p>\n<p>1. Натопете памучен тупфер со Sensibio H2O.<br />\n2. Нежно отстранете ја шминката од лицето и очите.<br />\n3. Не мора да се плакне.</p>\n",,,,taxable,,1,2,,0,0,,,,,0,,,510,"Нега и заштита > Кожа, Нега и заштита",,,https://lifeline.mk/wp-content/uploads/2021/11/BIODERMA-SENSIBIO-micel.-r-or-100-ml.jpg,,,,,,,,,0,"Bioderma,Micelarni",0,263,264,,classic-editor,e31102a6-bd0e-4ecc-a1cf-bc69659e1d70,field_6081ae4f27756,310.65,310.65,0,0,enable,default,default,0,0,0,0,default,default,default,default,default,0,disable,enable,right,default,default,default,299,28,,,,,,,,,60,"Sensibio H2O е првата мицеларна вода за чистење и отстранување на шминка за чувствителна кожа.Составена од мицели со одлични својства на чистење и отстранување на шминка, Sensibio H2O длабински го чисти лицето наутро и навечер, спречувајќи на тој начин загадувачите да ја влошат чувствителноста на кожата и да навлезат во истата."
9668,simple,,"TERMOMETAR ZA FRIDZIDER - DIGITALEN",1,0,visible,,,,,taxable,,1,1,,0,0,,,,,1,"DELTA DOO",,650,"Медицински помагала",,,,,,,,,,,,0,,0,137,138,,,,,,,,,,,,,,,,,,,,,,,,,,,,,,,,,,,,,,,
9669,simple,,"SYN-OSTEOFIT FORTE CAPS X60",1,0,visible,,,,,taxable,reduced-rate,1,1,,0,0,,,,,0,,,670,"Витамини и суплементи, Витамини и суплементи > Коски\, зглобови и мускули",,,https://lifeline.mk/wp-content/uploads/2021/11/SYN-OSTEOFIT-FORTE-CAPS-X60.jpg,,,,,,,,,0,Synergy,0,303,304,,classic-editor,dd4b4bdd-ec67-434f-81d1-29c3f3d2e348,field_6081ae4f27756,525.712,525.712,0,0,enable,default,default,0,0,0,0,default,default,default,default,default,0,disable,enable,right,default,default,default,312,27,,,,,,,,,60,
9670,simple,,"TEST ZA BREMENOST SELF CLEAR",1,0,visible,,,,,taxable,,1,4,,0,0,,,,,1,SOMA,,230,"Медицински помагала",,,,,,,,,,,,0,,0,347,348,,,,,,,,,,,,,,,,,,,,,,,,,,,,,,,,,,,,,,,
9671,simple,,"SYN-SYNFOLINE CAPS X60",1,0,visible,,,,,taxable,reduced-rate,1,1,,0,0,,,,,0,,,480,"Витамини и суплементи > Витамини за трудници и доилки, Витамини и суплементи",,,https://lifeline.mk/wp-content/uploads/2021/11/SYN-SYNFOLINE-CAPS-X60.jpg,,,,,,,,,0,Synergy,0,116,117,,classic-editor,89494808-5250-45fd-babc-2b73affff74d,field_6081ae4f27756,373.328,373.328,0,0,enable,default,default,0,0,0,0,default,default,default,default,default,0,disable,enable,right,default,default,default,312,27,,,,,,,,,60,
9672,simple,,"TEST ZA OVULACIJA OVIEW",1,0,visible,,,,,taxable,,0,0,,0,0,,,,,1,"INTEGRAL DOOEL",,360,"Медицински помагала",,,,,,,,,,,,0,,0,338,339,,,,,,,,,,,,,,,,,,,,,,,,,,,,,,,,,,,,,,,
9673,simple,,"SYNERGY OMEGA 3-6-9 gel cps. x 60",1,0,visible,,,,,taxable,reduced-rate,1,1,,0,0,,,,,0,,,520,"Витамини и суплементи > Заштита на срце и крвни садови",,,https://lifeline.mk/wp-content/uploads/2021/11/SYNERGY-OMEGA-3-6-9-gel-cps.-x-60.jpg,,,,,,,,,0,Synergy,0,259,260,,classic-editor,fccf4cf1-fd46-43b1-be37-61332fe2d57a,field_6081ae4f27756,396.192,396.192,0,0,enable,default,default,0,0,0,0,default,default,default,default,default,0,disable,enable,right,default,default,default,312,49,,,,,,,,,60,
9674,simple,,"THERESIENOL MASLO 10 X 1 ML",1,0,visible,,,,,taxable,,1,2,,0,0,,,,,1,UVOZ,,580,"Нега и заштита > Кожа",,,,,,,,,,,,0,,0,249,250,,,,,,,,,,,,,,,,,,,,,,,,,,,,,,,,,,,,,,,
9675,simple,,"THERESIENOL MASLO 5ml",1,0,visible,,,,,taxable,,0,0,,0,0,,,,,1,UVOZ,,840,"Нега и заштита > Кожа",,,,,,,,,,,,0,,0,410,411,,,,,,,,,,,,,,,,,,,,,,,,,,,,,,,,,,,,,,,
9676,simple,,"THERMOMETAR bezkontakten JZK-601",1,0,visible,,,,,taxable,,0,0,,0,0,,,,,1,UVOZ,,1900,"Медицински помагала",,,,,,,,,,,,0,,0,121,122,,,,,,,,,,,,,,,,,,,,,,,,,,,,,,,,,,,,,,,
9677,simple,,"THIOMUCASE anticelul.gel",1,0,visible,,,,,taxable,,1,1,,0,0,,,,,1,HEMOFARM,,980,"Нега и заштита > Кожа",,,,,,,,,,,,0,,0,151,152,,,,,,,,,,,,,,,,,,,,,,,,,,,,,,,,,,,,,,,
9678,simple,,"TIFOL film obl.tbl. 30 x 0,4 mg",1,0,visible,,,,,taxable,reduced-rate,0,0,,0,0,,,,,1,KRKA,,"153,36216","Витамини и суплементи > Витамини за трудници и доилки",,,,,,,,,,,,0,,0,332,333,,,,,,,,,,,,,,,,,,,,,,,,,,,,,,,,,,,,,,,
9679,simple,,"TIGEX 320905 KUTIJA ZA CUCLA 0+m",1,0,visible,,,,,taxable,,1,1,,0,0,,,,,1,EUROALBA,,238,"Бебешка програма > Шишиња\, цуцли и друго",,,,,,,,,,,,0,,0,116,117,,,,,,,,,,,,,,,,,,,,,,,,,,,,,,,,,,,,,,,
9680,simple,,"TIGEX 730100 LAZALKA X 2 SILIKON 0-6M ZEBRA",1,0,visible,,,,,taxable,reduced-rate,0,0,,0,0,,,,,1,EUROALBA,,245,"Бебешка програма > Шишиња\, цуцли и друго",,,,,,,,,,,,0,,0,132,133,,,,,,,,,,,,,,,,,,,,,,,,,,,,,,,,,,,,,,,
9682,simple,,"TONIMER balz.soft nose gel 15ml",1,0,visible,,,,,taxable,reduced-rate,0,0,,0,0,,,,,1,BAYER,,525,"Настинка и грип > Нос",,,,,,,,,,,,0,,0,162,163,,,,,,,,,,,,,,,,,,,,,,,,,,,,,,,,,,,,,,,
9683,simple,,"TONIMER LAB PANTEXYL SPRAY 100ML",1,0,visible,,,,,taxable,reduced-rate,0,0,,0,0,,,,,1,UVOZ,,615,"Настинка и грип > Нос",,,,,,,,,,,,0,,0,246,247,,,,,,,,,,,,,,,,,,,,,,,,,,,,,,,,,,,,,,,
9684,simple,,"TOOTHPOP lizavche - JAGODA",1,0,visible,,,,,taxable,reduced-rate,1,12,,0,0,,,,,1,GEMELLINE,,35,"Бебешка програма > Шишиња\, цуцли и друго",,,,,,,,,,,,0,,0,148,149,,,,,,,,,,,,,,,,,,,,,,,,,,,,,,,,,,,,,,,
9685,simple,,"TOOTHPOP lizavche - MALINA",1,0,visible,,,,,taxable,reduced-rate,0,0,,0,0,,,,,1,GEMELLINE,,35,"Бебешка програма > Шишиња\, цуцли и друго",,,,,,,,,,,,0,,0,110,111,,,,,,,,,,,,,,,,,,,,,,,,,,,,,,,,,,,,,,,
9686,simple,,"TOOTHPOP lizavche - MULTIVITAMINI",1,0,visible,,,,,taxable,reduced-rate,0,0,,0,0,,,,,1,UVOZ,,35,"Бебешка програма > Шишиња\, цуцли и друго",,,,,,,,,,,,0,,0,141,142,,,,,,,,,,,,,,,,,,,,,,,,,,,,,,,,,,,,,,,
9687,simple,,"TOTHEMA (Fe+Mg+Cu) amp. 10ml x 20",1,0,visible,,,,,taxable,reduced-rate,1,50,,0,0,,,,,1,INNO,,"277,12","Витамини и суплементи > Анемија",,,,,,,,,,,,0,,0,3083,3084,,,,,,,,,,,,,,,,,,,,,,,,,,,,,,,,,,,,,,,
9688,simple,,"TRACHISAN oribl.20x(0,5mg+1mg+1mg)",1,0,visible,,,,,taxable,reduced-rate,0,0,,0,0,,,,,1,FABR,,300,"Настинка и грип > Грло",,,,,,,,,,,,0,,0,306,307,,,,,,,,,,,,,,,,,,,,,,,,,,,,,,,,,,,,,,,
9689,simple,,"TRANQUIL cps.x 30",1,0,visible,,,,,taxable,reduced-rate,1,1,,0,0,,,,,0,FART,,940,"Витамини и суплементи > Заштита на нервниот систем",,,https://lifeline.mk/wp-content/uploads/2021/11/TRANQUIL-cps.x-30-.png,,,,,,,,,0,HealthAid,0,272,273,,,,,,,,,,,,,,,,,,,,,,,,,,,,,,,,,,,,,,,
9690,simple,,"TROSLOJNI MASKI za ednokratna upotreba",1,0,visible,,,,,taxable,,1,1800,,0,0,,,,,1,UVOZ,,6,"Медицински помагала",,,,,,,,,,,,0,,0,141,142,,,,,,,,,,,,,,,,,,,,,,,,,,,,,,,,,,,,,,,
9691,simple,,"TYLOL HOT kesicki x 12",1,0,visible,,,,,taxable,reduced-rate,1,59,,0,0,,,,,1,NOBEL,,288,"Настинка и грип",,,,,,,,,,,,0,,0,635,636,,,,,,,,,,,,,,,,,,,,,,,,,,,,,,,,,,,,,,,
9692,simple,,"TYLOL HOT PEDIATRIC kesicki x 12",1,0,visible,,,,,taxable,reduced-rate,1,18,,0,0,,,,,1,NOBEL,,172,"Настинка и грип",,,,,,,,,,,,0,,0,258,259,,,,,,,,,,,,,,,,,,,,,,,,,,,,,,,,,,,,,,,
9693,simple,,"UNITEARS SOL 10ML- UNIMED",1,0,visible,,,,,taxable,reduced-rate,0,0,,0,0,,,,,1,UNIMED,,340,"Витамини и суплементи > Препарати за око",,,,,,,,,,,,0,,0,377,378,,,,,,,,,,,,,,,,,,,,,,,,,,,,,,,,,,,,,,,
9694,simple,,"UR- HYSEAC SOS PASTE 15G",1,0,visible,,,,,taxable,,1,1,,notify,0,,,,,0,"<p>URIAGE</p>
",,700,"Нега и заштита > Кожа",,,https://lifeline.mk/wp-content/uploads/2021/11/UR-HYSEAC-SOS-PASTE-15G.jpg,,,,,,,,,0,"Hyséac,Uriage",0,162,163,,,,,,,,,,,,,,,,,,,,,,,,,,,,,,,,,,,,,,,
9695,simple,,"URIAGE AGE PROTECT KREM LICE 40ml MULTIACTION",1,0,visible,,,,,taxable,,1,2,,0,0,,,,,0,URIAGE,,1500,"Нега и заштита > Кожа, Нега и заштита",,,https://lifeline.mk/wp-content/uploads/2021/11/URIAGE-AGE-PROTECT-KREM-LICE-40ml-MULTIACTION.jpg,,,,,,,,,0,Uriage,0,228,229,,,,,,,,,,,,,,,,,,,,,,,,,,,,,,,,,,,,,,,
9696,simple,,"4U BIMUNAL IMUNO ADULTS CAPSX30",1,0,visible,,,,,taxable,reduced-rate,1,1,,0,0,,,,,0,,,220,"Витамини и суплементи, Витамини и суплементи > Имунитет",,,https://lifeline.mk/wp-content/uploads/2021/11/4U-BIMUNAL-IMUNO-ADULTS-CAPSX30.png,,,,,,,,,0,"4U Pharma",0,302,303,,classic-editor,89747609-501e-4ffb-aedb-6bc940451a25,field_6081ae4f27756,161.7,161.7,0,0,enable,default,default,0,0,0,0,default,default,default,default,default,0,disable,enable,right,default,default,default,348,27,,,,,,,,,60,
9697,simple,,"4U VIRANTO FORTE ADULTS CPSX20",1,0,visible,,,,,taxable,reduced-rate,1,1,,0,0,,,,,0,,,230,"Витамини и суплементи, Витамини и суплементи > Имунитет",,,https://lifeline.mk/wp-content/uploads/2021/11/4U-VIRANTO-FORTE-ADULTS.png,,,,,,,,,0,"4U Pharma",0,268,269,,classic-editor,1d6f2803-f588-4ac4-bcb4-d90b823e4568,field_6081ae4f27756,166.6,166.6,0,0,enable,default,default,0,0,0,0,default,default,default,default,default,0,disable,enable,right,default,default,default,348,27,,,,,,,,,60,
9698,simple,,"URIAGE XEMOSE BABY MASLO PROTIV CESHANJE 500ml",1,0,visible,,,,,taxable,,backorder,0,,notify,0,,,,,0,"<p>URIAGE</p>
",,800,"Бебешка програма > Бебешка козметика, Бебешка програма",,,https://lifeline.mk/wp-content/uploads/2021/11/uriage_baby_1st_cleansing_soothing_oil_500ml.jpg,,,,,,,,,0,Uriage,0,317,318,,,,,,,,,,,,,,,,,,,,,,,,,,,,,,,,,,,,,,,
9699,simple,,"URIAGE BABY MASLO ZA KAPENJE 500ml",1,0,visible,,,,,taxable,,1,2,,notify,0,,,,,0,URIAGE,,880,"Бебешка програма > Бебешка козметика, Бебешка програма",,,https://lifeline.mk/wp-content/uploads/2021/11/uriage-baby-1st-cleansing-oil-500ml.jpg,,,,,,,,,0,Uriage,0,311,312,,,,,,,,,,,,,,,,,,,,,,,,,,,,,,,,,,,,,,,
9700,simple,,"ALVOGEN ORS JAGODA",1,0,visible,,,,,taxable,reduced-rate,0,0,,0,0,,,,,0,,,300,"Витамини и суплементи, Витамини и суплементи > Дигестивен тракт и пробиотици",,,https://lifeline.mk/wp-content/uploads/2021/11/ALVOGEN-ORS-JAGODA-.png,,,,,,,,,0,Alvogen,0,134,135,,classic-editor,0a106db8-99a5-49a0-8af9-5ed255e86e19,field_6081ae4f27756,233.9848,233.9848,0,0,enable,default,default,0,0,0,0,default,default,default,default,default,0,disable,enable,right,default,default,default,350,27,,,,,,,,,60,
9701,simple,,"URIAGE BEBE 1ER ZASTITNA KREMA 100ml.",1,0,visible,,,,,taxable,,1,2,,notify,0,,,,,0,URIAGE,,465,"Бебешка програма > Бебешка козметика, Бебешка програма",,,https://lifeline.mk/wp-content/uploads/2021/11/uriage-baby-1st-change-cream-100ml.jpg,,,,,,,,,0,Uriage,0,308,309,,,,,,,,,,,,,,,,,,,,,,,,,,,,,,,,,,,,,,,
9702,simple,,"APURETIN SLIM caps.x 60",1,0,visible,,,,,taxable,reduced-rate,0,0,,0,0,,,,,0,,,470,"Витамини и суплементи, Витамини и суплементи > Препарати за слабеење",,,https://lifeline.mk/wp-content/uploads/2021/11/APURETIN-SLIM-caps.x-60.png,,,,,,,,,0,Natusana,0,300,301,,classic-editor,a4dd893b-353d-4b95-bdd1-beefeb2215e1,field_6081ae4f27756,349.2,349.2,0,0,enable,default,default,0,0,0,0,default,default,default,default,default,0,disable,enable,right,default,default,default,351,27,,,,,,,,,60,
9703,simple,,"BECUTAN KIDS VIT.B-COMPLEX sirup 100ml",1,0,visible,,,,,taxable,,0,0,,0,0,,,,,0,,,220,"Витамини и суплементи, Витамини и суплементи > Заштита на нервниот систем",,,https://lifeline.mk/wp-content/uploads/2021/11/BECUTAN-KIDS-VIT.B-COMPLEX-sirup-100ml.png,,,,,,,,,0,Becutan,0,214,215,,classic-editor,186ad431-b3eb-49dd-9143-48adbc943bd1,field_6081ae4f27756,148.8,148.8,0,0,enable,default,default,0,0,0,0,default,default,default,default,default,0,disable,enable,right,default,default,default,311,27,,,,,,,,,60,
9704,simple,,"URIAGE HYSEAC MASKA PEEL-OFF 50ml",1,0,visible,,,,,taxable,,1,2,,0,0,,,,,0,"<p>URIAGE</p>
",,630,"Нега и заштита > Кожа, Нега и заштита",,,https://lifeline.mk/wp-content/uploads/2021/11/URIAGE-HYSEAC-MASKA-PEEL-OFF-50ml.jpg,,,,,,,,,0,"Hyséac,Uriage",0,249,250,,,,,,,,,,,,,,,,,,,,,,,,,,,,,,,,,,,,,,,
9705,simple,,"URIAGE ROSELIAN CC KREM SPF30 40 ml",1,0,visible,,,,,taxable,,1,1,,0,0,,,,,0,URIAGE,,"875,088","Нега и заштита > Кожа, Нега и заштита",,,https://lifeline.mk/wp-content/uploads/2021/11/URIAGE-ROSELIAN-CC-KREM-SPF30-40-ml.jpg,,,,,,,,,0,Uriage,0,180,181,,,,,,,,,,,,,,,,,,,,,,,,,,,,,,,,,,,,,,,
9706,simple,,"URIAGE ROSELIAN KREM PF30 40ml",1,0,visible,,,,,taxable,,1,1,,0,0,,,,,0,URIAGE,,"840,08448","Нега и заштита > Кожа, Нега и заштита",,,https://lifeline.mk/wp-content/uploads/2021/11/URIAGE-ROSELIAN-KREM-PF30-40ml.jpg,,,,,,,,,0,Uriage,0,272,273,,,,,,,,,,,,,,,,,,,,,,,,,,,,,,,,,,,,,,,
9707,simple,,"URIAGE shampon protiv PRVUT 200ML",1,0,visible,,,,,taxable,,1,1,,0,0,,,,,0,"<p>URIAGE</p>
",,540,"Нега и заштита > Коса, Нега и заштита",,,https://lifeline.mk/wp-content/uploads/2021/11/URIAGE-shampon-protiv-PERUT-200ML.jpg,,,,,,,,,0,Uriage,0,228,229,,,,,,,,,,,,,,,,,,,,,,,,,,,,,,,,,,,,,,,
9708,simple,,"URIAGE TERM.MICELARNA VODA PLAVA 250ml",1,0,visible,,,,,taxable,,1,1,,0,0,,,,,0,URIAGE,,590,"Нега и заштита > Кожа, Нега и заштита",,,https://lifeline.mk/wp-content/uploads/2021/11/blue.jpg,,,,,,,,,0,Uriage,0,207,208,,,,,,,,,,,,,,,,,,,,,,,,,,,,,,,,,,,,,,,
9709,simple,,"URIAGE TERM.MICELARNA VODA ROZE 250ml",1,0,visible,,,,,taxable,,1,1,,0,0,,,,,0,URIAGE,,570,"Нега и заштита > Кожа, Нега и заштита",,,https://lifeline.mk/wp-content/uploads/2021/11/424148.jpg,,,,,,,,,0,Uriage,0,391,392,,,,,,,,,,,,,,,,,,,,,,,,,,,,,,,,,,,,,,,
9710,simple,,"URIAGE TERM.MICELARNA VODA ZELENA 250ml",1,0,visible,,,,,taxable,,1,1,,0,0,,,,,0,"<p>URIAGE</p>
",,560,"Нега и заштита > Кожа, Нега и заштита",,,https://lifeline.mk/wp-content/uploads/2021/11/3661434003660.jpg,,,,,,,,,0,Uriage,0,215,216,,,,,,,,,,,,,,,,,,,,,,,,,,,,,,,,,,,,,,,
9711,simple,,"CARBO MEDICINALIS  CARBOMED   tbl. 30 x 150 mg",1,0,visible,,,,,taxable,reduced-rate,1,5,,0,0,,,,,0,,,210,"Витамини и суплементи, Витамини и суплементи > Дигестивен тракт и пробиотици",,,https://lifeline.mk/wp-content/uploads/2021/11/CARBO-MEDICINALIS-CARBOMED-.png,,,,,,,,,0,JGL,0,442,443,,classic-editor,270f2ca3-a2a4-403b-8ff3-a2c9b12c37a5,field_6081ae4f27756,159.6,159.6,0,0,enable,default,default,0,0,0,0,default,default,default,default,default,0,disable,enable,right,default,default,default,316,27,,,,,,,,,60,
9731,simple,,"URIAGE XEMOSE MASLEN balsam 500ml.",1,0,visible,,,,,taxable,,backorder,,,0,0,,,,,0,"<p>URIAGE</p>
",,1050,"Нега и заштита > Кожа, Нега и заштита",,,https://lifeline.mk/wp-content/uploads/2021/11/URIAGE-XEMOSE-MASLEN-balsam-500ml.jpg,,,,,,,,,0,Uriage,0,266,267,,,,,,,,,,,,,,,,,,,,,,,,,,,,,,,,,,,,,,,
9732,simple,,"URIFAR pulv. x 14 kesicki",1,0,visible,,,,,taxable,reduced-rate,1,21,,0,0,,,,,0,"HERBAL PLUS SENSILAB",,1012,"Витамини и суплементи > Уринарен систем",,,https://lifeline.mk/wp-content/uploads/2021/11/urifar.jpg,,,,,,,,,0,Sensilab,0,314,315,,,,,,,,,,,,,,,,,,,,,,,,,,,,,,,,,,,,,,,
9733,simple,,"DR.THEISS BRSHLEN sir. 250ML",1,0,visible,,,,,taxable,reduced-rate,0,0,,0,0,,,,,0,,,270,"Настинка и грип > Кашлица, Настинка и грип",,,https://lifeline.mk/wp-content/uploads/2021/11/DR.THEISS-BRSHLEN-sir.-250ML-.png,,,,,,,,,0,"Dr. Theiss,Natusana",0,101,102,,classic-editor,49d9a231-8b02-40e0-a77b-6764a96756b5,field_6081ae4f27756,204.16,204.16,0,0,enable,default,default,0,0,0,0,default,default,default,default,default,0,disable,enable,right,default,default,default,351,40,,,,,,,,,60,
9734,simple,,"URIMIL GEL 50ML",1,0,visible,,,,,taxable,,0,0,,0,0,,,,,1,UVOZ,,640,"Витамини и суплементи > Уринарен систем",,,,,,,,,,,,0,,0,221,222,,,,,,,,,,,,,,,,,,,,,,,,,,,,,,,,,,,,,,,
9735,simple,,"URIN KESI detski -UNISEX -zolto/zeleni",1,0,visible,,,,,taxable,,1,3,,0,0,,,,,1,ASTRA,,20,"Медицински помагала",,,,,,,,,,,,0,,0,154,155,,,,,,,,,,,,,,,,,,,,,,,,,,,,,,,,,,,,,,,
9736,simple,,"URIN KESI unisex- PEDIJATRISKI",1,0,visible,,,,,taxable,reduced-rate,1,4,,0,0,,,,,1,KDM,,11,"Медицински помагала",,,,,,,,,,,,0,,0,137,138,,,,,,,,,,,,,,,,,,,,,,,,,,,,,,,,,,,,,,,
9737,simple,,"DR.VITON  K2 KOMPLEX X30 caps.",1,0,visible,,,,,taxable,reduced-rate,1,1,,0,0,,,,,0,,,430,"Витамини и суплементи, Витамини и суплементи > Заштита на срце и крвни садови, Витамини и суплементи > Коски\, зглобови и мускули",,,https://lifeline.mk/wp-content/uploads/2021/11/DR.VITON-K2-KOMPLEX-X30-caps.png,,,,,,,,,0,"Dr. Viton",0,241,242,,classic-editor,1f6cccde-d06a-47f8-8ee3-f91d155ebf18,field_6081ae4f27756,333.2,333.2,0,0,enable,default,default,0,0,0,0,default,default,default,default,default,0,disable,enable,right,default,default,default,359,27,,,,,,,,,60,
9738,simple,,"URO 3 caps.x20",1,0,visible,,,,,taxable,reduced-rate,1,1,,0,0,,,,,1,FORTEX,,480,"Витамини и суплементи > Уринарен систем",,,,,,,,,,,,0,,0,325,326,,,,,,,,,,,,,,,,,,,,,,,,,,,,,,,,,,,,,,,
9739,simple,,"VAGISAN vaginaleti x 7",1,0,visible,,,,,taxable,reduced-rate,1,1,,0,0,,,,,1,EUROFARM,,590,"Нега и заштита > Сексуално здравје и интимна нега",,,,,,,,,,,,0,,0,526,527,,,,,,,,,,,,,,,,,,,,,,,,,,,,,,,,,,,,,,,
9740,simple,,"VALERIAL sol. 30 ml (*ALK)",1,0,visible,,,,,taxable,,1,2,,0,0,,,,,1,ALKALOID,,140,"Витамини и суплементи > Заштита на нервниот систем",,,,,,,,,,,,0,,0,189,190,,,,,,,,,,,,,,,,,,,,,,,,,,,,,,,,,,,,,,,
9741,simple,,"DR.WOLZ DARMFLORA PLUS CAPS X 10",1,0,visible,,,,,taxable,reduced-rate,1,3,,0,0,,,,,0,,,400,"Витамини и суплементи, Витамини и суплементи > Дигестивен тракт и пробиотици, Витамини и суплементи > Имунитет",,,https://lifeline.mk/wp-content/uploads/2021/11/DR.WOLZ-DARMFLORA-PLUS-CAPS-X-10.png,,,,,,,,,0,"Dr. Wolz",0,517,518,,classic-editor,76c34405-1307-4b36-bb28-051bef0cf529,field_6081ae4f27756,311.6695,311.6695,0,0,enable,default,default,0,0,0,0,default,default,default,default,default,0,disable,enable,right,default,default,default,361,27,,,,,,,,,60,
9742,simple,,"VATA sanitetska CIK-CAK 50g",1,0,visible,,,,,taxable,,1,2,,0,0,,,,,1,TOSAMA,,45,"Медицински помагала",,,,,,,,,,,,0,,0,156,157,,,,,,,,,,,,,,,,,,,,,,,,,,,,,,,,,,,,,,,
9743,simple,,"VAZELIN 100 gr",1,0,visible,,,,,taxable,,1,1,,0,0,,,,,1,FITOFARM,,110,"Нега и заштита > Кожа",,,,,,,,,,,,0,,0,489,490,,,,,,,,,,,,,,,,,,,,,,,,,,,,,,,,,,,,,,,
9744,simple,,"VAZELIN NEVEN i d-panthenol 50 ml",1,0,visible,,,,,taxable,,0,0,,0,0,,,,,1,GALAFARM,,80,"Нега и заштита > Кожа",,,,,,,,,,,,0,,0,181,182,,,,,,,,,,,,,,,,,,,,,,,,,,,,,,,,,,,,,,,
9745,simple,,"VAZELIN NEVEN/D-PANTENOL 100ml",1,0,visible,,,,,taxable,,1,2,,0,0,,,,,1,GALAFARM,,120,"Нега и заштита > Кожа",,,,,,,,,,,,0,,0,174,175,,,,,,,,,,,,,,,,,,,,,,,,,,,,,,,,,,,,,,,
9746,simple,,"VEET krem za dep.cveten-rozev 100ml",1,0,visible,,,,,taxable,,1,1,,0,0,,,,,1,VIT,,210,"Нега и заштита > Кожа",,,,,,,,,,,,0,,0,194,195,,,,,,,,,,,,,,,,,,,,,,,,,,,,,,,,,,,,,,,
9747,simple,,"VEET krema za depil.so aloe vera-plav 100ml",1,0,visible,,,,,taxable,,1,1,,0,0,,,,,1,VIT,,210,"Нега и заштита > Кожа",,,,,,,,,,,,0,,0,218,219,,,,,,,,,,,,,,,,,,,,,,,,,,,,,,,,,,,,,,,
9748,simple,,"VEET LADEN VOSOK NATURAL / 20 LENTI",1,0,visible,,,,,taxable,,0,0,,0,0,,,,,1,VIT,,314,"Нега и заштита > Кожа",,,,,,,,,,,,0,,0,175,176,,,,,,,,,,,,,,,,,,,,,,,,,,,,,,,,,,,,,,,
9749,simple,,"VEET LADEN VOSOK TRAKI SENS.X40",1,0,visible,,,,,taxable,,0,0,,0,0,,,,,1,UVOZ,,600,"Нега и заштита > Кожа",,,,,,,,,,,,0,,0,223,224,,,,,,,,,,,,,,,,,,,,,,,,,,,,,,,,,,,,,,,
9750,simple,,"VEET lenti za depilacija x 20",1,0,visible,,,,,taxable,,0,0,,0,0,,,,,1,UVOZ,,315,"Нега и заштита > Кожа",,,,,,,,,,,,0,,0,232,233,,,,,,,,,,,,,,,,,,,,,,,,,,,,,,,,,,,,,,,
9751,simple,,"VEET LENTI ZA DEPILACIJA x40",1,0,visible,,,,,taxable,,1,58,,0,0,,,,,1,KOZMETIKA,,600,"Нега и заштита > Кожа",,,,,,,,,,,,0,,0,307,308,,,,,,,,,,,,,,,,,,,,,,,,,,,,,,,,,,,,,,,
9752,simple,,"VEET TRAKI ZA LICE MALI x 20PCS",1,0,visible,,,,,taxable,,1,2,,0,0,,,,,1,VIT,,300,"Нега и заштита > Кожа",,,,,,,,,,,,0,,0,148,149,,,,,,,,,,,,,,,,,,,,,,,,,,,,,,,,,,,,,,,
9753,simple,,"Veet traki za telo plavi/ 20",1,0,visible,,,,,taxable,,0,0,,0,0,,,,,1,VIT,,300,"Нега и заштита > Кожа",,,,,,,,,,,,0,,0,164,165,,,,,,,,,,,,,,,,,,,,,,,,,,,,,,,,,,,,,,,
9754,simple,,"VENASALIK KREM GEL ZA NOZE 50ml",1,0,visible,,,,,taxable,,1,1,,0,0,,,,,1,UVOZ,,630,"Нега и заштита > Кожа",,,,,,,,,,,,0,,0,488,489,,,,,,,,,,,,,,,,,,,,,,,,,,,,,,,,,,,,,,,
9755,simple,,"VENDOKSIN kapki 50 ml",0,0,visible,,,,,taxable,,0,,,0,0,,,,,1,"<p>ODE</p>
",,940,"Витамини и суплементи > Заштита на срце и крвни садови",,,,,,,,,,,,0,,0,,,,,,,,,,,,,,,,,,,,,,,,,,,,,,,,,,,,,,,,,
9756,simple,,"VICHY Aqualia Thermal крема за нормална до комбинирана кожа 50ML",1,0,visible,,,,,taxable,,0,,,0,0,,,,,0,"<p>VICHY</p>
",,1865,"Нега и заштита > Кожа, Нега и заштита",,,https://lifeline.mk/wp-content/uploads/2021/11/VICHY-AQUALIA-THERMAL-LIGHT-CREME-50ML.jpg,,,,,,,,,0,Vichy,0,298,299,,classic-editor,,,,,,,,,,,,,,,,,,,,,,,,,,,,0,,,,,,0,,,
9757,simple,,"VICHY Aqualia Thermal крема за сува кожа 50ML",1,0,visible,,,,,taxable,,0,,,0,0,,,,,0,"<p>VICHY</p>
",,1865,"Нега и заштита > Кожа, Нега и заштита",,,https://lifeline.mk/wp-content/uploads/2021/11/VICHY-AQUALIA-THERMAL-RICH-CREME-50ML.jpg,,,,,,,,,0,Vichy,0,229,230,,classic-editor,,,,,,,,,,,,,,,,,,,,,,,,,,,,0,,,,,,0,,,
9758,simple,,"VICHY Idealia крема за нормална до комбинирана кожа   50ml",1,0,visible,,,,,taxable,,0,,,0,0,,,,,0,"<p>VICHY</p>
",,2050,"Нега и заштита > Кожа, Нега и заштита",,,https://lifeline.mk/wp-content/uploads/2021/11/VICHY-IDEALIA-PNM-CREAM-50ML-3.jpg,,,,,,,,,0,Vichy,0,221,222,,,,,,,,,,,,,,,,,,,,,,,,,,,,,,,,,,,,0,,60,
9760,simple,,"VIDERMINA CLX ovuli 10X3gr",1,0,visible,,,,,taxable,reduced-rate,1,1,,0,0,,,,,1,BAYER,,620,"Нега и заштита > Сексуално здравје и интимна нега",,,,,,,,,,,,0,,0,286,287,,,,,,,,,,,,,,,,,,,,,,,,,,,,,,,,,,,,,,,
9767,simple,,"VIDERMINA PREBIOTIC ovuli x 10",1,0,visible,,,,,taxable,reduced-rate,0,0,,0,0,,,,,1,UVOZ,,590,"Нега и заштита > Сексуално здравје и интимна нега",,,,,,,,,,,,0,,0,186,187,,,,,,,,,,,,,,,,,,,,,,,,,,,,,,,,,,,,,,,
9768,simple,,"VIRFIX br. 1 - 2m",1,0,visible,,,,,taxable,,1,1,,0,0,,,,,1,TOSAMA,,45,"Медицински помагала",,,,,,,,,,,,0,,0,137,138,,,,,,,,,,,,,,,,,,,,,,,,,,,,,,,,,,,,,,,
9769,simple,,"VIRFIX br. 3 - 2m",1,0,visible,,,,,taxable,,1,1,,0,0,,,,,1,TOSAMA,,55,"Медицински помагала",,,,,,,,,,,,0,,0,154,155,,,,,,,,,,,,,,,,,,,,,,,,,,,,,,,,,,,,,,,
9770,simple,,"VIRFIX br. 4 - 2m",1,0,visible,,,,,taxable,,1,1,,0,0,,,,,1,TOSAMA,,60,"Медицински помагала",,,,,,,,,,,,0,,0,149,150,,,,,,,,,,,,,,,,,,,,,,,,,,,,,,,,,,,,,,,
9771,simple,,"VIRFIX br. 5 - 2m",1,0,visible,,,,,taxable,,1,1,,0,0,,,,,1,TOSAMA,,65,"Медицински помагала",,,,,,,,,,,,0,,0,151,152,,,,,,,,,,,,,,,,,,,,,,,,,,,,,,,,,,,,,,,
9772,simple,,"VIRFIX br. 6 - 2m",1,0,visible,,,,,taxable,,1,1,,0,0,,,,,1,TOSAMA,,110,"Медицински помагала",,,,,,,,,,,,0,,0,188,189,,,,,,,,,,,,,,,,,,,,,,,,,,,,,,,,,,,,,,,
9773,simple,,"VITA krem so kolagen 50ml",1,0,visible,,,,,taxable,,0,0,,0,0,,,,,1,BAYER,,275,"Нега и заштита > Кожа",,,,,,,,,,,,0,,0,196,197,,,,,,,,,,,,,,,,,,,,,,,,,,,,,,,,,,,,,,,
9774,simple,,"VITABIOTICS FEROGLOBULIN B12 cps. x30",1,0,visible,,,,,taxable,reduced-rate,1,2,,0,0,,,,,0,"VITABIOTICS ENGLAND",,670,"Витамини и суплементи > Анемија, Витамини и суплементи",,,https://lifeline.mk/wp-content/uploads/2021/11/feroglobin.jpg,,,,,,,,,0,Vitabiotics,0,849,859,,,,,,,,,,,,,,,,,,,,,,,,,,,,,,,,,,,,,,,
9775,simple,,"VITABIOTICS JOINTACE colagen tbl.x 30",1,0,visible,,,,,taxable,reduced-rate,0,0,,0,0,,,,,0,"VITABIOTICS ENGLAND",,850,"Витамини и суплементи > Коски\, зглобови и мускули",,,https://lifeline.mk/wp-content/uploads/2021/11/jointace.jpg,,,,,,,,,0,Vitabiotics,0,315,316,,,,,,,,,,,,,,,,,,,,,,,,,,,,,,,,,,,,,,,
9776,simple,,"VITABIOTICS OSTEOCARE tbl x 30",1,0,visible,,,,,taxable,reduced-rate,1,2,,0,0,,,,,0,"VITABIOTICS ENGLAND",,470,"Витамини и суплементи > Коски\, зглобови и мускули",,,https://lifeline.mk/wp-content/uploads/2021/11/osteocare-1.jpg,,,,,,,,,0,Vitabiotics,0,219,220,,,,,,,,,,,,,,,,,,,,,,,,,,,,,,,,,,,,,,,
9777,simple,,"ESI NOGLIC tbl. x 30",1,0,visible,,,,,taxable,reduced-rate,1,1,,0,0,,,,,0,,,300,"Витамини и суплементи, Витамини и суплементи > Дијабетес",,,https://lifeline.mk/wp-content/uploads/2021/11/ESI-NOGLIC-tbl.-x-30.png,,,,,,,,,0,Esi,0,259,261,,classic-editor,135524a7-9180-4249-8736-930c8741258d,field_6081ae4f27756,228,228,0,0,enable,default,default,0,0,0,0,default,default,default,default,default,0,disable,enable,right,default,default,default,362,27,,,,,,,,,60,
9778,simple,,"ESI NO DOL TRAUMGEL gel 50 ml",1,0,visible,,,,,taxable,,1,1,,0,0,,,,,0,,,330,"Против болка",,,https://lifeline.mk/wp-content/uploads/2021/11/ESI-NO-DOL-TRAUMGEL-gel-50-ml.png,,,,,,,,,0,Esi,0,259,260,,classic-editor,6e291641-9037-4d1d-9a00-3aa2ba355845,field_6081ae4f27756,218.5,218.5,0,0,enable,default,default,0,0,0,0,default,default,default,default,default,0,disable,enable,right,default,default,default,362,26,,,,,,,,,60,
9779,simple,,"VITAMIN AD sol.10 ml (22522 IU+5000 IU)/ml",1,0,visible,,,,,taxable,reduced-rate,1,1,,0,0,,,,,1,HEMOFARM,,125,"Витамини и суплементи > Имунитет",,,,,,,,,,,,0,,0,184,185,,,,,,,,,,,,,,,,,,,,,,,,,,,,,,,,,,,,,,,
9780,simple,,"VITAMIN B17 caps.x 60",1,0,visible,,,,,taxable,reduced-rate,1,1,,0,0,,,,,1,UVOZ,,1220,"Витамини и суплементи > Заштита на нервниот систем",,,,,,,,,,,,0,,0,389,390,,,,,,,,,,,,,,,,,,,,,,,,,,,,,,,,,,,,,,,
9781,simple,,"ESPUMISAN cps. 25 x 40 mg",1,0,visible,,,,,taxable,reduced-rate,1,3,,0,0,,,,,0,,,220,"Витамини и суплементи, Витамини и суплементи > Дигестивен тракт и пробиотици",,,https://lifeline.mk/wp-content/uploads/2021/11/espumisan25.jpg,,,,,,,,,0,"Berlin Chemie",0,284,285,,classic-editor,8b075f29-4d5b-4ee3-8a59-903d48a2d0cb,field_6081ae4f27756,168.36,168.36,0,0,enable,default,default,0,0,0,0,default,default,default,default,default,0,disable,enable,right,default,default,default,363,27,,,,,,,,,60,
9782,simple,,"ESPUMISAN cps. 50 x 40 mg",1,0,visible,,,,,taxable,reduced-rate,1,2,,0,0,,,,,0,,,410,"Витамини и суплементи, Витамини и суплементи > Дигестивен тракт и пробиотици",,,https://lifeline.mk/wp-content/uploads/2021/11/espumisan50.jpg,,,,,,,,,0,"Berlin Chemie",0,214,215,,classic-editor,5a214dc4-f4cb-44ba-8d52-4ea3ba66bbd0,field_6081ae4f27756,309.12,309.12,0,0,enable,default,default,0,0,0,0,default,default,default,default,default,0,disable,enable,right,default,default,default,363,27,,,,,,,,,60,
9783,simple,,"ESPUMISAN L per.emul.30 ml (40 mg/ml)",1,0,visible,,,,,taxable,reduced-rate,1,2,,0,0,,,,,0,,,370,"Витамини и суплементи, Витамини и суплементи > Дигестивен тракт и пробиотици",,,https://lifeline.mk/wp-content/uploads/2021/11/espumisanl.jpg,,,,,,,,,0,"Berlin Chemie",0,329,330,,classic-editor,f9b33d78-09f8-484f-b482-2e20aded2893,field_6081ae4f27756,271.4,271.4,0,0,enable,default,default,0,0,0,0,default,default,default,default,default,0,disable,enable,right,default,default,default,363,27,,,,,,,,,60,
9784,simple,,"FEMISAN A sol 30ml.",1,0,visible,,,,,taxable,,0,0,,0,0,,,,,0,,,620,"Витамини и суплементи, Витамини и суплементи > Менопауза и пмс",,,https://lifeline.mk/wp-content/uploads/2021/11/FEMISAN-A-sol-30ml.-.png,,,,,,,,,0,Femisan,0,91,92,,classic-editor,5356cc31-c497-49ba-a164-8e10df25ae01,field_6081ae4f27756,429,429,0,0,enable,default,default,0,0,0,0,default,default,default,default,default,0,disable,enable,right,default,default,default,364,27,,,,,,,,,60,
9785,simple,,"VITAMIN C caps.30 x 500mg Geoprom",1,0,visible,,,,,taxable,reduced-rate,0,0,,0,0,,,,,1,GEOPROM,,130,"Витамини и суплементи > Имунитет",,,,,,,,,,,,0,,0,151,152,,,,,,,,,,,,,,,,,,,,,,,,,,,,,,,,,,,,,,,
9786,simple,,"FERVEX children sugar freeX8",1,0,visible,,,,,taxable,reduced-rate,0,0,,0,0,,,,,0,,,256,"Настинка и грип > Настинка и грип, Настинка и грип",,,https://lifeline.mk/wp-content/uploads/2021/11/decafervex.jpg,,,,,,,,,0,Amicus,0,177,178,,classic-editor,91782039-6d80-494f-97b7-b0eebe57c7be,field_6081ae4f27756,194.75,194.75,0,0,enable,default,default,0,0,0,0,default,default,default,default,default,0,disable,enable,right,default,default,default,365,25,,,,,,,,,60,
9787,simple,,"VITAMIN C tbl. 250 x 500 mg",1,0,visible,,,,,taxable,reduced-rate,1,410,,0,0,,,,,1,ALKALOID,,950,"Витамини и суплементи > Имунитет",,,,,,,,,,,,0,,0,153,154,,,,,,,,,,,,,,,,,,,,,,,,,,,,,,,,,,,,,,,
9788,simple,,"FITALP tonik 150 ml",1,0,visible,,,,,taxable,,1,1,,0,0,,,,,0,,,220,"Против болка",,,https://lifeline.mk/wp-content/uploads/2021/11/FITALP-tonik-150-ml-.png,,,,,,,,,0,Fitofarm,0,162,163,,classic-editor,2e0e5dbc-b29b-41b9-8a42-6e568af4e10a,field_6081ae4f27756,145.4232,145.4232,0,0,enable,default,default,0,0,0,0,default,default,default,default,default,0,disable,enable,right,default,default,default,366,26,,,,,,,,,60,
9789,simple,,"VITAMIN D3 2000 IE SUNDOVIT X60 caps",1,0,visible,,,,,taxable,reduced-rate,0,0,,0,0,,,,,1,UVOZ,,350,"Витамини и суплементи > Имунитет",,,,,,,,,,,,0,,0,177,178,,,,,,,,,,,,,,,,,,,,,,,,,,,,,,,,,,,,,,,
9790,simple,,"VITAMIN D3 2000 PROTEGO",1,0,visible,,,,,taxable,reduced-rate,1,5,,0,0,,,,,0,"RIFAM DOO",,350,"Витамини и суплементи > Имунитет",,,https://lifeline.mk/wp-content/uploads/2021/11/protego.jpg,,,,,,,,,0,Protego,0,614,615,,,,,,,,,,,,,,,,,,,,,,,,,,,,,,,,,,,,,,,
9791,simple,,"VITAMIN D3 4000 IE X 60 caps.",1,0,visible,,,,,taxable,reduced-rate,0,0,,0,0,,,,,1,UVOZ,,420,"Витамини и суплементи > Имунитет",,,,,,,,,,,,0,,0,197,198,,,,,,,,,,,,,,,,,,,,,,,,,,,,,,,,,,,,,,,
9792,simple,,"VITROGEN X16AMP.",1,0,visible,,,,,taxable,reduced-rate,0,0,,0,0,,,,,1,"BAYER OTC",,1420,"Витамини и суплементи > Препарати за око",,,,,,,,,,,,0,,0,271,272,,,,,,,,,,,,,,,,,,,,,,,,,,,,,,,,,,,,,,,
9793,simple,,"VIVAAQUA flas.vodoot. steril 10x9",1,0,visible,,,,,taxable,,0,0,,0,0,,,,,1,TOSAMA,,"35,7919488","Медицински помагала",,,,,,,,,,,,0,,0,128,129,,,,,,,,,,,,,,,,,,,,,,,,,,,,,,,,,,,,,,,
9794,simple,,"VIVAAQUA FLASTER VODOOTPOREN ( 10X9 ) X 50",1,0,visible,,,,,taxable,,1,3,,0,0,,,,,1,UVOZ,,2000,"Медицински помагала",,,,,,,,,,,,0,,0,217,218,,,,,,,,,,,,,,,,,,,,,,,,,,,,,,,,,,,,,,,
9795,simple,,"VIVAFLEX (tkaen) el.zavoj 8cm x 5m",1,0,visible,,,,,taxable,,1,2,,0,0,,,,,1,TOSAMA,,190,"Медицински помагала",,,,,,,,,,,,0,,0,195,196,,,,,,,,,,,,,,,,,,,,,,,,,,,,,,,,,,,,,,,
9796,simple,,"VIVAPORE FLASTER ( 5X7 ) X100",1,0,visible,,,,,taxable,,1,39,,0,0,,,,,1,TOSAMA,,"1036,8269184","Медицински помагала",,,,,,,,,,,,0,,0,189,190,,,,,,,,,,,,,,,,,,,,,,,,,,,,,,,,,,,,,,,
9801,simple,,"VIVAPORE ster.flaster 10x9cm",1,0,visible,,,,,taxable,,1,23,,0,0,,,,,1,TOSAMA,,20,"Медицински помагала",,,,,,,,,,,,0,,0,214,215,,,,,,,,,,,,,,,,,,,,,,,,,,,,,,,,,,,,,,,
9802,simple,,"H.A COLLAGEN COMPLEX TBL. X 60",1,0,visible,,,,,taxable,reduced-rate,1,,,0,0,,,,,0,,,1560,"Витамини и суплементи",,,https://lifeline.mk/wp-content/uploads/2021/11/H.A-COLLAGEN-COMPLEX-TBL.-X-60.png,,,,,,,,,0,HealthAid,0,306,307,,classic-editor,dca28530-c35c-45aa-a33c-d867723417f9,field_6081ae4f27756,1201.7225,1201.7225,0,0,enable,default,default,0,0,0,0,default,default,default,default,default,0,disable,enable,right,default,default,default,313,27,,,,,,,,,60,
9803,simple,,"VIVAPORE ster.flaster 5x7cm",1,0,visible,,,,,taxable,,0,0,,0,0,,,,,1,TOSAMA,,10,"Медицински помагала",,,,,,,,,,,,0,,0,160,161,,,,,,,,,,,,,,,,,,,,,,,,,,,,,,,,,,,,,,,
9804,simple,,"H.A DAY-VIT PROBIO tbl.x30",1,0,visible,,,,,taxable,reduced-rate,0,0,,0,0,,,,,0,,,865,"Витамини и суплементи, Витамини и суплементи > Дигестивен тракт и пробиотици",,,https://lifeline.mk/wp-content/uploads/2021/11/H.A-DAY-VIT-PROBIO-tbl.x30в.png,,,,,,,,,0,HealthAid,0,197,198,,classic-editor,11ac2185-7a33-4da6-b4b8-965c373496ad,field_6081ae4f27756,684.50701,684.50701,0,0,enable,default,default,0,0,0,0,default,default,default,default,default,0,disable,enable,right,default,default,default,313,27,,,,,,,,,60,
9805,simple,,"H.A DIGESTON MAX TBL.30",1,0,visible,,,,,taxable,reduced-rate,1,2,,0,0,,,,,0,,,1140,"Витамини и суплементи, Витамини и суплементи > Дигестивен тракт и пробиотици",,,https://lifeline.mk/wp-content/uploads/2021/11/H.A-DIGESTON-MAX-TBL.30.png,,,,,,,,,0,HealthAid,0,214,215,,classic-editor,84c415b7-9375-4a93-be1f-c7c664b2a9f4,field_6081ae4f27756,899.701,899.701,0,0,enable,default,default,0,0,0,0,default,default,default,default,default,0,disable,enable,right,default,default,default,313,27,,,,,,,,,60,
9806,simple,,"HEALTH AID JUNIOR VIT tbl.x 30",1,0,visible,,,,,taxable,reduced-rate,1,1,,0,0,,,,,0,,,850,"Витамини и суплементи",,,https://lifeline.mk/wp-content/uploads/2021/11/HEALTH-AID-JUNIOR-VIT-tbl.x-30-.png,,,,,,,,,0,HealthAid,0,179,180,,classic-editor,7b0949bd-6989-4950-a982-b81f4f69a12f,field_6081ae4f27756,653.972,653.972,0,0,enable,default,default,0,0,0,0,default,default,default,default,default,0,disable,enable,right,default,default,default,313,27,,,,,,,,,60,
9807,simple,,"Vizol S Allegy sol. 10 ml",1,0,visible,,,,,taxable,,1,6,,0,0,,,,,0,"ФЕНИКС ФАРМА - СКОПЈЕ",,430,"Витамини и суплементи > Препарати за око",,,https://lifeline.mk/wp-content/uploads/2021/11/web-frame1.jpg,,,,,,,,,0,JGL,0,349,350,,,,,,,,,,,,,,,,,,,,,,,,,,,,,,,,,,,,,,,
9808,simple,,"HA CURCUMIN 3 tbl.x30",1,0,visible,,,,,taxable,reduced-rate,1,2,,0,0,,,,,0,,,1200,"Витамини и суплементи, Витамини и суплементи > Имунитет, Витамини и суплементи > Коски\, зглобови и мускули",,,https://lifeline.mk/wp-content/uploads/2021/11/HA-CURCUMIN-3-tbl.x30-.png,,,,,,,,,0,HealthAid,0,348,349,,classic-editor,7f910bde-f2e4-44de-a039-486b21945118,field_6081ae4f27756,902.4,902.4,0,0,enable,default,default,0,0,0,0,default,default,default,default,default,0,disable,enable,right,default,default,default,313,27,,,,,,,,,60,
9809,simple,,"HA WINTERVITS TBL X 30",1,0,visible,,,,,taxable,reduced-rate,0,0,,0,0,,,,,0,,,"955,2942","Витамини и суплементи, Витамини и суплементи > Имунитет",,,,,,,,,,,,0,HealthAid,0,96,97,,classic-editor,1c238485-c5ab-4374-abc6-3f10d7a09b12,field_6081ae4f27756,758.17,758.17,0,0,enable,default,default,0,0,0,0,default,default,default,default,default,0,disable,enable,right,default,default,default,313,27,,,,,,,,,,
9810,simple,,"HA-ALPHA LIPOIC ACID CPS.60X250MG",1,0,visible,,,,,taxable,reduced-rate,1,1,,0,0,,,,,0,,,1350,"Витамини и суплементи, Витамини и суплементи > Дијабетес",,,https://lifeline.mk/wp-content/uploads/2021/11/HA-ALPHA-LIPOIC-ACID-CPS.60X250MG.png,,,,,,,,,0,HealthAid,0,267,268,,classic-editor,85c81e52-796c-4951-92e0-e8ae40c1c995,field_6081ae4f27756,1045.0825,1045.0825,0,0,enable,default,default,0,0,0,0,default,default,default,default,default,0,disable,enable,right,default,default,default,313,27,,,,,,,,,60,
9811,simple,,"HA-GASTONE CAPS X 60",1,0,visible,,,,,taxable,reduced-rate,1,1,,0,0,,,,,0,,,"949,8258","Витамини и суплементи, Витамини и суплементи > Дигестивен тракт и пробиотици",,,https://lifeline.mk/wp-content/uploads/2021/11/HA-GASTONE-CAPS-X-60.png,,,,,,,,,0,HealthAid,0,308,309,,classic-editor,49b0fa42-67c2-426c-86c5-35e74dc720f0,field_6081ae4f27756,753.83,753.83,0,0,enable,default,default,0,0,0,0,default,default,default,default,default,0,disable,enable,right,default,default,default,313,27,,,,,,,,,60,
9812,simple,,"VULA test za bremenost",1,0,visible,,,,,taxable,,1,16,,0,0,,,,,1,VIZIOMED,,70,"Медицински помагала",,,,,,,,,,,,0,,0,149,150,,,,,,,,,,,,,,,,,,,,,,,,,,,,,,,,,,,,,,,
9813,simple,,"HA-SERRAPEPTASE TBL 30 X 250 000 IE",1,0,visible,,,,,taxable,reduced-rate,1,47,,0,0,,,,,0,,,1380,"Против болка",,,https://lifeline.mk/wp-content/uploads/2021/11/HA-SERRAPEPTASE-TBL-30-X-250-000-IE.png,,,,,,,,,0,HealthAid,0,540,541,,classic-editor,d0c046a1-92aa-458d-8866-b8b0065cc83f,field_6081ae4f27756,1086.69,1086.69,0,0,enable,default,default,0,0,0,0,default,default,default,default,default,0,disable,enable,right,default,default,default,313,26,,,,,,,,,60,
9814,simple,,"HA-TURMERIC ROOT EXT. TBL.X60",1,0,visible,,,,,taxable,reduced-rate,1,1,,0,0,,,,,0,,,1210,"Витамини и суплементи, Витамини и суплементи > Имунитет, Витамини и суплементи > Коски\, зглобови и мускули",,,https://lifeline.mk/wp-content/uploads/2021/11/HA-TURMERIC-ROOT-EXT.-TBL.X60v.png,,,,,,,,,0,HealthAid,0,184,185,,classic-editor,a0dcd288-1feb-4ef4-9264-bd135401f5ba,field_6081ae4f27756,958.441,958.441,0,0,enable,default,default,0,0,0,0,default,default,default,default,default,0,disable,enable,right,default,default,default,313,27,,,,,,,,,60,
9815,simple,,"HA-VITAMIN C tbl. 30 x 1500 MG",1,0,visible,,,,,taxable,reduced-rate,1,1,,0,0,,,,,0,,,1040,"Витамини и суплементи, Витамини и суплементи > Имунитет, Настинка и грип > Настинка и грип, Настинка и грип",,,https://lifeline.mk/wp-content/uploads/2021/11/HA-VITAMIN-C-tbl.-30-x-1500-MG.png,,,,,,,,,0,HealthAid,0,217,218,,classic-editor,4a678774-00c6-41cb-9b97-17b4a16913bf,field_6081ae4f27756,789.6,789.6,0,0,enable,default,default,0,0,0,0,default,default,default,default,default,0,disable,enable,right,default,default,default,313,25,,,,,,,,,60,
9816,simple,,"HA-VITAMIN D3 caps. 30 x 5000 IU",1,0,visible,,,,,taxable,reduced-rate,1,1,,0,0,,,,,0,,,985,"Витамини и суплементи, Витамини и суплементи > Имунитет, Витамини и суплементи > Коски\, зглобови и мускули",,,https://lifeline.mk/wp-content/uploads/2021/11/HA-VITAMIN-D3-caps.-30-x-5000-IU.png,,,,,,,,,0,HealthAid,0,279,280,,classic-editor,33147512-e7eb-4504-a127-36654385f6c8,field_6081ae4f27756,758.725,758.725,0,0,enable,default,default,0,0,0,0,default,default,default,default,default,0,disable,enable,right,default,default,default,313,27,,,,,,,,,60,
9817,simple,,"ZASLADUVAC GALILEO 1200 tbl",1,0,visible,,,,,taxable,reduced-rate,0,0,,0,0,,,,,1,AWT,,80,"Витамини и суплементи > Дијабетес",,,,,,,,,,,,0,,0,212,213,,,,,,,,,,,,,,,,,,,,,,,,,,,,,,,,,,,,,,,
9818,simple,,"ZASTITNA MASKA FFP1",1,0,visible,,,,,taxable,,0,0,,0,0,,,,,1,UVOZ,,200,"Медицински помагала",,,,,,,,,,,,0,,0,345,346,,,,,,,,,,,,,,,,,,,,,,,,,,,,,,,,,,,,,,,
9819,simple,,"ZAVOJ KALIKO 10x5 cm",1,0,visible,,,,,taxable,,0,0,,0,0,,,,,1,"ALKALOID BEROVO",,"22,302","Медицински помагала",,,,,,,,,,,,0,,0,198,199,,,,,,,,,,,,,,,,,,,,,,,,,,,,,,,,,,,,,,,
9820,simple,,"HEPAFAR FORTE CAPS.X30",1,0,visible,,,,,taxable,reduced-rate,1,1,,0,0,,,,,0,,,680,"Витамини и суплементи, Витамини и суплементи > Заштита на црн дроб",,,https://lifeline.mk/wp-content/uploads/2021/11/HEPAFAR-FORTE-CAPS.X30.png,,,,,,,,,0,Sensilab,0,336,337,,classic-editor,6fc189bb-4ef1-4613-aec3-670ca6ead968,field_6081ae4f27756,504,504,0,0,enable,default,default,0,0,0,0,default,default,default,default,default,0,disable,enable,right,default,default,default,368,27,,,,,,,,,60,
9821,simple,,"ZAVOJ KALIKO 5X5",1,0,visible,,,,,taxable,,1,5,,0,0,,,,,1,"ALKALOID BEROVO",,15,"Медицински помагала",,,,,,,,,,,,0,,0,192,193,,,,,,,,,,,,,,,,,,,,,,,,,,,,,,,,,,,,,,,
9822,simple,,"ZAVOJ KALIKO 6X5",1,0,visible,,,,,taxable,,1,11,,0,0,,,,,1,"ALKALOID BEROVO",,15,"Медицински помагала",,,,,,,,,,,,0,,0,160,161,,,,,,,,,,,,,,,,,,,,,,,,,,,,,,,,,,,,,,,
9823,simple,,"HUMANA COLIMIL PLUS KAPKI 30ml",1,0,visible,,,,,taxable,,0,0,,0,0,,,,,0,,,920,"Бебешка програма, Бебешка програма > Бебешка храна, Витамини и суплементи, Витамини и суплементи > Дигестивен тракт и пробиотици",,,https://lifeline.mk/wp-content/uploads/2021/11/HUMANA-COLIMIL-PLUS-KAPKI-30ml.png,,,,,,,,,0,Humana,0,126,127,,classic-editor,164cd692-8434-41cd-90aa-763eedb4f9f1,field_6081ae4f27756,643.26,643.26,0,0,enable,default,default,0,0,0,0,default,default,default,default,default,0,disable,enable,right,default,default,default,369,27,,,,,,,,,60,
9824,simple,,"HYLO-DUAL sol.10ml",1,0,visible,,,,,taxable,,0,0,,0,0,,,,,0,,,"950,40504","Нега и заштита, Нега и заштита > Очи",,,https://lifeline.mk/wp-content/uploads/2021/11/HYLO-DUAL-sol.10ml.png,,,,,,,,,0,Ursapharm,0,339,340,,classic-editor,038c66cc-514c-439f-80a6-c5283eabb554,field_6081ae4f27756,671.19,671.19,0,0,enable,default,default,0,0,0,0,default,default,default,default,default,0,disable,enable,right,default,default,default,370,28,,,,,,,,,60,
9825,simple,,"ZDRAVE sampon CRN BIBER 200ml",1,0,visible,,,,,taxable,,0,0,,0,0,,,,,1,AWT,,160,"Нега и заштита > Коса",,,,,,,,,,,,0,,0,158,159,,,,,,,,,,,,,,,,,,,,,,,,,,,,,,,,,,,,,,,
9826,simple,,"ZDRAVE sampon crn biber 390ml",1,0,visible,,,,,taxable,,0,0,,0,0,,,,,1,AWT,,230,"Нега и заштита > Коса",,,,,,,,,,,,0,,0,305,306,,,,,,,,,,,,,,,,,,,,,,,,,,,,,,,,,,,,,,,
9827,simple,,"ZDRAVE SAMPON FORTE PROTIV PERUT 150ML.",1,0,visible,,,,,taxable,,0,0,,0,0,,,,,1,AWT,,235,"Нега и заштита > Коса",,,,,,,,,,,,0,,0,296,297,,,,,,,,,,,,,,,,,,,,,,,,,,,,,,,,,,,,,,,
9828,simple,,"IMMUNOBALANS cps. x60",1,0,visible,,,,,taxable,reduced-rate,0,0,,0,0,,,,,0,,,1130,"Витамини и суплементи, Витамини и суплементи > Имунитет",,,https://lifeline.mk/wp-content/uploads/2021/11/imunobalans.jpg,,,,,,,,,0,Pharmamed,0,348,349,,classic-editor,c4174a57-809f-4326-9740-1276dc98615f,field_6081ae4f27756,886.6635,886.6635,0,0,enable,default,default,0,0,0,0,default,default,default,default,default,0,disable,enable,right,default,default,default,371,27,,1,,,,,,,60,
9829,simple,,"ZDRAVE sampon JAGLEN za detoksikacija 200ml",1,0,visible,,,,,taxable,,0,0,,0,0,,,,,1,"АВТ-ИНТЕРНАТИОНАЛ ДООЕЛ СКОПЈЕ - ",,160,"Нега и заштита > Коса",,,,,,,,,,,,0,,0,240,241,,,,,,,,,,,,,,,,,,,,,,,,,,,,,,,,,,,,,,,
9830,simple,,"ZELEN CAJ SO GUMBIR FILTERX20",1,0,visible,,,,,taxable,reduced-rate,0,0,,0,0,,,,,1,UVOZ,,100,"Витамини и суплементи > Чаеви и билни препарати",,,,,,,,,,,,0,,0,334,335,,,,,,,,,,,,,,,,,,,,,,,,,,,,,,,,,,,,,,,
9835,simple,,"ZELENA GLINA - vnatreshna upotreba 200 gr",1,0,visible,,,,,taxable,,1,1,,0,0,,,,,1,VITALIJA,,195,"Витамини и суплементи > Дигестивен тракт и пробиотици",,,,,,,,,,,,0,,0,212,213,,,,,,,,,,,,,,,,,,,,,,,,,,,,,,,,,,,,,,,
9836,simple,,"ZELENA GLINA- nadvoreshna upotreba 500 gr",1,0,visible,,,,,taxable,,1,1,,0,0,,,,,1,VITALIJA,,240,"Нега и заштита > Кожа",,,,,,,,,,,,0,,0,255,256,,,,,,,,,,,,,,,,,,,,,,,,,,,,,,,,,,,,,,,
9837,simple,,"ZEWA PARFIMIRANI hart.mar./10",1,0,visible,,,,,taxable,,0,0,,0,0,,,,,1,ZEVA,,8,"Нега и заштита > Кожа",,,,,,,,,,,,0,,0,138,139,,,,,,,,,,,,,,,,,,,,,,,,,,,,,,,,,,,,,,,
9838,simple,,"ISLA MEDIC PASTILI X20",1,0,visible,,,,,taxable,reduced-rate,1,1,,0,0,,,,,0,,,450,"Настинка и грип > Грло, Настинка и грип",,,https://lifeline.mk/wp-content/uploads/2021/11/ISLA-MEDIC-PASTILI-X20.png,,,,,,,,,0,Engelhard,0,373,374,,classic-editor,1ef119c8-92ea-4f30-9f0b-c00fa6e4e871,field_6081ae4f27756,349.2,349.2,0,0,enable,default,default,0,0,0,0,default,default,default,default,default,0,disable,enable,right,default,default,default,373,25,,,,,,,,,60,
9839,simple,,"K2+D3 WITAMINA caps.x30",1,0,visible,,,,,taxable,reduced-rate,1,1,,0,0,,,,,0,,,380,"Витамини и суплементи, Витамини и суплементи > Имунитет, Витамини и суплементи > Коски\, зглобови и мускули",,,https://lifeline.mk/wp-content/uploads/2021/11/K2D3-WITAMINA-caps.x30.png,,,,,,,,,0,Protego,0,91,92,,classic-editor,b67151fb-c138-4b43-9cda-eb0acd05bc29,field_6081ae4f27756,277,277,0,0,enable,default,default,0,0,0,0,default,default,default,default,default,0,disable,enable,right,default,default,default,374,27,,,,,,,,,60,
9840,simple,,"CLA caps. 30 x 1000 mg",1,0,visible,,,,,taxable,reduced-rate,1,2,,0,0,,,,,0,,,470,"Витамини и суплементи, Витамини и суплементи > Препарати за слабеење",,,https://lifeline.mk/wp-content/uploads/2021/11/2.cla_.jpg,,,,,,,,,0,"Dr. Viton",0,253,254,,classic-editor,4903f3b5-363a-4bd2-99b3-211faf5f293d,field_6081ae4f27756,355.2,355.2,0,0,enable,default,default,0,0,0,0,default,default,default,default,default,0,disable,enable,right,default,default,default,359,27,,,,,,,,,60,
9841,simple,,"KUTIJA za lekovi nedelna",1,0,visible,,,,,taxable,,1,1,,0,0,,,,,0,,,350,"Медицински помагала > Кутии за лекови, Медицински помагала",,,,,,,,,,,,0,,0,132,133,,classic-editor,f0a95831-5303-459a-a611-bd12d4cca432,field_6081ae4f27756,221.184,221.184,0,0,enable,default,default,0,0,0,0,default,default,default,default,default,0,disable,enable,right,default,default,default,,31,,,,,,,,,,
9842,simple,,"CURAPROX ENZYCAL ZERO pasta za zabi 75ml",1,0,visible,,,,,taxable,,backorder,0,,notify,0,,,,,0,,,320,"Дентална програма, Дентална програма > Пасти за возрасни",,,https://lifeline.mk/wp-content/uploads/2021/11/zero.jpg,,,,,"id:9843, id:9844","id:9845, id:9846, id:9847, id:9848, id:9849, id:9850",,,0,Curaprox,0,182,183,,,,,,,,,,,,,,,,,,,,,,,,,,,,,,,,,,,,,,,
9843,simple,,"CURAPROX ENZYCAL 1450 pasta za zabi 75ml",1,0,visible,,,,,taxable,,1,1,,0,0,,,,,0,,,320,"Дентална програма, Дентална програма > Пасти за возрасни",,,https://lifeline.mk/wp-content/uploads/2021/11/1450.jpg,,,,,"id:9844, id:9842","id:9845, id:9846, id:9847, id:9848, id:9849, id:9850",,,0,Curaprox,0,281,282,,,,,,,,,,,,,,,,,,,,,,,,,,,,,,,,,,,,,,,
9844,simple,,"LEVIKER TBL.X30",1,0,visible,,,,,taxable,reduced-rate,1,7,,0,0,,,,,0,,,830,"Витамини и суплементи, Витамини и суплементи > Заштита на црн дроб",,,https://lifeline.mk/wp-content/uploads/2021/11/LEVIKER-TBL.X30.png,,,,,,,,,0,Bionika,0,91,92,,classic-editor,98b51804-5ed3-4ede-bfb0-47d76f43d794,field_6081ae4f27756,636.864,636.864,0,0,enable,default,default,0,0,0,0,default,default,default,default,default,0,disable,enable,right,default,default,default,375,27,,,,,,,,,60,
9845,simple,,"CURAPROX PERIO PLUS BALANS rastvor 200ml",1,1,visible,,,,,taxable,,1,1,,0,0,,,,,0,,,550,"Дентална програма, Дентална програма > Останати производи за дентална хигиена, Дентална програма > Течности за хигиена уста",,,https://lifeline.mk/wp-content/uploads/2021/11/balans.jpg,,,,,"id:9846, id:9847, id:9848, id:9849, id:9850","id:9843, id:9844, id:9842",,,0,Curaprox,0,386,387,,,,,,,,,,,,,,,,,,,,,,,,,,,,,,,,,,,,,,,
9846,simple,,"LUTEIN COMPLEX cps. x 30",1,0,visible,,,,,taxable,reduced-rate,1,1,,0,0,,,,,0,,,810,"Витамини и суплементи, Витамини и суплементи > Препарати за око",,,https://lifeline.mk/wp-content/uploads/2021/11/LUTEIN-COMPLEX-cps.-x-30.png,,,,,,,,,0,Kiberg,0,104,105,,classic-editor,534d7cf4-e40d-4707-a074-a11a3dbb3feb,field_6081ae4f27756,639.04,639.04,0,0,enable,default,default,0,0,0,0,default,default,default,default,default,0,disable,enable,right,default,default,default,376,27,,,,,,,,,60,
9847,simple,,"CURAPROX PERIO PLUS SUPPORT pasta za zabi 75ml",1,0,visible,,,,,taxable,,backorder,0,,notify,0,,,,,0,,,450,"Дентална програма, Дентална програма > Пасти за возрасни",,,https://lifeline.mk/wp-content/uploads/2021/11/support.jpg,,,,,,,,,0,Curaprox,0,288,289,,,,,,,,,,,,,,,,,,,,,,,,,,,,,,,,,,,,,,,
9848,simple,,"CURAPROX PERIOPLUS FORTE rastvor 200ml",1,1,visible,,,,,taxable,,1,1,,notify,0,,,,,0,,,550,"Дентална програма, Дентална програма > Останати производи за дентална хигиена, Дентална програма > Течности за хигиена уста",,,https://lifeline.mk/wp-content/uploads/2021/11/forte.jpg,,,,,"id:9845, id:9846, id:9847, id:9849, id:9850","id:9843, id:9844, id:9842",,,0,Curaprox,0,257,258,,,,,,,,,,,,,,,,,,,,,,,,,,,,,,,,,,,,,,,
9849,simple,,"CURAPROX PERIOPLUS PROTECT rastvor 200ml",1,1,visible,,,,,taxable,,1,1,,0,0,,,,,0,,,550,"Дентална програма, Дентална програма > Останати производи за дентална хигиена, Дентална програма > Течности за хигиена уста",,,https://lifeline.mk/wp-content/uploads/2021/11/protect.jpg,,,,,"id:9845, id:9846, id:9847, id:9848, id:9850","id:9843, id:9844, id:9842",,,0,Curaprox,0,202,203,,,,,,,,,,,,,,,,,,,,,,,,,,,,,,,,,,,,,,,
9850,simple,,"CURAPROX PERIOPLUS REGENERATE rastvor 200ml",1,1,visible,,,,,taxable,,1,1,,notify,0,,,,,0,,,550,"Дентална програма, Дентална програма > Останати производи за дентална хигиена, Дентална програма > Течности за хигиена уста",,,https://lifeline.mk/wp-content/uploads/2021/11/regenerate.jpg,,,,,"id:9845, id:9846, id:9847, id:9848, id:9849","id:9843, id:9844, id:9842",,,0,Curaprox,0,376,377,,,,,,,,,,,,,,,,,,,,,,,,,,,,,,,,,,,,,,,
9858,simple,,"NOW L- ARGININE CAPS. 100 X 500MG",1,0,visible,,,,,taxable,reduced-rate,0,0,,0,0,,,,,0,,,980,"Витамини и суплементи, Витамини и суплементи > Заштита на срце и крвни садови",,,https://lifeline.mk/wp-content/uploads/2021/11/NOW-L-ARGININE-CAPS.-100-X-500MG-.png,,,,,,,,,0,Now,0,103,104,,classic-editor,427120ce-dab6-4353-8b11-9a80ccd243ac,field_6081ae4f27756,753.35,753.35,0,0,enable,default,default,0,0,0,0,default,default,default,default,default,0,disable,enable,right,default,default,default,317,27,,,,,,,,,60,
9859,simple,,"NOW MACA caps.100X500 mg",1,0,visible,,,,,taxable,reduced-rate,1,1,,0,0,,,,,0,,,880,"Витамини и суплементи",,,https://lifeline.mk/wp-content/uploads/2021/11/NOW-MACA-caps.100X500-mg.png,,,,,,,,,0,Now,0,97,98,,classic-editor,b70b990d-5177-4e34-8070-8267b31effc2,field_6081ae4f27756,680,680,0,0,enable,default,default,0,0,0,0,default,default,default,default,default,0,disable,enable,right,default,default,default,317,27,,,,,,,,,60,
9860,simple,,"NOW METHYL B-12 100 X 1000 mg",1,0,visible,,,,,taxable,reduced-rate,1,1,,0,0,,,,,0,,,1010,"Витамини и суплементи, Витамини и суплементи > Заштита на нервниот систем",,,https://lifeline.mk/wp-content/uploads/2021/11/NOW-METHYL-B-12-100-X-1000-mg-.png,,,,,,,,,0,Now,0,133,134,,classic-editor,bd913cc2-cc3c-4e5b-b5b5-54c4f79f42bd,field_6081ae4f27756,793,793,0,0,enable,default,default,0,0,0,0,default,default,default,default,default,0,disable,enable,right,default,default,default,317,27,,,,,,,,,60,
9861,simple,,"CURAPROX CPS 06 interdentalni cetki",1,0,visible,,,,,taxable,,backorder,0,,notify,0,,,,,0,,,430,"Дентална програма, Дентална програма > Останати производи за дентална хигиена",,,https://lifeline.mk/wp-content/uploads/2021/11/06.jpg,,,,,"id:9860, id:9862, id:9863, id:9864",id:9859,,,0,Curaprox,0,270,271,,,,,,,,,,,,,,,,,,,,,,,,,,,,,,,,,,,,,,,
9862,simple,,"NOW METHYL FOLAT 1000mcg x 90tbl",1,0,visible,,,,,taxable,reduced-rate,1,1,,0,0,,,,,0,,,1685,"Витамини и суплементи > Витамини за трудници и доилки, Витамини и суплементи",,,https://lifeline.mk/wp-content/uploads/2021/11/NOW-METHYL-FOLAT-1000mcg-x-90tbl-.png,,,,,,,,,0,Now,0,127,128,,classic-editor,ae059fdc-7231-4eac-b6cd-321b4b7e4571,field_6081ae4f27756,1326,1326,0,0,enable,default,default,0,0,0,0,default,default,default,default,default,0,disable,enable,right,default,default,default,317,27,,,,,,,,,60,
9863,simple,,"NOW NIACIN 25mg x 90cps",1,0,visible,,,,,taxable,reduced-rate,1,1,,0,0,,,,,0,,,1010,"Витамини и суплементи, Витамини и суплементи > Заштита на срце и крвни садови",,,https://lifeline.mk/wp-content/uploads/2021/11/NOW-NIACIN-25mg-x-90cps-.png,,,,,,,,,0,Now,0,99,100,,classic-editor,e42205d1-1071-48bd-9679-d50907e07e91,field_6081ae4f27756,782,782,0,0,enable,default,default,0,0,0,0,default,default,default,default,default,0,disable,enable,right,default,default,default,317,27,,,,,,,,,60,
9864,simple,,"NOW OMEGA 3-6-9 cps.90 x 1200mg",1,0,visible,,,,,taxable,reduced-rate,1,1,,0,0,,,,,0,,,1250,"Витамини и суплементи, Витамини и суплементи > Заштита на срце и крвни садови",,,https://lifeline.mk/wp-content/uploads/2021/11/NOW-OMEGA-3-6-9-cps.90-x-1200mg.png,,,,,,,,,0,Now,0,134,135,,classic-editor,7ce585ff-1ec9-4018-baeb-39393ec6915b,field_6081ae4f27756,925.3,925.3,0,0,enable,default,default,0,0,0,0,default,default,default,default,default,0,disable,enable,right,default,default,default,317,27,,,,,,,,,60,
9865,simple,,"NURSE HARVEYS sir. 145ml",1,0,visible,,,,,taxable,,1,1,,0,0,,,,,0,,,950,"Бебешка програма, Бебешка програма > Бебешка храна, Витамини и суплементи, Витамини и суплементи > Дигестивен тракт и пробиотици",,,https://lifeline.mk/wp-content/uploads/2021/11/NURSE-HARVEYS-sir.-145m.png,,,,,,,,,0,HealthAid,0,100,101,,classic-editor,047ed91c-a050-4c98-9733-343ff6287e2b,field_6081ae4f27756,639.2,639.2,0,0,enable,default,default,0,0,0,0,default,default,default,default,default,0,disable,enable,right,default,default,default,378,27,,,,,,,,,60,
9866,simple,,"ImmunoVita Kids 30 sachets",1,1,visible,,,,,taxable,reduced-rate,1,1,,0,0,,,,,0,,,1500,"Витамини и суплементи, Витамини и суплементи > Имунитет",,,https://lifeline.mk/wp-content/uploads/2021/11/immunovita.jpg,,,,,,,,,0,"Vitae Health Innovation",0,268,269,,,,,,,,,,,,,,,,,,,,,,,,,,,,,,,,,,,,,,,
9867,simple,,"OSTEOVITAL  FORTE SUM.TBL. 20X1000MG",1,0,visible,,,,,taxable,reduced-rate,0,0,,0,0,,,,,0,,,340,"Витамини и суплементи, Витамини и суплементи > Коски\, зглобови и мускули",,,https://lifeline.mk/wp-content/uploads/2021/11/osteovital.png,,,,,,,,,0,Burgerstein,0,88,89,,classic-editor,63a835e1-9733-4568-b91f-b9609feb8ad5,field_6081ae4f27756,258.761,258.761,0,0,enable,default,default,0,0,0,0,default,default,default,default,default,0,disable,enable,right,default,default,default,379,27,,,,,,,,,60,
9868,simple,,"PICO C gtt 12ml",1,0,visible,,,,,taxable,reduced-rate,1,2,,0,0,,,,,0,,,290,"Бебешка програма, Бебешка програма > Бебешка храна, Витамини и суплементи, Витамини и суплементи > Имунитет",,,https://lifeline.mk/wp-content/uploads/2021/11/PICO-C-gtt-12ml-.png,,,,,,,,,0,"DS Natural",0,95,96,,classic-editor,6d60fa1e-a175-412f-b029-4e6d8abe43e4,field_6081ae4f27756,225.15,225.15,0,0,enable,default,default,0,0,0,0,default,default,default,default,default,0,disable,enable,right,default,default,default,380,27,,,,,,,,,60,
9869,simple,,"PLUSMED APARAT ZA GLIKEMIJA",1,0,visible,,,,,taxable,,0,0,,0,0,,,,,0,,,950,"Медицински помагала > Апарати за мерење шеќер, Медицински помагала",,,https://lifeline.mk/wp-content/uploads/2021/11/PLUSMED-APARAT-ZA-GLIKEMIJA.png,,,,,,,,,0,PlusMed,0,194,195,,classic-editor,c1e0913f-b3f2-437a-b483-b66baa456145,field_6081ae4f27756,660,660,0,0,enable,default,default,0,0,0,0,default,default,default,default,default,0,disable,enable,right,default,default,default,381,74,,,,,,,,,60,
9870,simple,,"Zoono Hand Sanitizer 500ml",1,0,visible,,,,,taxable,,1,7,,0,0,,,,,0,,,1370,"Нега и заштита, Нега и заштита > Средства за дезинфекција",,,https://lifeline.mk/wp-content/uploads/2021/11/zoonobody.jpg,,,,,id:9868,"id:9869, id:9867, id:9871, id:9868",,,0,Zoono,0,299,300,,,,,,,,,,,,,,,,,,,,,,,,,,,,,,,,,,,,,,,
9871,simple,,"PROSTAMOL UNO cps.x 30",1,0,visible,,,,,taxable,reduced-rate,1,2,,0,0,,,,,0,,,820,"Витамини и суплементи, Витамини и суплементи > Простата",,,https://lifeline.mk/wp-content/uploads/2021/11/PROSTAMOL-UNO-cps.x-30.png,,,,,,,,,0,"Berlin Chemie",0,345,346,,classic-editor,970b9e55-523c-42c5-bff2-ec01106dc7d1,field_6081ae4f27756,616.4,616.4,0,0,enable,default,default,0,0,0,0,default,default,default,default,default,0,disable,enable,right,default,default,default,363,27,,,,,,,,,60,
9872,simple,,"PROSTATOL COMPLEX X30",1,0,visible,,,,,taxable,reduced-rate,1,1,,0,0,,,,,0,,,800,"Витамини и суплементи, Витамини и суплементи > Простата",,,https://lifeline.mk/wp-content/uploads/2021/11/PROSTATOL-COMPLEX-X30-.png,,,,,,,,,0,"Natura Therapy",0,70,71,,classic-editor,ac71d2f4-9b77-4f24-abc1-103869fbb4bb,field_6081ae4f27756,505.39,505.39,0,0,enable,default,default,0,0,0,0,default,default,default,default,default,0,disable,enable,right,default,default,default,382,27,,,,,,,,,60,
9873,simple,,"UR 075 BABY HIDRATATION MLEKO 500ML",1,0,visible,,,,,taxable,,0,0,,0,0,,,,,0,,,680,"Бебешка програма > Бебешка козметика, Бебешка програма",,,https://lifeline.mk/wp-content/uploads/2021/11/UR-075-BABY-HIDRATATION-MLEKO-500ML.jpg,,,,,,,,,0,Uriage,0,130,131,,,,,,,,,,,,,,,,,,,,,,,,,,,,,,,,,,,,,,,
9874,simple,,"SILIMARIN FORTE CAPS. 30 X 200MG",1,0,visible,,,,,taxable,reduced-rate,1,1,,0,0,,,,,0,,,580,"Витамини и суплементи, Витамини и суплементи > Заштита на црн дроб",,,https://lifeline.mk/wp-content/uploads/2021/11/SILIMARIN-FORTE-CAPS.-30-X-200MG.png,,,,,,,,,0,Belupo,0,600,601,,classic-editor,1183b100-fd14-4952-898d-9c5ef7c8910d,field_6081ae4f27756,441.75,441.75,0,0,enable,default,default,0,0,0,0,default,default,default,default,default,0,disable,enable,right,default,default,default,383,27,,,,,,,,,60,
9875,simple,,"SILYMARIN DUO tbl. x 30",1,0,visible,,,,,taxable,reduced-rate,1,2,,0,0,,,,,0,,,300,"Витамини и суплементи, Витамини и суплементи > Заштита на црн дроб",,,https://lifeline.mk/wp-content/uploads/2021/11/silimarinduo.jpg,,,,,,,,,0,Fitofarm,0,226,227,,classic-editor,6607d947-3f88-4f39-9ce7-e34b36f947f2,field_6081ae4f27756,212.52,212.52,0,0,enable,default,default,0,0,0,0,default,default,default,default,default,0,disable,enable,right,default,default,default,366,27,,,,,,,,,60,
9876,simple,,"UR HYSEAC EXFOLIENTING MASK",1,0,visible,,,,,taxable,,1,1,,0,0,,,,,0,,,645,"Нега и заштита > Кожа, Нега и заштита",,,https://lifeline.mk/wp-content/uploads/2021/11/UR-HYSEAC-EXFOLIENTING-MASK.jpg,,,,,,,,,0,"Hyséac,Uriage",0,163,164,,,,,,,,,,,,,,,,,,,,,,,,,,,,,,,,,,,,,,,
9877,simple,,"UR HYSEAC NEW SKIN SERUM 40ML",1,0,visible,,,,,taxable,,backorder,,,0,0,,,,,0,,,850,"Нега и заштита > Кожа, Нега и заштита",,,https://lifeline.mk/wp-content/uploads/2021/11/UR-HYSEAC-NEW-SKIN-SERUM-40ML.jpg,,,,,,,,,0,"Hyséac,Uriage",0,197,198,,,,,,,,,,,,,,,,,,,,,,,,,,,,,,,,,,,,,,,
9878,simple,,"UR HYSEAC PURIFYING OIL maslo za mienje 100ml",1,0,visible,,,,,taxable,,1,1,,notify,0,,,,,0,,,595,"Нега и заштита > Кожа, Нега и заштита",,,https://lifeline.mk/wp-content/uploads/2021/11/UR-HYSEAC-PURIFYING-OIL-maslo-za-mienje-100ml.jpg,,,,,,,,,0,"Hyséac,Uriage",0,228,229,,,,,,,,,,,,,,,,,,,,,,,,,,,,,,,,,,,,,,,
9879,simple,,"UR HYSEAC TONIK ZA LICE 250ML",1,0,visible,,,,,taxable,,1,1,,0,0,,,,,0,,,680,"Нега и заштита > Кожа, Нега и заштита",,,https://lifeline.mk/wp-content/uploads/2021/11/UR-HYSEAC-TONIK-ZA-LICE-250ML.jpg,,,,,,,,,0,"Hyséac,Uriage",0,299,300,,,,,,,,,,,,,,,,,,,,,,,,,,,,,,,,,,,,,,,
9880,simple,,"URI. D.S. emulzija 40 ml",1,0,visible,,,,,taxable,,1,1,,0,0,,,,,0,,,680,"Нега и заштита > Кожа, Нега и заштита",,,https://lifeline.mk/wp-content/uploads/2021/11/URI.-D.S.-emulzija-40-ml.jpg,,,,,,,,,0,Uriage,0,257,258,,,,,,,,,,,,,,,,,,,,,,,,,,,,,,,,,,,,,,,
9889,simple,,"SOPHIE-616624 ZIRAFA + SO PURE GLODALKA",1,0,visible,,,,,taxable,,1,1,,0,0,,,,,0,,,"1730,4788736","Бебешка програма > Бебешка опрема, Бебешка програма",,,https://lifeline.mk/wp-content/uploads/2021/11/SOPHIE-616624-ZIRAFA-SO-PURE-GLODALKA.png,,,,,,,,,0,Sophie,0,421,422,,classic-editor,86189ba3-0ec2-471c-a9c7-fcfb4aa1f944,field_6081ae4f27756,1222.0896,1222.0896,0,0,enable,default,default,0,0,0,0,default,default,default,default,default,0,disable,enable,right,default,default,default,384,30,,,,,,,,,60,
9890,simple,,"SOPHIE - 523510 SET ZA HIGIENA",1,0,visible,,,,,taxable,,1,1,,0,0,,,,,0,,,1648,"Бебешка програма > Бебешка опрема, Бебешка програма",,,https://lifeline.mk/wp-content/uploads/2021/11/SOPHIE-523510-SET-ZA-HIGIENA.png,,,,,,,,,0,Sophie,0,168,169,,classic-editor,6f8b7a9d-4f88-476a-a200-5a5a33214d20,field_6081ae4f27756,1162.9152,1162.9152,0,0,enable,default,default,0,0,0,0,default,default,default,default,default,0,disable,enable,right,default,default,default,384,30,,,,,,,,,60,
9891,simple,,"SOPHIE - 523518 SET ZA BANJANJE",1,0,visible,,,,,taxable,,1,1,,0,0,,,,,0,,,"2090,016","Бебешка програма > Бебешка опрема, Бебешка програма",,,https://lifeline.mk/wp-content/uploads/2021/11/SOPHIE-523518-SET-ZA-BANJANJE.png,,,,,,,,,0,Sophie,0,183,184,,classic-editor,8a5ebac5-2d48-43b8-a86d-5dae8a3653d9,field_6081ae4f27756,1476,1476,0,0,enable,default,default,0,0,0,0,default,default,default,default,default,0,disable,enable,right,default,default,default,384,30,,,,,,,,,60,
9892,simple,,"SOPHIE-200318 SO PURE GLODALKA SOFT",1,0,visible,,,,,taxable,,0,0,,0,0,,,,,0,,,855,"Бебешка програма > Бебешка опрема, Бебешка програма",,,https://lifeline.mk/wp-content/uploads/2021/11/SOPHIE-200318-SO-PURE-GLODALKA-SOFT.png,,,,,,,,,0,Sophie,0,195,196,,classic-editor,e1d79382-85de-45b4-bd0d-c3aec4ccfd41,field_6081ae4f27756,602.1984,602.1984,0,0,enable,default,default,0,0,0,0,default,default,default,default,default,0,disable,enable,right,default,default,default,384,30,,,,,,,,,60,
9893,simple,,"SOPHIE-200319 SO PURE GLODALKA VERY SOFT",1,0,visible,,,,,taxable,,1,1,,0,0,,,,,0,,,1198,"Бебешка програма > Бебешка опрема, Бебешка програма",,,https://lifeline.mk/wp-content/uploads/2021/11/SOPHIE-200319-SO-PURE-GLODALKA-VERY-SOFT.png,,,,,,,,,0,Sophie,0,280,281,,classic-editor,3e2c686a-f616-4c48-adaf-b9183e81b050,field_6081ae4f27756,846,846,0,0,enable,default,default,0,0,0,0,default,default,default,default,default,0,disable,enable,right,default,default,default,384,30,,,,,,,,,60,
9894,simple,,"SOPHIE - 450408 MEKI SILIKONSKI LAZICKI X 2",1,0,visible,,,,,taxable,,1,1,,0,0,,,,,0,,,920,"Бебешка програма > Бебешка опрема, Бебешка програма",,,https://lifeline.mk/wp-content/uploads/2021/11/SOPHIE-450408-MEKI-SILIKONSKI-LAZICKI-X-2.png,,,,,,,,,0,Sophie,0,227,228,,classic-editor,b16b681c-c2f2-4425-a370-91dddf579e0f,field_6081ae4f27756,649.5456,649.5456,0,0,enable,default,default,0,0,0,0,default,default,default,default,default,0,disable,enable,right,default,default,default,384,30,,,,,,,,,60,
9895,simple,,"UR XEMOSE MASLO ZA KAPENJE 200ML",1,0,visible,,,,,taxable,,1,1,,0,0,,,,,0,,,465,"Нега и заштита > Кожа, Нега и заштита",,,https://lifeline.mk/wp-content/uploads/2021/11/UR-XEMOSE-MASLO-ZA-KAPENJE-200ML.jpg,,,,,,,,,0,Uriage,0,161,162,,,,,,,,,,,,,,,,,,,,,,,,,,,,,,,,,,,,,,,
9896,simple,,"Cicaplast Baume B5 SPF 50- За обновување и регенерација на површинскиот слој на кожата.Со заштитен фактор 50+",1,0,visible,,"<p>Чувствителна кожа. Површински иритации.<br />\nОбновува и смирува чувствителна кожа.<br />\nПревенција на црвени и кафеави траги од повреди и заштита на тетоважи.</p>\n",,,taxable,,0,,,0,0,,,,,0,,,970,"Нега и заштита > Кожа, Нега и заштита",,,https://lifeline.mk/wp-content/uploads/2021/11/CICAPLAST-BAUM-B5-SPF50-40ML.jpg,,,,,,,,,0,LaRoche-Posay,0,587,588,,classic-editor,,,,,,,,,,,,,,,,,,,,,,,,,,272,,1,,,,,,0,,90,
9905,simple,,"Cicaplast Baume B5- За обновување и регенерација на површинскиот слој на кожата",1,0,visible,,"Балсам што ја смирува и регенерира кожата.\nОвој смирувачки балсам, кој повеќекратно ја обновува кожата е посебно наменет за обнова на чувствителната кожа после иритативен дерматитис и епидермални промени благодарение на формулата што го комбинира пантенолот 5% со мадекасозидот во високо козметичка текстура. Погоден за целото семејство: бебиња, деца и возрасни. Сува иритирана кожа на возрасни, деца и бебиња (испукана кожа, сува кожа која се лушти...).\nЧувство на горење на кожата кај возрасни.\nМоже да се нанесува на телото, лицето и усните.\nОптимална толеранција, погоден за чувствителна кожа.\nБез парабени. Без мириси. Без ланолин. Не остава бели траги.\nКомплетна формула за тројно дејство:\n• Оптимална обнова на кожата [Мадекасозид] + [Бакар - Цинк - Манган]\n• Смирување на сувите иритирани подрачја [Пантенол]\n• Заштита на кожата [богата, хранлива текстура] + [Тестура која спречува формирање бактерии односно анти-бактериска текстура]",,,taxable,,0,,,0,0,,,,,0,,,630,"Нега и заштита > Кожа, Нега и заштита",,,https://lifeline.mk/wp-content/uploads/2021/11/baume.jpg,,,,,,,,,0,LaRoche-Posay,0,991,992,,classic-editor,,,,,,,,,,,,,,,,,,,,,,,,,,272,,1,,,,,,0,,90,
9906,simple,,"La Roche-Posay термална вода",1,0,visible,,"<p>Ја смирува чувствителната кожа иритирана од дејството на надворешните влијанија (сонце, дерматолошки третмани, итн.) и помага во спречување на стареењето на кожата. ПРИРОДЕН АНТИОКСИДАНС. Кожа што е чувствителна и/или иритирана поради дејство на надворешни влијанија (сонце, дерматолошки третмани итн.). Единствена комбинација на минерали и елементи во траги како што е селенот, и даваат на термалната вода од La Roche-Posay научно докажани смирувачки, омекнувачки и антиоксидантни својства. Строгите правила на формулацијата го намалуваат ризикот од нетолеранција. Погоден за возрасни и бебиња.</p>\n",,,taxable,,1,,,0,0,,,,,0,,,665,"Нега и заштита > Кожа, Нега и заштита",,,https://lifeline.mk/wp-content/uploads/2021/11/EAU-THERMALE-150ML.jpg,,,,,,,,,0,"Eau Thermale,LaRoche-Posay",0,172,173,,classic-editor,,,,,,,,,,,,,,,,,,,,,,,,,,,,1,,,,,,0,,60,
9907,simple,,"EFFACLAR DUO+ EFF GEL 400ML - SET",1,0,visible,,,,,taxable,,0,,,0,0,,,,,0,,,1980,"Нега и заштита > Кожа, Нега и заштита",,,https://lifeline.mk/wp-content/uploads/2021/11/EFFACLAR-DUO-EFF-GEL-400ML-SET.jpg,,,,,,,,,0,"Effaclar,LaRoche-Posay",0,438,441,,classic-editor,,,,,,,,,,,,,,,,,,,,,,,,,,,,0,,,,,,0,,,
9908,simple,,"EFFACLAR Мицеларна вода - масна и чувствителна кожа",1,0,visible,,"<p>EFFACLAR Мицеларна вода за чистење, нежно ја чисти кожата благодарение на средствата за чистење кои ја почитуваат чувствителната кожа. Ги отстранува нечистотиите и вишокот на себум, додека ја остава кожата чиста и свежа. Со смирувачка термална изворска вода на La Roche-Posay која делува против иритации - pH 5,5 - Без сапун - без алкохол - без вештачки бои - без парабени.</p>\n<p>Нечистотиите и вишокот на себум се отстранети од кожата за свежо чувство на чиста кожа.</p>\n",,,taxable,,0,,,0,0,,,,,0,,,1280,"Нега и заштита > Кожа, Нега и заштита",,,https://lifeline.mk/wp-content/uploads/2021/11/EFFACLAR-EAU-MICELAR-ULTRA-400ML.jpg,,,,,,,,,0,"Effaclar,LaRoche-Posay",0,116,117,,classic-editor,,,,,,,,,,,,,,,,,,,,,,,,,,,,1,,,,,,0,,90,
9909,simple,,"Effaclar H крема за миење лице",1,0,visible,,"<p>Смирувачка хидратантна крема за миење на лицето.<br />\nНежно ја чисти, прочистува, смирува кожата и го враќа чувството на пријатност.<br />\nЗа мрсна кожа ослабена со производите за нега кои ја исушуваат кожата.<br />\nИспитано под дерматолошки надзор во комбинација со препарати кои прекумерно ја сушат кожата. Некомедогено.</p>\n",,,taxable,,backorder,'-1,,1,0,,,,,0,,,1025,"Нега и заштита > Кожа, Нега и заштита",,,https://lifeline.mk/wp-content/uploads/2021/11/EFFACLAR-H-CISTENJE-LICE-200ml.jpg,,,,,,,,,0,"Effaclar,LaRoche-Posay",0,232,236,,classic-editor,,,,,,,,,,,,,,,,,,,,,,,,,,,,1,,,,,,0,,90,
9910,simple,,"NOW COENZIM Q10 cps.60 x 30mg",1,0,visible,,,,,taxable,reduced-rate,1,1,,0,0,,,,,0,,,1000,"Витамини и суплементи, Витамини и суплементи > Заштита на срце и крвни садови",,,https://lifeline.mk/wp-content/uploads/2021/11/NOW-COENZIM-Q10-cps.60-x-30mg.png,,,,,,,,,0,Now,0,84,85,,classic-editor,1e8a851c-e188-401a-8fec-821062abc758,field_6081ae4f27756,793,793,0,0,enable,default,default,0,0,0,0,default,default,default,default,default,0,disable,enable,right,default,default,default,317,27,,,,,,,,,60,
9911,simple,,"Effaclar Micro-Peeling гел за лице и тело- Гел за чистење на кожа склона кон неправилности",1,0,visible,,"<p>Благодарениа на внимателно избраните состојки кој ја прават текстурата на кожата мазна,<br />\nEFFACLAR Micro-peeling гел интезивно ја чисти масната кожа,<br />\nдлабоко ги блокира порите и го отстранува вишокот на себум.Ги намалува упорните и долготрајни неправилности вклучувајќи ги и дамките,и делува превентивно на повторување на неправилностите.<br />\nПрв La Roche-Posay производ за чистење формулиран со состојки кои ја чистат кожата и имаат микро-пилинг ефект. Делува против постојани неправилности и на вишокот себум и дава максимално пријатно чувство на кожата која е склона кон акни,дури и на телото.</p>\n<p>Теститан под дерматолошка контрола.Хипоалергено.Физиолошка pH вредност.Тестиран на масна кожа сколона кон акни. Алерголошки тестиран.</p>\n",,,taxable,,0,,,0,0,,,,,0,,,1680,"Нега и заштита > Кожа, Нега и заштита",,,https://lifeline.mk/wp-content/uploads/2021/11/EFFACLAR-MICRO-PEELING-GEL-400ml.jpg,,,,,,,,,0,"Effaclar,LaRoche-Posay",0,339,340,,classic-editor,,,,,,,,,,,,,,,,,,,,,,,,,,,,1,,,,,,0,,90,
9912,simple,,"NOW D-MANOSE cps.120 x 500mg",1,0,visible,,,,,taxable,reduced-rate,0,0,,0,0,,,,,0,,,2396,"Витамини и суплементи, Витамини и суплементи > Уринарен систем",,,https://lifeline.mk/wp-content/uploads/2021/11/NOW-D-MANOSE-cps.120-x-500mg.png,,,,,,,,,0,Now,0,104,105,,classic-editor,9f6856be-a110-4243-95db-89627370a3b4,field_6081ae4f27756,1950,1950,0,0,enable,default,default,0,0,0,0,default,default,default,default,default,0,disable,enable,right,default,default,default,317,27,,,,,,,,,60,
9931,simple,,"VB-PREGNACARE BEFORE CONCEPTION TBL.X30",1,0,visible,,,,,taxable,reduced-rate,1,1,,0,0,,,,,0,,,990,"Витамини и суплементи > Витамини за трудници и доилки, Витамини и суплементи",,,https://lifeline.mk/wp-content/uploads/2021/11/VB-PREGNACARE-BEFORE-CONCEPTION-TBL.X30-.png,,,,,,,,,0,Vitabiotics,0,83,84,,classic-editor,cf6be094-d223-4c67-8efb-d1c7b363572d,field_6081ae4f27756,778.12,778.12,0,0,enable,default,default,0,0,0,0,default,default,default,default,default,0,disable,enable,right,default,default,default,387,27,,,,,,,,,60,
9932,simple,,"LIPIKAR BAUME M 400ML + LIPIKAR SYNDET 400ML",1,0,visible,,,,,taxable,,0,,,0,0,,,,,0,,,"2445,55","Нега и заштита > Кожа, Нега и заштита",,,https://lifeline.mk/wp-content/uploads/2021/11/LIPIKAR-BAUME-M-400ML-LIPIKAR-SYNDET-400ML.jpg,,,,,,,,,0,"LaRoche-Posay,Lipikar",0,124,125,,classic-editor,,,,,,,,,,,,,,,,,,,,,,,,,,,,0,,,,,,0,,,
9933,simple,,"Lipikar маслена купка-Масло за чистење на кожа сколона кон атописки дерматит",1,0,visible,,"<p>Маслена купка за миење на телото што ги враќа липидите на кожата - Без иритации, без парабени. Ја штити кожата од исушување поради дејството на тврдата вода. Ги враќа липидите на кожата потребни за обнова на заштитната бариера на кожата.<br />\nСува и непријатна кожа. За деца и возрасни.<br />\nСостојки за чистење избрани за оптимална толеранција. Неутрална pH вредност. Без сапун. Без алкохол. Без бои. Без парабени. Содржи ниацинамид за да се обнови заштитната бариера на кожата и да се смири чувството на затегнување и карите масло за интензивно враќање на липидите.</p>\n",,,taxable,,0,,,0,0,,,,,0,,,1315,"Нега и заштита > Кожа, Нега и заштита",,,https://lifeline.mk/wp-content/uploads/2021/11/LIPIKAR-CLEANSING-OIL-400ML.jpg,,,,,,,,,0,"LaRoche-Posay,Lipikar",0,181,182,,classic-editor,,,,,,,,,,,,,,,,,,,,,,,,,,,,1,,,,,,0,,90,
9934,simple,,"Lipikar Gel Lavant-Смирувачки гел за туширање",1,0,visible,,"<p>Без сапун, без парабени.<br />\nНежно ја чисти и штити чувствителната кожа на целото семејство. Ја одржува физиолошката pH вредност на кожата. Не ги пецка очите.<br />\nЧувствителна и сува кожа на целото семејство. Бебиња, деца и возрасни. Погодно за скалпот на бебињата и интимниот предел.<br />\nСодржи смирувачки ниацинамид и карите масло што ги враќа липидите за обнова на бариерата на кожата.</p>\n<p>&nbsp;</p>\n",,,taxable,,1,,,0,0,,,,,0,,,900,"Нега и заштита > Кожа, Нега и заштита",,,https://lifeline.mk/wp-content/uploads/2021/11/LIPIKAR-GEL-LAVANT-400ml.jpg,,,,,,,,,0,"LaRoche-Posay,Lipikar",0,146,147,,classic-editor,,,,,,,,,,,,,,,,,,,,,,,,,,,,1,,,,,,0,,90,
9935,simple,,"Lipikar Syndet AP+ -Кремаст гел за миење, за сува и иритирана кожа подложна кон атопија",1,0,visible,,"<p>За миење на телото кај бебиња, деца и возрасни со многу сува кожа.<br />\nИсто така погоден и за:<br />\nЧувствителна, многу сува, иритирана кожа склона кон сврбежи што предизвикуваат чешање<br />\nКожа склона кон атопија<br />\nСкалпот на главата и третманот на теменица кај бебињата.</p>\n<p>Многу нежна формула за миење на телото збогатена со карите масло и ниацинамид, поврзана со Aqua Posae Filiformis, нова и исклучиво патентирана состојка која делува на детерминативните фактори на кожата склона кон атопија.<br />\nБез сапун, без мирис, без парабени.</p>\n<p>Моментално смирува. Ја зајакнува бариерата на кожата. Помага во одржувањето на рамнотежа на микробиомот.</p>\n",,,taxable,,0,,,0,0,,,,,0,,,1530,"Нега и заштита > Кожа, Нега и заштита",,,https://lifeline.mk/wp-content/uploads/2021/11/LIPIKAR-SYNDET-400ml.jpg,,,,,,,,,0,"LaRoche-Posay,Lipikar",0,148,149,,classic-editor,,,,,,,,,,,,,,,,,,,,,,,,,,,,1,,,,,,0,,90,
9936,simple,,"Lipikar Xerand- Крема за обнова на кожата на рацете",1,0,visible,,"<p>Го враќа заштитниот хидролипиден слој на кожата и и дава мекост и еластичност на кожата.</p>\n<p>Благодарение на неговите навлажнувачки и регенерирачки состојки, кремот го обновува хидролипидниот слој и ја прави кожата еластична и мека. За поголемо чувство на удобност, остава лесен, немасен слој кој продира низ кожата. Водоотпорен е и ја штити кожата на рацете од секојдневни надворешни фактори.<br />\nЗа изразито сува кожа.</p>\n",,,taxable,,0,,,0,0,,,,,0,,,445,"Нега и заштита > Кожа, Нега и заштита",,,https://lifeline.mk/wp-content/uploads/2021/11/LIPIKAR-XERAND-50ml.jpg,,,,,,,,,0,"LaRoche-Posay,Lipikar",0,139,140,,classic-editor,,,,,,,,,,,,,,,,,,,,,,,,,,,,1,,,,,,0,,90,
9937,simple,,"Effaclar гел за чистење лице-за масна и чувствителна кожа",1,0,visible,,"<p>Пенлив гел за чистење на мрсна, чувствителна кожа<br />\nЗа мрсна и чувствителна кожа.<br />\nEFFACLAR гел нежно ја чисти кожата благодарение на состојките за чистење на чувствителна кожа. Ги отстранува нечистотиите и прекумерниот себум оставајќи ја кожата свежа и чиста. Со смирувачка термална вода на La Roche-Posay, без иритации. - pH 5,5 - без сапун - без алкохол - без боја - без парабени.</p>\n",,,taxable,,0,,,0,0,,,,,0,,,1500,"Нега и заштита > Кожа, Нега и заштита",,,https://lifeline.mk/wp-content/uploads/2021/11/LR-EFFACLAR-GEL-400ML.jpg,,,,,,,,,0,"Effaclar,LaRoche-Posay",0,353,354,,classic-editor,,,,,,,,,,,,,,,,,,,,,,,,,,,,1,,,,,,0,,90,
9938,simple,,"Effaclar Ultra Концентриран серум- Концентрирн серум против флеки и неправилности на кожата",1,0,visible,,"<p>Новиот серум EFFACLAR содржи висока концентрација на киселини<br />\nкои прават пилинг во комбинација со смирувачки ниацинамид, кој се бори против црни точки, мозолчиња, дамки на кожата и видливи пори. Оваа формула за плакнење ја остава кожата чиста и прочистена.<br />\nПрвиот ултра-концентриран третман на лабораторија La Roche-Posay комбинира висока концентрација на дополнителни активни состојки: 3 кератолитички киселини за намалување на несовршености и флеки + ниацинамид и термичка изворска вода за смирувачки ефект и намалување на црвенилото. Докажана ефикасност против повторување.<br />\nОсобено толерантни и прилагодени на кожата склона кон неправилности.<br />\nНе-комедогена.<br />\nТестирано на кожа склона кон неправилности.</p>\n",,,taxable,,0,,,0,0,,,,,0,,,2530,"Нега и заштита > Кожа, Нега и заштита",,,https://lifeline.mk/wp-content/uploads/2021/11/LR-EFFACLAR-SERUM-ULTRA-CONCENTRIRAN-30ml.jpg,,,,,,,,,0,"Effaclar,LaRoche-Posay",0,275,278,,classic-editor,,,,,,,,,,,,,,,,,,,,,,,,,,,,1,,,,,,0,,90,
9939,simple,,"Hyalu B5 серум-Серум против брчки и еластичност за чувствителна кожа",1,0,visible,,"<p>Нова нега против брчки и за пополнетост на чувствителна кожа. Брчки, губење на волуменот и еластичноста, уморна кожа без сјај<br />\nЕдинствена формула за обновување на кожата, која содржи два вида чиста хијалуронска киселина, витамин Б и мадекасозид, за пополнетост на чувствителна кожа, ја обновува бариерата на кожата и забрзува обновувањето на кожата. Кожата моментално ја обновува флексибилноста, еластичноста и здравиот, свеж тен. Брчките и тенките линии се помалку видливи. Кожата изгледа повеќе исполнета и обновена.</p>\n<p>РЕЗУЛТАТИ *</p>\n<p>На крајот на денот<br />\n71% од жените потврдуваат дека брчките на лицето се помалку видливи</p>\n<p>По 4 недели<br />\n75% од жените потврдуваат посвеж изглед на тенот<br />\n69% од жените потврдуваат поревитализиран изглед на кожата<br />\n75% од жените потврдуваат порелаксиран изглед на лицето<br />\nОпшто, 75% од жените потврдуваат подобрен изглед на лицето воопшто</p>\n<p>Ефикасност после постапка**<br />\n89% потврдуваат дека неодамна иритираната кожа изгледа поисполнето<br />\n77% од жените пријавуваат намалено чувство на затегнатост кај неодамна иритираната кожа</p>\n<p>* Прашалник за самопроценка, N = 52 жени со лесна кожа, 40/65 години возраст, сите типови кожа, 100% се изјасниле дека имаат чувствителна кожа, скала од 5 поени<br />\n** Панел: N = 30 мажи и жени со светла кожа, (површински пилинг или инјекции - околу 50/50). Нанесување во тек на 28 дена, двапати на ден (наутро и навечер) на лицето, вклучувајќи го пределот околу очите и вратот во период од 4 недели. Прашалник за субјективни проценки на D0Timm, D14 и D28 (скала од 5 поени).</p>\n",,,taxable,,0,,,0,0,,,,,0,,,2820,"Нега и заштита > Кожа, Нега и заштита",,,https://lifeline.mk/wp-content/uploads/2021/11/LR-HYALU-B5-SERUM-30ML.jpg,,,,,,,,,0,"Hyalu B5,LaRoche-Posay",0,251,252,,classic-editor,,,,,,,,,,,,,,,,,,,,,,,,,,,,2,,,,,,0,,90,
9940,simple,,"Serozinc РАСТВОР НА ЦИНК СУЛФАТ",1,0,visible,,"<p>Адстригентен тоник за мрсна, проблематична кожа. Ги смирува површинските иритации на кожата.<br />\nБез парабени. Погодно за иритации на кожата, иритации настанати со бричење и несовршености на кожата.<br />\nГи смирува површинските иритации на кожата.</p>\n",,,taxable,,1,3,,notify,0,,,,,0,,,820,"Нега и заштита > Кожа, Нега и заштита",,,https://lifeline.mk/wp-content/uploads/2021/11/SEROZINC-TONIK-150ML.jpg,,,,,,,,,0,"LaRoche-Posay,Serozinc",0,194,195,,classic-editor,,,,,,,,,,,,,,,,,,,,,,,,,,,,1,,,,,,0,,90,
9941,simple,,"VIRANTO FORTE",1,0,visible,,,,,taxable,,1,2,,0,0,,,,,0,,,480,"Витамини и суплементи, Витамини и суплементи > Имунитет",,,https://lifeline.mk/wp-content/uploads/2021/11/VIRANTO-FORTE.png,,,,,,,,,0,"4U Pharma",0,189,190,,classic-editor,0a525f42-2f16-47e1-b541-9b6770e42dc9,field_6081ae4f27756,308.7,308.7,0,0,enable,default,default,0,0,0,0,default,default,default,default,default,0,disable,enable,right,default,default,default,348,27,,,,,,,,,60,
9942,simple,,"VISET 0.5MG/ML KAPKI ZA OKO 10ML",1,0,visible,,,,,taxable,reduced-rate,1,1,,0,0,,,,,0,,,320,"Нега и заштита, Нега и заштита > Очи",,,https://lifeline.mk/wp-content/uploads/2021/11/VISET-0.5MG-ML-KAPKI-ZA-OKO-10ML.png,,,,,,,,,0,JGL,0,231,232,,classic-editor,344f6bfb-fc60-4912-8a08-7e581952ade8,field_6081ae4f27756,247.95,247.95,0,0,enable,default,default,0,0,0,0,default,default,default,default,default,0,disable,enable,right,default,default,default,316,28,,,,,,,,,60,
9943,simple,,"Vizol S intensive sol. 10 ml",1,0,visible,,,,,taxable,,1,1,,0,0,,,,,0,,,390,"Нега и заштита, Нега и заштита > Очи",,,https://lifeline.mk/wp-content/uploads/2021/11/Vizol-S-intensive-sol.-10-ml.png,,,,,,,,,0,JGL,0,205,206,,classic-editor,cc47b920-2684-4d97-a7d3-c152df075f1c,field_6081ae4f27756,275,275,0,0,enable,default,default,0,0,0,0,default,default,default,default,default,0,disable,enable,right,default,default,default,316,28,,,,,,,,,60,
9946,simple,,"W-IMMUN SELECT CPSX60",1,0,visible,,,,,taxable,reduced-rate,1,1,,0,0,,,,,0,,,1300,"Витамини и суплементи, Витамини и суплементи > Имунитет",,,https://lifeline.mk/wp-content/uploads/2021/11/W-IMMUN-SELECT-CPSX60-.png,,,,,,,,,0,"Dr. Wolz",0,211,212,,classic-editor,297a5d43-84d0-43ce-8386-009e5b1d30a7,field_6081ae4f27756,1011.908,1011.908,0,0,enable,default,default,0,0,0,0,default,default,default,default,default,0,disable,enable,right,default,default,default,361,27,,,,,,,,,60,
9947,simple,,"VICHY SLOW AGE NIGHT 50ML",1,0,visible,,,,,taxable,,1,,,0,0,,,,,0,,,2525,"Нега и заштита > Кожа, Нега и заштита",,,https://lifeline.mk/wp-content/uploads/2021/11/SLOW-AGE-NIGHT-50ML.jpg,,,,,,,,,0,Vichy,0,188,189,,classic-editor,,,,,,,,,,,,,,,,,,,,,,,,,,,,0,,,,,,0,,,
9980,simple,,"VICHY Idealia крема за сува кожа 50 ml",1,0,visible,,,,,taxable,,0,,,0,0,,,,,0,,,2050,"Нега и заштита > Кожа, Нега и заштита",,,https://lifeline.mk/wp-content/uploads/2021/11/VICHY-IDEALIA-PS-50-ml.jpg,,,,,,,,,0,Vichy,0,221,222,,classic-editor,,,,,,,,,,,,,,,,,,,,,,,,,,,,0,,,,,,0,,,
9981,simple,,"VICHY Liftactive Collagen крема за дневна нега за сите типови на кожа   50ml",1,0,visible,,,,,taxable,,1,2,,0,0,,,,,0,,,3080,"Нега и заштита > Кожа, Нега и заштита",,,https://lifeline.mk/wp-content/uploads/2021/11/vichy-las-collagen-specialist.jpg,,,,,,,,,0,Vichy,0,137,138,,classic-editor,,,,,,,,,,,,,,,,,,,,,,,,,,308,,0,,,,,,0,,,
9984,simple,,"VICHY Liftactive Supreme дневна крема за нормална до комбинирана кожа    50ml",1,0,visible,,,,,taxable,,1,1,,notify,0,,,,,0,,,2485,"Нега и заштита > Кожа, Нега и заштита",,,https://lifeline.mk/wp-content/uploads/2021/11/vichy-las-n-to-c.jpg,,,,,,,,,0,Vichy,0,329,330,,classic-editor,,,,,,,,,,,,,,,,,,,,,,,,,,308,,0,,,,,,0,,,
9985,simple,,"VICHY MINERALBLEND 06 30ML",0,0,visible,,,,,taxable,,0,,,0,0,,,,,0,,,"1400,424","Нега и заштита > Кожа, Нега и заштита",,,https://lifeline.mk/wp-content/uploads/2021/11/VICHY-MINERALBLEND-06-30ML.jpg,,,,,,,,,0,"Makeup,Vichy",0,4,5,,classic-editor,,,,,,,,,,,,,,,,,,,,,,,,,,,,0,,,,,,0,,,
9986,simple,,"VICHY MINERALBLEND 09 30ML",0,0,visible,,,,,taxable,,0,,,0,0,,,,,0,,,"1400,424","Нега и заштита > Кожа, Нега и заштита",,,https://lifeline.mk/wp-content/uploads/2021/11/VICHY-MINERALBLEND-09-30ML.jpg,,,,,,,,,0,"Makeup,Vichy",0,8,9,,classic-editor,,,,,,,,,,,,,,,,,,,,,,,,,,,,0,,,,,,0,,,
9987,simple,,"VICHY Liftactive Collagen крема за дневна нега за сите типови на кожа со заштитен фактор 25   50ml",1,0,visible,,,,,taxable,,0,,,0,0,,,,,0,,,3080,"Нега и заштита > Кожа, Нега и заштита",,,https://lifeline.mk/wp-content/uploads/2021/11/VICHY-LIFTACTIV-COLLAGEN-CREAM-SPF-25-50ML.jpg,,,,,,,,,0,Vichy,0,163,164,,classic-editor,,,,,,,,,,,,,,,,,,,,,,,,,,308,,0,,,,,,0,,,
9989,simple,,"VICHY Normaderm SOS сулфурна паста за акни 20ML",1,0,visible,,,,,taxable,,0,0,,0,0,,,,,0,,,1160,"Нега и заштита > Кожа, Нега и заштита",,,https://lifeline.mk/wp-content/uploads/2021/11/VICHY-NORMADERM-SOS-SULFURMA-PASTA-20ML.jpg,,,,,,,,,0,Vichy,0,365,366,,classic-editor,,,,,,,,,,,,,,,,,,,,,,,,,,,,0,,,,,,0,,,
9990,simple,,"SEBAMED BABY krem ekstra mek 50 ml",1,0,visible,,,,,taxable,,1,1,,0,0,,,,,0,,,220,"Бебешка програма > Бебешка козметика, Бебешка програма",,,https://lifeline.mk/wp-content/uploads/2021/11/SEBAMED-BABY-krem-ekstra-mek-50-ml.jpg,,,,,,,,,0,Sebamed,0,95,96,,,,,,,,,,,,,,,,,,,,,,,,,,,,,,,,,,,,,,,
9991,simple,,"SEBAMED BABY krem protiv osip 100 ml",1,0,visible,,,,,taxable,,1,1,,0,0,,,,,0,,,460,"Бебешка програма > Бебешка козметика, Бебешка програма",,,https://lifeline.mk/wp-content/uploads/2021/11/SEBAMED-BABY-krem-protiv-osip-100-ml.jpg,,,,,,,,,0,Sebamed,0,99,100,,,,,,,,,,,,,,,,,,,,,,,,,,,,,,,,,,,,,,,
9992,simple,,"SEBAMED BABY krem za lice 50 ml",1,0,visible,,,,,taxable,,1,1,,notify,0,,,,,0,,,410,"Бебешка програма > Бебешка козметика, Бебешка програма",,,https://lifeline.mk/wp-content/uploads/2021/11/SEBAMED-BABY-krem-za-lice-50-ml.jpg,,,,,,,,,0,Sebamed,0,216,217,,,,,,,,,,,,,,,,,,,,,,,,,,,,,,,,,,,,,,,
9993,simple,,"SEBAMED BABY losion 200 ml",1,0,visible,,,,,taxable,,1,1,,0,0,,,,,0,,,540,"Бебешка програма > Бебешка козметика, Бебешка програма",,,https://lifeline.mk/wp-content/uploads/2021/11/SEBAMED-BABY-losion-200-ml.jpg,,,,,,,,,0,Sebamed,0,100,101,,,,,,,,,,,,,,,,,,,,,,,,,,,,,,,,,,,,,,,
9994,simple,,"SEBAMED BABY sampon 150 ml",1,0,visible,,,,,taxable,,1,1,,0,0,,,,,0,,,330,"Бебешка програма > Бебешка козметика, Бебешка програма",,,https://lifeline.mk/wp-content/uploads/2021/11/SEBAMED-BABY-sampon-150-ml.jpg,,,,,,,,,0,Sebamed,0,223,224,,,,,,,,,,,,,,,,,,,,,,,,,,,,,,,,,,,,,,,
9995,simple,,"TOPLOMER HUMAN-ZIVIN x 1  TOPLOMER HUMAN-ZIVIN x 1",1,0,visible,,,,,taxable,,1,,,0,0,,,,,0,,,110,"Медицински помагала, Медицински помагала > Топломери",,,https://lifeline.mk/wp-content/uploads/2021/11/SEBAMED-BABY-sapun-100gr..jpg,,,,,,,,,0,,0,211,212,,classic-editor,"8408a25f-52e1-409c-97cd-ea21e6602d48 ",field_6081ae4f27756,,,0,0,enable,default,default,0,0,0,0,default,default,default,default,default,0,disable,enable,right,default,default,default,,75,,,,,,,,,,
9996,simple,,"SEBAMED CF gel protiv akni 10 ml",1,0,visible,,,,,taxable,,1,1,,0,0,,,,,0,,,300,"Нега и заштита > Кожа, Нега и заштита > Кожа - масна и акни, Нега и заштита",,,https://lifeline.mk/wp-content/uploads/2021/11/SEBAMED-CF-gel-protiv-akni-10-ml.jpg,,,,,,,,,0,Sebamed,0,407,408,,,,,,,,,,,,,,,,,,,,,,,,,,,,,,,,,,,,,,,
9997,simple,,"SEBAMED CF tonirana krema za akni 10 ml",1,0,visible,,,,,taxable,,1,1,,notify,0,,,,,0,,,300,"Нега и заштита > Кожа, Нега и заштита > Кожа - масна и акни, Нега и заштита",,,https://lifeline.mk/wp-content/uploads/2021/11/SEBAMED-CF-krema-za-akni-10-ml.jpg,,,,,,,,,0,Sebamed,0,71,72,,,,,,,,,,,,,,,,,,,,,,,,,,,,,,,,,,,,,,,
9998,simple,,"SEBAMED CF pena za lice 150 ml",1,0,visible,,,,,taxable,,backorder,0,,notify,0,,,,,0,,,440,"Нега и заштита > Кожа, Нега и заштита > Кожа - масна и акни, Нега и заштита",,,https://lifeline.mk/wp-content/uploads/2021/11/SEBAMED-CF-pena-za-lice-150-ml.jpg,,,,,,,,,0,Sebamed,0,108,109,,,,,,,,,,,,,,,,,,,,,,,,,,,,,,,,,,,,,,,
9999,simple,,"SEBAMED CF sapun 100gr.",1,0,visible,,,,,taxable,,backorder,0,,notify,0,,,,,0,,,230,"Нега и заштита > Кожа, Нега и заштита > Кожа - масна и акни, Нега и заштита",,,https://lifeline.mk/wp-content/uploads/2021/11/SEBAMED-CF-sapun-100gr..jpg,,,,,,,,,0,Sebamed,0,100,101,,,,,,,,,,,,,,,,,,,,,,,,,,,,,,,,,,,,,,,
10000,simple,,"SEBAMED CF tonik za lice 150 ml",1,0,visible,,,,,taxable,,backorder,'-1,,notify,0,,,,,0,,,390,"Нега и заштита > Кожа, Нега и заштита > Кожа - масна и акни, Нега и заштита",,,https://lifeline.mk/wp-content/uploads/2021/11/SEBAMED-CF-tonik-za-lice-150-ml.jpg,,,,,,,,,0,Sebamed,0,223,224,,,,,,,,,,,,,,,,,,,,,,,,,,,,,,,,,,,,,,,
10001,simple,,"SEBAMED shampon perut 200 ml",1,0,visible,,,,,taxable,,0,0,,0,0,,,,,0,,,450,"Нега и заштита > Кожа, Нега и заштита > Кожа - масна и акни, Нега и заштита",,,https://lifeline.mk/wp-content/uploads/2021/11/SEBAMED-shampon-perut-200-ml.jpg,,,,,,,,,0,Sebamed,0,230,231,,,,,,,,,,,,,,,,,,,,,,,,,,,,,,,,,,,,,,,
10002,simple,,"Подхранувачки супер калциум во прав-10",1,0,visible,,,,,taxable,reduced-rate,1,1,,0,0,,,,,0,,,1841,"Витамини и суплементи, Витамини и суплементи > Коски\, зглобови и мускули",,,https://lifeline.mk/wp-content/uploads/2021/11/TIENS-KALCIUM-VO-PRAV-1841-DEN.jpg,,,,,,,,,0,Tiens,0,107,108,,,,,,,,,,,,,,,,,,,,,,,,,,,,,,,,,,,,,,,
10003,simple,,"Супер калциум за деца во прав-10",1,0,visible,,,,,taxable,reduced-rate,backorder,0,,notify,0,,,,,0,,,2001,"Витамини и суплементи > Алергија, Витамини и суплементи, Витамини и суплементи > Коски\, зглобови и мускули",,,https://lifeline.mk/wp-content/uploads/2021/11/TIENS-KALCIUM-VO-PRAV-ZA-DECA-1841-DEN-1.jpg,,,,,,,,,0,Tiens,0,236,237,,,,,,,,,,,,,,,,,,,,,,,,,,,,,,,,,,,,,,,
10004,simple,,"Супер калциум со лецитин-20 капсули",1,0,visible,,,,,taxable,reduced-rate,1,1,,0,0,,,,,0,,,881,"Витамини и суплементи, Витамини и суплементи > Заштита на нервниот систем, Витамини и суплементи > Коски\, зглобови и мускули",,,https://lifeline.mk/wp-content/uploads/2021/11/TIENS-KALCIUM-TABLETI-SO-LECITIN-881-DEN.jpg,,,,,,,,,0,Tiens,0,131,132,,,,,,,,,,,,,,,,,,,,,,,,,,,,,,,,,,,,,,,
10005,simple,,"Кордицепс-100 капсули",1,0,visible,,,,,taxable,reduced-rate,backorder,0,,notify,0,,,,,0,,,3522,"Витамини и суплементи, Витамини и суплементи > Имунитет",,,https://lifeline.mk/wp-content/uploads/2021/11/tiens-kordiceps.jpg,,,,,,,,,0,Tiens,0,108,109,,,,,,,,,,,,,,,,,,,,,,,,,,,,,,,,,,,,,,,
10006,simple,,"Хитосан-100 капсули",1,0,visible,,,,,taxable,reduced-rate,1,3,,0,0,,,,,0,,,2803,"Витамини и суплементи, Витамини и суплементи > Препарати за слабеење",,,https://lifeline.mk/wp-content/uploads/2021/11/tiens-hitosan.jpg,,,,,,,,,0,Tiens,0,104,105,,,,,,,,,,,,,,,,,,,,,,,,,,,,,,,,,,,,,,,
10007,simple,,"Спирулина-100 капсули",1,0,visible,,,,,taxable,reduced-rate,backorder,0,,notify,0,,,,,0,,,2001,"Витамини и суплементи > Анемија, Витамини и суплементи, Витамини и суплементи > Дигестивен тракт и пробиотици, Витамини и суплементи > Имунитет",,,https://lifeline.mk/wp-content/uploads/2021/11/TIENS-SPIRULINA.jpg,,,,,,,,,0,Tiens,0,204,205,,,,,,,,,,,,,,,,,,,,,,,,,,,,,,,,,,,,,,,
10008,simple,,"Приспивни дуо-60 таблети",1,0,visible,,,,,taxable,,1,,,0,0,,,,,0,,,1681,"Витамини и суплементи, Витамини и суплементи > Заштита на нервниот систем",,,https://lifeline.mk/wp-content/uploads/2021/11/TIENS-PRISPIVACKI-DUO-KAPSULI.jpg,,,,,,,,,0,Tiens,0,112,113,,,,,,,,,,,,,,,,,,,,,,,,,,,,,,,,,,,,,,,
10033,simple,,"Масло од лук-60 капсули",1,0,visible,,,,,taxable,,1,,,0,0,,,,,0,,,2643,"Витамини и суплементи, Витамини и суплементи > Заштита на срце и крвни садови",,,https://lifeline.mk/wp-content/uploads/2021/11/TIENS-MASLO-OD-LUK.jpg,,,,,,,,,0,Tiens,0,143,144,,,,,,,,,,,,,,,,,,,,,,,,,,,,,,,,,,,,,,,
10034,simple,,"Мултифункционален уред-биоенергија",1,0,visible,,,,,taxable,,1,,,0,0,,,,,0,,,12596,"Медицински помагала",,,https://lifeline.mk/wp-content/uploads/2021/11/TIENS-BIOENERGIJA.jpg,,,,,,,,,0,Tiens,0,147,148,,,,,,,,,,,,,,,,,,,,,,,,,,,,,,,,,,,,,,,
10035,simple,,"Мултифункционален уред-фрижидер",1,0,visible,,,,,taxable,,1,,,0,0,,,,,0,,,9898,"Медицински помагала",,,https://lifeline.mk/wp-content/uploads/2021/11/TIENS-POVEKJENAMENSKI-URED-ZA-PROC.-NA-FRIZIDER.jpg,,,,,,,,,0,Tiens,0,124,125,,,,,,,,,,,,,,,,,,,,,,,,,,,,,,,,,,,,,,,
10036,simple,,"Здрава перница",1,0,visible,,,,,taxable,,1,,,0,0,,,,,0,,,22494,"Медицински помагала",,,https://lifeline.mk/wp-content/uploads/2021/11/TIENS-ZDRAVA-PERNICA.jpg,,,,,,,,,0,Tiens,0,165,166,,,,,,,,,,,,,,,,,,,,,,,,,,,,,,,,,,,,,,,
10037,simple,,"Здрава прекривка",1,0,visible,,,,,taxable,,1,,,0,0,,,,,0,,,35990,"Медицински помагала",,,https://lifeline.mk/wp-content/uploads/2021/11/TIENS-ZDRAVA-PREKRIVKA.jpg,,,,,,,,,0,Tiens,0,146,147,,,,,,,,,,,,,,,,,,,,,,,,,,,,,,,,,,,,,,,
10038,simple,,"Здрав душек",1,0,visible,,,,,taxable,,1,,,0,0,,,,,0,,,99973,"Медицински помагала",,,https://lifeline.mk/wp-content/uploads/2021/11/TIENS-ZDRAV-DUSEK.jpg,,,,,,,,,0,Tiens,0,138,139,,,,,,,,,,,,,,,,,,,,,,,,,,,,,,,,,,,,,,,
10039,simple,,"Антилипиден чај-40 кесички",1,0,visible,,,,,taxable,reduced-rate,1,3,,0,0,,,,,0,,,1241,"Витамини и суплементи, Витамини и суплементи > Заштита на срце и крвни садови, Витамини и суплементи > Препарати за слабеење, Витамини и суплементи > Чаеви и билни препарати",,,https://lifeline.mk/wp-content/uploads/2021/11/TIENS-ANTILIPIDEN-CAJ.jpg,,,,,,,,,0,Tiens,0,152,153,,,,,,,,,,,,,,,,,,,,,,,,,,,,,,,,,,,,,,,
10040,simple,,"Цинк-60 капсули",1,0,visible,,,,,taxable,reduced-rate,backorder,0,,notify,0,,,,,0,,,1201,"Витамини и суплементи > Алергија, Витамини и суплементи, Витамини и суплементи > Имунитет",,,https://lifeline.mk/wp-content/uploads/2021/11/TIENS-ZINC.jpg,,,,,,,,,0,Tiens,0,144,145,,,,,,,,,,,,,,,,,,,,,,,,,,,,,,,,,,,,,,,
10041,simple,,"Дигест-90 таблети",1,0,visible,,,,,taxable,reduced-rate,1,2,,0,0,,,,,0,,,2403,"Витамини и суплементи, Витамини и суплементи > Дигестивен тракт и пробиотици",,,https://lifeline.mk/wp-content/uploads/2021/11/TIENS-DIGEST-TABLETI.jpg,,,,,,,,,0,Tiens,0,166,167,,,,,,,,,,,,,,,,,,,,,,,,,,,,,,,,,,,,,,,
10042,simple,,"Женски хигиенски влошки",1,0,visible,,,,,taxable,,1,,,0,0,,,,,0,,,2698,"Нега и заштита, Нега и заштита > Санитетски материјали, Нега и заштита > Сексуално здравје и интимна нега",,,https://lifeline.mk/wp-content/uploads/2021/11/TIENS-HIGIENSKI-VLOSKI.jpg,,,,,,,,,0,Tiens,0,253,254,,,,,,,,,,,,,,,,,,,,,,,,,,,,,,,,,,,,,,,
10043,simple,,"SYNERGY FERROFECT x30 tbl",1,0,visible,,,,,taxable,reduced-rate,1,1,,0,0,,,,,0,,,"579,999","Витамини и суплементи > Анемија, Витамини и суплементи > Витамини за трудници и доилки, Витамини и суплементи",,,https://lifeline.mk/wp-content/uploads/2021/11/SYNERGY-FERROFECT-x30-tbl.jpg,,,,,,,,,0,Synergy,0,303,305,,,,,,,,,,,,,,,,,,,,,,,,,,,,,,,,,,,,,,,
10044,simple,,"SYNERGY VIT.D3 2000iu cps x30",1,0,visible,,,,,taxable,reduced-rate,1,4,,0,0,,,,,0,,,580,"Витамини и суплементи, Витамини и суплементи > Имунитет, Витамини и суплементи > Коски\, зглобови и мускули",,,https://lifeline.mk/wp-content/uploads/2021/11/SYNERGY-VIT.D3-2000iu-cps-x30.jpg,,,,,,,,,0,Synergy,0,153,154,,,,,,,,,,,,,,,,,,,,,,,,,,,,,,,,,,,,,,,
10045,simple,,"SYNERGY VITAMIN K 80mg",1,0,visible,,,,,taxable,reduced-rate,1,1,,0,0,,,,,0,,,840,"Витамини и суплементи, Витамини и суплементи > Заштита на срце и крвни садови, Витамини и суплементи > Коски\, зглобови и мускули",,,https://lifeline.mk/wp-content/uploads/2021/11/SYNERGY-VITAMIN-K-80mg.jpg,,,,,,,,,0,Synergy,0,109,110,,,,,,,,,,,,,,,,,,,,,,,,,,,,,,,,,,,,,,,
10046,simple,,"JAM-MG 90x250mg",1,0,visible,,,,,taxable,reduced-rate,1,1,,0,0,,,,,0,,,500,"Витамини и суплементи, Витамини и суплементи > Заштита на нервниот систем, Витамини и суплементи > Заштита на срце и крвни садови, Витамини и суплементи > Коски\, зглобови и мускули",,,https://lifeline.mk/wp-content/uploads/2021/11/jamieson-mg.jpg,,,,,,,,,0,Jamieson,0,181,182,,,,,,,,,,,,,,,,,,,,,,,,,,,,,,,,,,,,,,,
10047,simple,,"JAM-ZN 100x10mg",1,0,visible,,,,,taxable,,0,,,0,0,,,,,0,,,380,"Витамини и суплементи, Витамини и суплементи > Имунитет",,,https://lifeline.mk/wp-content/uploads/2021/11/jamieson-zinc.jpg,,,,,,,,,0,Jamieson,0,172,173,,,,,,,,,,,,,,,,,,,,,,,,,,,,,,,,,,,,,,,
10048,simple,,"H. AID HAIR-VIT cps.x 30",1,0,visible,,,,,taxable,reduced-rate,1,1,,0,0,,,,,0,,,860,"Витамини и суплементи, Витамини и суплементи > Витамини и суплементи за коса",,,https://lifeline.mk/wp-content/uploads/2021/11/H-AID-HAIR-VIT-cps.x-30.png,,,,,,,,,0,HealthAid,0,123,124,,,,,,,,,,,,,,,,,,,,,,,,,,,,,,,,,,,,,,,
10049,simple,,"H-AID METHYLCOBALAMIN B12 tbl. x 60",1,0,visible,,,,,taxable,reduced-rate,1,1,,0,0,,,,,0,,,990,"Витамини и суплементи > Анемија, Витамини и суплементи, Витамини и суплементи > Заштита на нервниот систем",,,https://lifeline.mk/wp-content/uploads/2021/11/H-AID-METHYLCOBALAMIN-B12-tbl.-x-60.jpg,,,,,,,,,0,HealthAid,0,140,141,,,,,,,,,,,,,,,,,,,,,,,,,,,,,,,,,,,,,,,
10051,simple,,"H-AID PROSTAVITAL cps. x 30",1,0,visible,,,,,taxable,reduced-rate,1,2,,0,0,,,,,0,,,1050,"Витамини и суплементи, Витамини и суплементи > Простата",,,https://lifeline.mk/wp-content/uploads/2021/11/H-AID-PROSTAVITAL-cps.-x-30.png,,,,,,,,,0,HealthAid,0,94,95,,,,,,,,,,,,,,,,,,,,,,,,,,,,,,,,,,,,,,,
10052,simple,,"H-AID VITAMIN B99 COMPLEX tbl. x60",1,0,visible,,,,,taxable,reduced-rate,1,1,,0,0,,,,,0,,,1130,"Витамини и суплементи, Витамини и суплементи > Заштита на нервниот систем",,,https://lifeline.mk/wp-content/uploads/2021/11/H-AID-VITAMIN-B99-COMPLEX-tbl.-x60.png,,,,,,,,,0,HealthAid,0,103,104,,,,,,,,,,,,,,,,,,,,,,,,,,,,,,,,,,,,,,,
10053,simple,,"H-AID LIVERCARE tbl. X 60",1,0,visible,,,,,taxable,reduced-rate,1,2,,0,0,,,,,0,,,980,"Витамини и суплементи, Витамини и суплементи > Заштита на црн дроб",,,https://lifeline.mk/wp-content/uploads/2021/11/H-AID-LIVERCARE-tbl.-X-60.jpg,,,,,,,,,0,HealthAid,0,97,98,,,,,,,,,,,,,,,,,,,,,,,,,,,,,,,,,,,,,,,
10054,simple,,"H-AID MAGCITRA tbl. X 60",1,0,visible,,,,,taxable,reduced-rate,1,1,,0,0,,,,,0,,,920,"Витамини и суплементи, Витамини и суплементи > Заштита на нервниот систем, Витамини и суплементи > Заштита на срце и крвни садови, Витамини и суплементи > Коски\, зглобови и мускули",,,https://lifeline.mk/wp-content/uploads/2021/11/H-AID-MAGCITRA-tbl.-X-60.jpg,,,,,,,,,0,HealthAid,0,155,156,,,,,,,,,,,,,,,,,,,,,,,,,,,,,,,,,,,,,,,
10056,simple,,"H-AID OSTEOVIT tbl. x 60",1,0,visible,,,,,taxable,reduced-rate,1,1,,notify,0,,,,,0,,,890,"Витамини и суплементи, Витамини и суплементи > Коски\, зглобови и мускули",,,https://lifeline.mk/wp-content/uploads/2021/11/H-AID-OSTEOVIT-tbl.-x-60.png,,,,,,,,,0,HealthAid,0,89,90,,,,,,,,,,,,,,,,,,,,,,,,,,,,,,,,,,,,,,,
10064,simple,,"H-AID RED YEAST rice tbl. x 90",1,0,visible,,,,,taxable,reduced-rate,1,1,,0,0,,,,,0,,,1360,"Витамини и суплементи, Витамини и суплементи > Заштита на срце и крвни садови",,,https://lifeline.mk/wp-content/uploads/2021/11/H-AID-RED-YEAST-rice-tbl.-x-90.jpeg,,,,,,,,,0,HealthAid,0,82,83,,,,,,,,,,,,,,,,,,,,,,,,,,,,,,,,,,,,,,,
10065,simple,,"H-AID TEA TREE OIL sapun 100g",1,0,visible,,,,,taxable,,0,0,,0,0,,,,,0,,,560,"Нега и заштита > Кожа, Нега и заштита",,,https://lifeline.mk/wp-content/uploads/2021/11/H-AID-TEA-TREE-OIL-sapun-100g.png,,,,,,,,,0,HealthAid,0,79,80,,,,,,,,,,,,,,,,,,,,,,,,,,,,,,,,,,,,,,,
10066,simple,,"H-AID VITAMIN D3 1000 i.u spray",1,0,visible,,,,,taxable,reduced-rate,1,1,,0,0,,,,,0,,,900,"Витамини и суплементи, Витамини и суплементи > Имунитет, Витамини и суплементи > Коски\, зглобови и мускули",,,https://lifeline.mk/wp-content/uploads/2021/11/H-AID-VITAMIN-D3-1000-i.u-spray.png,,,,,,,,,0,HealthAid,0,154,155,,,,,,,,,,,,,,,,,,,,,,,,,,,,,,,,,,,,,,,
10067,simple,,"H-AID VITAMIN E maslo 100% 50ml",1,0,visible,,,,,taxable,reduced-rate,1,1,,notify,0,,,,,0,,,1100,"Нега и заштита > Кожа, Нега и заштита",,,https://lifeline.mk/wp-content/uploads/2021/11/H-AID-VITAMIN-E-maslo-100-50ml.png,,,,,,,,,0,HealthAid,0,195,196,,,,,,,,,,,,,,,,,,,,,,,,,,,,,,,,,,,,,,,
10068,simple,,"DOC VITAMIN D3 1000IE TBL.X60",1,0,visible,,,,,taxable,reduced-rate,0,0,,0,0,,,,,0,,,310,"Витамини и суплементи, Витамини и суплементи > Имунитет, Витамини и суплементи > Коски\, зглобови и мускули",,,https://lifeline.mk/wp-content/uploads/2021/11/viber_image_2021-09-01_11-35-27-484.jpg,,,,,,,,,0,Doc,0,183,184,,classic-editor,b8e1b72f-83bc-4748-93df-841061777abd,field_6081ae4f27756,196,196,0,0,enable,default,default,0,0,0,0,default,default,default,default,default,0,disable,enable,right,default,default,default,388,27,,,,,,,,,60,
10069,simple,,"H-AID WHEAT GERM OIL cps. x 60",1,0,visible,,,,,taxable,reduced-rate,1,1,,notify,0,,,,,0,,,930,"Витамини и суплементи",,,https://lifeline.mk/wp-content/uploads/2021/11/H-AID-WHEAT-GERM-OIL-cps.-x-60.png,,,,,,,,,0,HealthAid,0,81,82,,,,,,,,,,,,,,,,,,,,,,,,,,,,,,,,,,,,,,,
10070,simple,,"NU-ASHWAGANDHA caps. 90 x 450mg",1,0,visible,,,,,taxable,reduced-rate,0,0,,0,0,,,,,0,,,1460,"Витамини и суплементи, Витамини и суплементи > Заштита на нервниот систем",,,https://lifeline.mk/wp-content/uploads/2021/11/NU-ASHWAGANDHA-caps.-90-x-450mg.jpg,,,,,,,,,0,Now,0,245,246,,,,,,,,,,,,,,,,,,,,,,,,,,,,,,,,,,,,,,,
10078,simple,,"NU-MAGNEZIUM CITRAT caps. X 90",1,0,visible,,,,,taxable,reduced-rate,1,1,,0,0,,,,,0,,,1210,"Витамини и суплементи, Витамини и суплементи > Заштита на нервниот систем, Витамини и суплементи > Коски\, зглобови и мускули",,,https://lifeline.mk/wp-content/uploads/2021/11/NU-MAGNEZIUM-CITRAT-caps.-X-90.jpg,,,,,,,,,0,Now,0,453,454,,,,,,,,,,,,,,,,,,,,,,,,,,,,,,,,,,,,,,,
10079,simple,,"NU-NAC 600mg",1,0,visible,,,,,taxable,reduced-rate,1,1,,0,0,,,,,0,,,1440,"Витамини и суплементи, Витамини и суплементи > Заштита на нервниот систем, Витамини и суплементи > Заштита на црн дроб",,,https://lifeline.mk/wp-content/uploads/2021/11/NU-NAC-600mg.jpg,,,,,,,,,0,Now,0,226,227,,,,,,,,,,,,,,,,,,,,,,,,,,,,,,,,,,,,,,,
10080,simple,,"NU-SELENIUM tbl. 100 x 100mcg",1,0,visible,,,,,taxable,reduced-rate,1,1,,0,0,,,,,0,,,700,"Витамини и суплементи, Витамини и суплементи > Имунитет",,,https://lifeline.mk/wp-content/uploads/2021/11/NU-SELENIUM-tbl.-100-x-100mcg.jpg,,,,,,,,,0,Now,0,216,217,,,,,,,,,,,,,,,,,,,,,,,,,,,,,,,,,,,,,,,
10081,simple,,"NU-SERRAZIMES caps. x 90",1,0,visible,,,,,taxable,reduced-rate,1,1,,notify,0,,,,,0,,,"1641,78","Витамини и суплементи, Витамини и суплементи > Коски\, зглобови и мускули",,,https://lifeline.mk/wp-content/uploads/2021/11/NU-SERRAZIMES-caps.-x-90.jpg,,,,,,,,,0,Now,0,91,92,,,,,,,,,,,,,,,,,,,,,,,,,,,,,,,,,,,,,,,
10082,simple,,"NU-VITAMIN D3 1000 IE x 180 soft caps.",1,0,visible,,,,,taxable,reduced-rate,1,1,,0,0,,,,,0,,,800,"Витамини и суплементи, Витамини и суплементи > Имунитет, Витамини и суплементи > Коски\, зглобови и мускули",,,https://lifeline.mk/wp-content/uploads/2021/11/NU-VITAMIN-D3-1000-IE-x-180-soft-caps..jpg,,,,,,,,,0,Now,0,330,331,,,,,,,,,,,,,,,,,,,,,,,,,,,,,,,,,,,,,,,
10083,simple,,"NU-VITAMIN K2 100 mcg",1,0,visible,,,,,taxable,reduced-rate,1,1,,0,0,,,,,0,,,1750,"Витамини и суплементи, Витамини и суплементи > Заштита на срце и крвни садови, Витамини и суплементи > Коски\, зглобови и мускули",,,https://lifeline.mk/wp-content/uploads/2021/11/NU-VITAMIN-K2-100-mcg.jpg,,,,,,,,,0,Now,0,319,320,,,,,,,,,,,,,,,,,,,,,,,,,,,,,,,,,,,,,,,
10084,simple,,"NU-VIT.D3 10.000 IU",1,0,visible,,,,,taxable,reduced-rate,1,1,,notify,0,,,,,0,,,1340,"Витамини и суплементи, Витамини и суплементи > Имунитет, Витамини и суплементи > Коски\, зглобови и мускули",,,https://lifeline.mk/wp-content/uploads/2021/11/NU-VIT.D3-10.000-IU.jpg,,,,,,,,,0,Now,0,193,194,,,,,,,,,,,,,,,,,,,,,,,,,,,,,,,,,,,,,,,
10094,simple,,"NU-CHOLINE & INOSITOL caps. x 100",1,0,visible,,,,,taxable,reduced-rate,1,1,,notify,0,,,,,0,,,1188,"Витамини и суплементи, Витамини и суплементи > Заштита на црн дроб",,,https://lifeline.mk/wp-content/uploads/2021/11/NU-CHOLINE-INOSITOL-caps.-x-100.jpg,,,,,,,,,0,Now,0,460,461,,,,,,,,,,,,,,,,,,,,,,,,,,,,,,,,,,,,,,,
10095,simple,,"NU-COQ10 caps. 50 x 100mg",1,0,visible,,,,,taxable,reduced-rate,backorder,0,,notify,0,,,,,0,,,1615,"Витамини и суплементи, Витамини и суплементи > Заштита на срце и крвни садови",,,https://lifeline.mk/wp-content/uploads/2021/11/NU-COQ10-caps.-50-x-100mg.jpg,,,,,,,,,0,Now,0,201,202,,,,,,,,,,,,,,,,,,,,,,,,,,,,,,,,,,,,,,,
10096,simple,,"NU-INULIN PRASHOK 227gr.",1,0,visible,,,,,taxable,reduced-rate,1,1,,0,0,,,,,0,,,1095,"Витамини и суплементи, Витамини и суплементи > Дигестивен тракт и пробиотици",,,https://lifeline.mk/wp-content/uploads/2021/11/NU-INULIN-PRASHOK-227gr..jpg,,,,,,,,,0,Now,0,329,330,,,,,,,,,,,,,,,,,,,,,,,,,,,,,,,,,,,,,,,
10097,simple,,"Anthelios XL Dry Touch Anti-Shine- Крема со заштитен фактор 50+ против масен сјај на лицето",1,0,visible,,"За чувствителна кожа и кожа склона кон нетолеранција на сонце, попозната како алергија на сонце.\nСилен интензитет на сонцето.\nПревенција од сончеви дамки (бременост, фотосензитивност ...).\n\nXL-PROTECT за многу висока, широк спектар, фотостабилна UVA / UVB заштита.\nОптимална заштита од SPF 50+ подобрена од УВА зраци (построга од европската препорака за производи за заштита од сонце) благодарение на патентираниот систем за филтрирање Mexoplex® во комбинација со термална изворска вода La Roche-Posay, која има смирувачки и антиоксидантни својства.\n\nБЕЗ Мирис\nМногу водоотпорен. Некомедогено.\nТестирано под дерматолошки надзор.",,,taxable,,0,,,0,0,,,,,0,,,1140,"Нега и заштита > Заштита од сонце, Нега и заштита > Кожа, Нега и заштита",,,https://lifeline.mk/wp-content/uploads/2021/11/ANTH.DRY-TOUCH-5050ML.jpg,,,,,,,,,0,LaRoche-Posay,0,128,129,,,,,,,,,,,,,,,,,,,,,,,,,,,,272,,,,,,,,0,,90,
10098,simple,1,"Anthelios SHAKA FLUID",1,0,visible,,"ANTHELIOS SHAKA FLUID SPF50+ БЕЗ МИРИС е највисоката UVA заштита постигната кај производите на Anthelios на нашиот пазар. Обезбедува заштита широк спектар на заштита на кожата од УВА и УВБ зраците и спречува настанување на оштетувања предизвикани од инфрацрвено-А зрачење и загадување.\n\nМногу отпорен на вода, отпорен на пот и песок. Не пече на очите. Невидлива, лесна текстура",,,taxable,,0,0,,0,0,,,,,0,,,"1143,125","Нега и заштита > Заштита од сонце, Нега и заштита > Кожа, Нега и заштита",,,https://lifeline.mk/wp-content/uploads/2021/11/ANTH-SHAKA-FLUID-50ML.jpg,,,,,,,,,0,LaRoche-Posay,0,279,280,,,,,,,,,,,,,,,,,,,,,,,,,,,,272,,,,,,,,0,,90,
10099,simple,,"ANTHELIOS SUN INTOLERANCE Крема за лице со Невросензин за дневна превенција на реакции на кожата предизвикани од сонцето",1,0,visible,,"ANTHELIOS SUN INTOLERANCE\nКрема за лице со Невросензин за дневна превенција на реакции на кожата предизвикани од сонцето.\nМногу висока заштита. SPF 50+ / UVA\nПомага при ограничување на непријатноста и црвенилото предизвикано под влијание на УВ зрачењето. ИНДИКАЦИИ: Кожа чувствителна на сонце склона кон нетолеранција на УВ зрачење позната како алергија на сонце. Развиена во соработка со дерматолозите. СВОЈСТВА: Хипоалергена. Широк спектар на заштита од UVA и UVB зраци благодарение на XL PROTECT TM технологијата базирана на патентиран и фотостабилен систем на филтри. Засилена со антиоксиданси. Докажана заштита од оштетувања предизвикани од загадување, УВ зраци и оксидативен стрес.\nЗбогатена со смирувачката состојка NEUROSENSINE - формулата помага во ограничување на непријатноста и црвенилото предизвикано под влијание на УВ зрачењето.\nТЕСТУРА: Текстура што се меша со кожата. Некомедогена. Без бели траги. Многу водоотпорна.",,,taxable,,0,0,,0,0,,,,,0,,,1390,"Нега и заштита > Заштита од сонце, Нега и заштита > Кожа, Нега и заштита",,,https://lifeline.mk/wp-content/uploads/2021/11/ANTH.SUN-INTOL-50.jpg,,,,,,,,,0,LaRoche-Posay,0,105,106,,,,,,,,,,,,,,,,,,,,,,,,,,,,272,,,,,,,,0,,90,
10100,simple,,"ANTI PIGM.BB CR 50+",1,0,visible,,,,,taxable,,0,0,,0,0,,,,,0,,,1390,"Нега и заштита > Заштита од сонце, Нега и заштита > Кожа, Нега и заштита",,,https://lifeline.mk/wp-content/uploads/2021/11/la-roche-posay-anthelios.jpg,,,,,,,,,0,"Anthelios,LaRoche-Posay",0,197,199,,,,,,,,,,,,,,,,,,,,,,,,,,,,,,,,,,,,,,,
10101,simple,,"Cicaplast Gel B5- За обновување и регенерација на површинскиот слој на кожата.",1,0,visible,,"<p>Cicaplast Gel B5 помага на оштетената кожа, особено после хируршките конци, после пилинг или користење ласер.</p>\n<p>Cicaplast Gel B5 ја забрзува обновата на заштитната бариера на кожата благодарение на формулата која комбинира:<br />\n• [Пантенол 5%] + [La Roche-Posay термална вода] моментално смирува<br />\n• [Мадекасозид] + [Бакар-Цинк-Манган] + [Хијалуронска киселина] помагаат во обнова на површинскиот слој на кожата<br />\n• [Силиконски гел] ја олеснува масажата на кожата.</p>\n",,,taxable,,1,,,0,0,,,,,0,,,920,"Нега и заштита > Кожа, Нега и заштита > Кожа - масна и акни, Нега и заштита",,,https://lifeline.mk/wp-content/uploads/2021/11/gel.jpg,,,,,,,,,0,LaRoche-Posay,0,453,454,,classic-editor,,,,,,,,,,,,,,,,,,,,,,,,,,272,,1,,,,,,0,,90,
10102,simple,,"Effaclar тоник-Астрингентен тоник",1,0,visible,,"<p>Микро-ексфолирачки адстрингентен тоник.<br />\nГи стеснува порите. Се бори против запушеност.<br />\nПроширени пори, неизедначена текстура на мрсна кожа со неправилности.<br />\nEFFACLAR адстрингентен тоник кој поттикнува микролуштење, моментално ги намалува и отпушува порите, благодарение на комбинацијата на LHA активните состојки кои ја чистат кожата и делуваат саморегулирачки и ексфолирачки.</p>\n",,,taxable,,1,,,0,0,,,,,0,,,1325,"Нега и заштита > Кожа, Нега и заштита > Кожа - масна и акни, Нега и заштита",,,https://lifeline.mk/wp-content/uploads/2021/11/EFFACLAR-ASTRING-LOS-TONIK-200ml.jpg,,,,,,,,,0,"Effaclar,LaRoche-Posay",0,168,169,,classic-editor,,,,,,,,,,,,,,,,,,,,,,,,,,,,1,,,,,,0,,90,
10106,simple,,"Effaclar Duo (+) SPF30-Нега на кожа склона кон неправилности и акни со заштитен фактор 30+",1,0,visible,,"<p>КОРЕКТИВНА НЕГА КОЈА ГИ ОТПУШУВА ПОРИТЕ.<br />\nПРОТИВ НЕПРАВИЛНОСТИ. ПРОТИВ ФЛЕКИ НА КОЖАТА. ПРОТИВ УВ ЗРАЧЕЊА.<br />\nМрсна кожа склона кон посилно изразени неправилности и флеки. Кај секојдневната изложеност на УВ зраци и загадување од околината, неправилностите можат да се влошат и да доведат до хиперпигментација (црвени или кафени флеки). Формула со активни состојки против неправилности, збогатена со XL-PROTECT технологија против UVA, UVB зрачења и загадување од околината.</p>\n",,,taxable,,0,,,0,0,,,,,0,,,1600,"Нега и заштита > Кожа, Нега и заштита > Кожа - масна и акни, Нега и заштита",,,https://lifeline.mk/wp-content/uploads/2021/11/EFFACLAR-duo-40ml-SPF30.jpg,,,,,,,,,0,"Effaclar,LaRoche-Posay",0,541,542,,classic-editor,,,,,,,,,,,,,,,,,,,,,,,,,,,,1,,,,,,0,,90,
10107,simple,,"EFFACLAR duo(+) UNIFIANT LIGHT",1,0,visible,,"<p>Light и Medium нијанси</p>\n<p>Effaclar Duo (+) Unifiant, КОРЕКТИВНА ТОНИРАНА НЕГА КОЈА ГО ИЗЕДНАЧУВА ТЕНОТ. ГИ ОТПУШУВА ПОРИТЕ. ПРОТИВ НЕПРАВИЛНОСТИ. ПРОТИВ ФЛЕКИ НА КОЖАТА. 2 нијанси - Light и Medium</p>\n<p>&nbsp;</p>\n",,,taxable,,0,,,0,0,,,,,0,,,1445,"Нега и заштита > Кожа, Нега и заштита > Кожа - масна и акни, Нега и заштита",,,https://lifeline.mk/wp-content/uploads/2021/11/duolight.jpg,,,,,,,,,0,"Effaclar,LaRoche-Posay",0,187,188,,classic-editor,,,,,,,,,,,,,,,,,,,,,,,,,,,,1,,,,,,0,,90,
10108,simple,,"Effaclar Duo (+)-Нега на кожа склона кон неправилности и акни",1,0,visible,,"<p>Поправа посилно изразени неправилности и настанати флеки. Ефективност веќе по 12 часа.*<br />\n(*Инструментален тест, 43 доброволци) Против повторно настанување на неправилности.</p>\n",,,taxable,,0,,,0,0,,,,,0,,,1410,"Нега и заштита > Кожа, Нега и заштита > Кожа - масна и акни, Нега и заштита",,,https://lifeline.mk/wp-content/uploads/2021/11/EFFACLAR-duo-40ml.jpg,,,,,,,,,0,"Effaclar,LaRoche-Posay",0,809,810,,classic-editor,,,,,,,,,,,,,,,,,,,,,,,,,,,,1,,,,,,0,,90,
10113,simple,,"Effaclar Mat-Хидратантна нега за масна кожа",1,0,visible,,"<p>Хидратантна нега што го регулира лачењето на себум. Против сјај, против проширени пори.</p>\n<p>Ги намалува порите и лачењето на себум. Ја матира кожата.</p>\n<p>Мрсна кожа. Погодно за чувствителна кожа. Немрсна текстура со апсорбирачки ефект: докажан долготраен мат ефект. Некомедогено. Испитано под надзор на дерматолог.</p>\n<p>Од ден во ден делува на изворот за двојна ефикасност: против сјајот + против проширените пори. Со единствен спој кој го сочинува: - sebulyse, нова активна состојка што го регулира себумот, со поголемо дејство од цинкот, избрана заради нејзината способност да спречува создавање на себум на изворот. Немрсна текстура збогатена со апсорбирачки микросфери и перлит за мат ефект по нанесувањето.</p>\n<div></div>\n",,,taxable,,0,,,0,0,,,,,0,,,1460,"Нега и заштита > Кожа, Нега и заштита > Кожа - масна и акни, Нега и заштита",,,https://lifeline.mk/wp-content/uploads/2021/11/EFFACLAR-MAT-40ml.jpg,,,,,,,,,0,"Effaclar,LaRoche-Posay",0,177,178,,classic-editor,,,,,,,,,,,,,,,,,,,,,,,,,,,,1,,,,,,0,,90,
10114,simple,,"Hyalu B5 крема за пределот околу очите- Крема против брчки за подрачјето околу очите",1,0,visible,,"<p>Дермокозметичка нега против брчки и за пополнетост на кожата.</p>\n<p>Тенка, уморна контура околу очите.<br />\nДве хијалуронски киселини и витамин Б5 за пополнетост и да<br />\nпомогне да се врати на кожата бариера околу очите.<br />\nЕФИКАСНОСТ<br />\nБрчките и фините линии изгледаат намалени. Контурата на окото изгледа посвежо, за побуден изглед.</p>\n",,,taxable,,0,,,0,0,,,,,0,,,2080,"Нега и заштита > Кожа, Нега и заштита",,,https://lifeline.mk/wp-content/uploads/2021/11/HYALU-B5-EYES-15ml.jpg,,,,,,,,,0,"Hyalu B5,LaRoche-Posay",0,101,102,,classic-editor,,,,,,,,,,,,,,,,,,,,,,,,,,,,1,,,,,,0,,90,
10116,simple,,"Hydraphase Intense Riche-Интезивна рехидратантна нега за сува и чувствителна кожа",1,0,visible,,"<p>ИНТЕНЗИВНА РЕХИДРАТАНТНА НЕГА СО ДОЛГОТРАЈНА ЕФИКАСНОСТ.<br />\nЈа доведува и задржува водата.<br />\nТЕХНОЛОГИЈА НА КЛЕТОЧНИ ВРСКИ.<br />\nБез парабени.<br />\nСува и чувствителна кожа.<br />\nИновација: клеточните врски обезбедуваат епидермална кохезија која овозможува долготрајна хидратација. Појачана формула со фрагменти на хијалуронска киселина за двојно дејство: • Интензивна рехидратација со вливање вода во кожата. • Зајакнување на клеточната кохезијата за да ѝ помогне на кожата да ја задржи водата подолго. Свежа, мрсна текстура што ја смирува и ѝ враќа чувство на пријатност на кожата. Без парабени. Херметичка пумпица за одржување на оптимална свежина на формулата.<br />\nРезултати: 24-часовна интензивна рехидратација за долготрајно мека кожа</p>\n",,,taxable,,0,0,,0,0,,,,,0,,,1580,"Нега и заштита > Кожа, Нега и заштита",,,https://lifeline.mk/wp-content/uploads/2021/11/HYDRAPHASE-RICH-50ml.jpg,,,,,,,,,0,"Hydraphase,LaRoche-Posay",0,86,87,,,,,,,,,,,,,,,,,,,,,,,,,,,,,,,,,,,,,,,
10121,simple,,"Hydreane Legere -Хидратантна нега за нормална до комбинирана кожа",1,0,visible,,"<p>Хидратантна нега за чувствителна кожа.<br />\nБез парабени.<br />\nЈа хидрира и намалува чувствителноста на кожата.<br />\nОд нормална до мешовита чувствителна и дехидрирана кожа.<br />\nЗа прв пат досега, La Roche-Posay термалната вода е формулирана со хидролипиди, нова генерација носачи на вода.</p>\n",,,taxable,,0,0,,0,0,,,,,0,,,1230,"Нега и заштита > Кожа, Нега и заштита",,,https://lifeline.mk/wp-content/uploads/2021/11/HYDREANE-LEGERE-40ml.jpg,,,,,,,,,0,"Hydreane,LaRoche-Posay",0,93,94,,classic-editor,,,,,,,,,,,,,,,,,,,,,,,,,,,,,,,,,,,,,
10122,simple,,"Hydreane Riche -Хидратантна нега за сува и чувствителна кожа",1,0,visible,,"<p>Хидратантна нега за чувствителна кожа.<br />\nБез парабени.<br />\nЈа хидрира и намалува чувствителноста на кожата.<br />\nОд сува до изразито сува чувствителна кожа.<br />\nЗа прв пат досега, La Roche-Posay термалната вода е формулирана со хидролипиди, нова генерација носачи на вода.</p>\n",,,taxable,,0,,,0,0,,,,,0,,,1230,"Нега и заштита > Кожа, Нега и заштита",,,https://lifeline.mk/wp-content/uploads/2021/11/HYDREANE-RICHE-40ml.jpg,,,,,,,,,0,"Hydreane,LaRoche-Posay",0,92,93,,classic-editor,,,,,,,,,,,,,,,,,,,,,,,,,,,,,,,,,,,,,
10123,simple,,"LIPIKAR LAIT UREA 5+- Млеко за исклучително сува и груба кожа",1,0,visible,,"<p>Млеко за многу сува и груба кожа кое измазнува и смирува. Против перутење на кожата. Lipikar Lait Urea 5+ е високо апсорбирачко млеко за мазнење и смирување на кожата на телото кое го намалува перутењето и иритацијата на чувствителната кожа кај деца, возрасни и постари лица. Клинички тестирано на кожа склона кон сенилна ксероза, кератоза пиларис и псоријаза. Испитано под дерматолошка контрола и надзор.<br />\nОптимална толеранција.</p>\n<p>&nbsp;</p>\n",,,taxable,,0,,,0,0,,,,,0,,,1510,"Нега и заштита > Кожа, Нега и заштита",,,https://lifeline.mk/wp-content/uploads/2021/11/LIPI-LAIT-UREA-5-400ml.jpg,,,,,,,,,0,LaRoche-Posay,0,166,167,,classic-editor,,,,,,,,,,,,,,,,,,,,,,,,,,,,1,,,,,,0,,90,
10124,simple,,"PURE VIT C10 SERUM -Антиоксидативен обновувачки серум против брчки",1,0,visible,,"<p>PURE VITAMIN C10 обновувачки серум против брчки. Содржи чист витамин Ц, салицилна киселина и невросензин за враќање на целосниот сјај. Погоден е и за чувствителна кожа. Антиоксиданс. Кожата е помека, хидрирана и посјајна во само еден момент. Брчките и тенките линии се намалени. Кожата делува како да е трансформирана, текстурата и тенот на кожата изгледаат поизедначени. Кожата е повеќе мазна и изедначена и го достигнува свој целосен сјај. Да се нанесува наутро на лицето и вратот. Да се избегнува пределот околу на очите. Да се користи заедно со SPF заштита. Лесна, брзо абсорбентна текстура. Свиленкаста, немрсна трага. Оптимална подлога за шминка. Локално применет, овој антиоксидантен серум може да помогне во спречување и корекција на вообичаени знаци на стареење, како што се губење на еластичност, пигментација, безживотност на кожата, како и ситни линии и брчки. Игра важна улога во задржувањето на влажноста и ја зголемува блескавоста на кожата.</p>\n",,,taxable,,0,,,0,0,,,,,0,,,2820,"Нега и заштита > Кожа, Нега и заштита",,,https://lifeline.mk/wp-content/uploads/2021/11/LR-PURE-VIT-C-SERUM-30ml.jpg,,,,,,,,,0,LaRoche-Posay,0,208,209,,classic-editor,,,,,,,,,,,,,,,,,,,,,,,,,,,,1,,,,,,0,,90,
10131,simple,,"PHYSIO MICELLAR WATER ULTRA 400ML",1,0,visible,,,,,taxable,,1,2,,0,0,,,,,0,,,1280,"Нега и заштита > Кожа, Нега и заштита",,,https://lifeline.mk/wp-content/uploads/2021/11/PHYSIO-MICELLAR-WATER-ULTRA-400ML.jpg,,,,,,,,,0,"Cleansers,LaRoche-Posay",0,219,220,,classic-editor,,,,,,,,,,,,,,,,,,,,,,,,,,,,0,,,,,,0,,,
10132,simple,,"Rosaliac AR Intense-За чувствителна кожа склона кон купероза",1,0,visible,,"<p>Интензивна нега. Го намалува локализираното црвенило. Немрсен, освежувачки гел со течна текстура. Некомедогено. Хипоалергенско.<br />\nПоттикнува повлекување на локализирано црвенило и спречува повторна појава.<br />\nЕфикасно дејство против враќање на црвенилото.<br />\nЗа чувствителна, нежна кожа склона кон купероза и појачано црвенило.<br />\nИнтензивен концентрат кој комбинира три активни супстанции за намалување на црвенилото со тоа што делува на самиот извор и спречува повторно појавување.<br />\nИНОВАЦИЈА амбофенол: моќен растителен екстракт со висока содржина на полифеноли што ги стеснува крвните садови и ги зајакнува нивните sидови.<br />\nНевросензин како негувателна активна супстанција ја намалува појавата на црвенило.<br />\nТермалната изворска вода на La Roche-Posay делува против иритација и ги чисти запушените пори.<br />\nХерметичко пакување од новата генерација за високо прочистена формула.<br />\nБез конзерванси, парабени, алкохол, парфеми и бои.</p>\n<p>&nbsp;</p>\n",,,taxable,,1,,,0,0,,,,,0,,,1710,"Нега и заштита > Кожа, Нега и заштита",,,https://lifeline.mk/wp-content/uploads/2021/11/ROSALIAC-AR-INTENSE-40ml.jpg,,,,,,,,,0,LaRoche-Posay,0,165,166,,classic-editor,,,,,,,,,,,,,,,,,,,,,,,,,,,,1,,,,,,0,,90,
10133,simple,,"TOLERIANE SENSITIV LE TEINT CREME MEDIUM 50ml-180700",1,0,visible,,,,,taxable,,0,,,0,0,,,,,0,,,1150,"Нега и заштита > Кожа, Нега и заштита",,,https://lifeline.mk/wp-content/uploads/2021/11/leteintmedium.jpg,,,,,,,,,0,"LaRoche-Posay,Toleriane",0,142,143,,classic-editor,,,,,,,,,,,,,,,,,,,,,,,,,,,,,,,,,,,,,
10134,simple,,"TOLERIANE SENSITIVE CREME 40ml",1,0,visible,,,,,taxable,,0,,,0,0,,,,,0,,,1110,"Нега и заштита > Кожа, Нега и заштита",,,https://lifeline.mk/wp-content/uploads/2021/11/TOLERIANE-SENSITIVE-CREME-40ml.jpg,,,,,,,,,0,"LaRoche-Posay,Toleriane",0,284,285,,classic-editor,,,,,,,,,,,,,,,,,,,,,,,,,,,,0,,,,,,0,,,
10135,simple,,"VICHY Aminexil ампули против опаѓање на косата за жени X21",1,0,visible,,,,,taxable,,0,,,0,0,,,,,0,,,4965,"Нега и заштита > Коса, Нега и заштита",,,https://lifeline.mk/wp-content/uploads/2021/11/AMINEXIL-WOMAN-X21.jpg,,,,,,,,,0,Vichy,0,237,238,,classic-editor,,,,,,,,,,,,,,,,,,,,,,,,,,,,0,,,,,,0,,,
10136,simple,,"VICHY Capital Soleil крема со заштитен фактор 50, против стареење  50ml",1,0,visible,,"<span class=""VIiyi"" lang=""mk""><span class=""JLqJ4b"" data-language-for-alternatives=""mk"" data-language-to-translate-into=""en"" data-phrase-index=""0"" data-number-of-phrases=""1"">Заштита од сонце со многу висок SPF50 со широк спектар за заштита на чувствителната кожа на лицето од ефектите на стареење на сонцето.</span></span>\n\n<span class=""VIiyi"" lang=""mk""><span class=""JLqJ4b"" data-language-for-alternatives=""mk"" data-language-to-translate-into=""en"" data-phrase-index=""0"" data-number-of-phrases=""1"">Збогатена со антиоксиданси, вклучувајќи црн чај, витамин Ц и минерална термална вода на Виши, формулата докажано се бори со видливите знаци на стареење, вклучително и појавата на брчки, губење на еластичноста, за сјајна кожа со еластичен изглед.</span></span>\n\n<span class=""VIiyi"" lang=""mk""><span class=""JLqJ4b"" data-language-for-alternatives=""mk"" data-language-to-translate-into=""en"" data-phrase-index=""0"" data-number-of-phrases=""1"">Клучни дерматолошки состојки:</span></span>\n\n<span class=""VIiyi"" lang=""mk""><span class=""JLqJ4b"" data-language-for-alternatives=""mk"" data-language-to-translate-into=""en"" data-phrase-index=""0"" data-number-of-phrases=""1"">Виши минерална термална вода </span></span>\n\n<span class=""VIiyi"" lang=""mk""><span class=""JLqJ4b"" data-language-for-alternatives=""mk"" data-language-to-translate-into=""en"" data-phrase-index=""0"" data-number-of-phrases=""1"">Заштита од сонце со екстремно широк спектар, SPF50</span></span>\n\n<span class=""VIiyi"" lang=""mk""><span class=""JLqJ4b"" data-language-for-alternatives=""mk"" data-language-to-translate-into=""en"" data-phrase-index=""0"" data-number-of-phrases=""1"">Ја заштитува кожата од ефектите на стареење на сонцето Формулата е дизајнирана да помогне да се поправи изгледот на фините линии, тонот на кожата и текстурата</span></span>\n\n<span class=""VIiyi"" lang=""mk""><span class=""JLqJ4b"" data-language-for-alternatives=""mk"" data-language-to-translate-into=""en"" data-phrase-index=""0"" data-number-of-phrases=""1"">Дерматолошки тестирано Погоден за чувствителна кожа</span></span>\n\n<span class=""VIiyi"" lang=""mk""><span class=""JLqJ4b"" data-language-for-alternatives=""mk"" data-language-to-translate-into=""en"" data-phrase-index=""0"" data-number-of-phrases=""1"">Клинички докажано дека го намалува изгледот на брчките, фините линии и  уморна кожа и промовира сјаен изглед на кожата</span></span>\n\n<span class=""VIiyi"" lang=""mk""><span class=""JLqJ4b"" data-language-for-alternatives=""mk"" data-language-to-translate-into=""en"" data-phrase-index=""0"" data-number-of-phrases=""1"">Хипоалергично</span></span>\n\n<span class=""VIiyi"" lang=""mk""><span class=""JLqJ4b"" data-language-for-alternatives=""mk"" data-language-to-translate-into=""en"" data-phrase-index=""0"" data-number-of-phrases=""1"">Кога да се користи: Заштитете ја кожата со Vichy Capital Soleil Anti-Ageing 3-во-1 SPF 50 10 минути пред изложување на сонце, дополнувајќи се на неколку часа за најдобра заштита.</span></span>\n\n<span class=""VIiyi"" lang=""mk""><span class=""JLqJ4b"" data-language-for-alternatives=""mk"" data-language-to-translate-into=""en"" data-phrase-index=""0"" data-number-of-phrases=""1"">Користете го како последен чекор во вашата рутина за нега на кожата.</span></span>",,"2022-03-28 0:59:59",taxable,,0,,,0,0,,,,,0,,1240,1550,"Нега и заштита > Заштита од сонце, Нега и заштита > Кожа, Нега и заштита",,,https://lifeline.mk/wp-content/uploads/2021/11/CS-ANTI-AGE-SPF-50-50ml.jpg,,,,,,,,,0,"Capital Soleil,Vichy",0,340,341,,classic-editor,,,,,,,,,,,,,,,,,,,,,,,,,,,,1,,,,,,0,,60,
10162,simple,,"VICHY Capital Soleil тонирана крема со заштитен фактор 50, против темни флеки 50ml",1,0,visible,,,,"2022-03-28 0:59:59",taxable,,0,,,0,0,,,,,0,,1240,1550,"Нега и заштита > Заштита од сонце, Нега и заштита > Кожа, Нега и заштита",,,https://lifeline.mk/wp-content/uploads/2021/11/CS-ANTI-DARK-SPOT-50-50ml.jpg,,,,,,,,,0,"Capital Soleil,Vichy",0,328,329,,classic-editor,,,,,,,,,,,,,,,,,,,,,,,,,,,,0,,,,,,0,,,
10165,simple,,"ND PHYTOSOL KR.50ML+ GRATIS ND GEL",1,0,visible,,,,,taxable,,0,,,0,0,,,,,0,,,1350,"Нега и заштита > Кожа, Нега и заштита > Кожа - масна и акни, Нега и заштита",,,https://lifeline.mk/wp-content/uploads/2021/11/ND-PHYTOSOL-KR.50ML-GRATIS-ND-GEL.jpg,,,,,,,,,0,Vichy,0,247,248,,classic-editor,,,,,,,,,,,,,,,,,,,,,,,,,,,,0,,,,,,0,,,
10166,simple,,"VICHY спреј со термална вода 150ml",1,0,visible,,,,,taxable,,1,2,,notify,0,,,,,0,,,680,"Нега и заштита > Кожа, Нега и заштита",,,https://lifeline.mk/wp-content/uploads/2021/11/VICHY-BRUMIS-SPRAY-DEAU-THERM-150ml.jpg,,,,,,,,,0,Vichy,0,157,158,,classic-editor,,,,,,,,,,,,,,,,,,,,,,,,,,,,0,,,,,,0,,,
10167,simple,,"Vichy Capital Soleil Dry touch fluid ББ крема со заштитен фактор 50 за комбинирана до масна кожа    50ml",1,0,visible,,,,"2022-03-28 0:59:59",taxable,,0,,,0,0,,,,,0,,1096,1370,"Нега и заштита > Заштита од сонце, Нега и заштита > Кожа, Нега и заштита",,,https://lifeline.mk/wp-content/uploads/2021/11/Vichy-cs-Dry-touch-fluid-spf-50-BB-cream-vtora-slika.jpg,,,,,,,,,0,"Capital Soleil,Vichy",0,314,315,,classic-editor,,,,,,,,,,,,,,,,,,,,,,,,,,,,0,,,,,,0,,,
10168,simple,,"VICHY Dermablend корективна пудра за сите типови на кожа № 15",1,0,visible,,,,,taxable,,1,1,,0,0,,,,,0,,,1815,"Нега и заштита > Кожа, Нега и заштита",,,https://lifeline.mk/wp-content/uploads/2021/11/VICHY-DERMABLEND-15-MAKE-UP.jpg,,,,,,,,,0,"Makeup,Vichy",0,370,371,,classic-editor,,,,,,,,,,,,,,,,,,,,,,,,,,,,0,,,,,,0,,,
10169,simple,,"VICHY Liftactive крема за околу очи 15ml",1,0,visible,,,,,taxable,,1,,,0,0,,,,,0,,,2110,"Нега и заштита > Кожа, Нега и заштита",,,https://lifeline.mk/wp-content/uploads/2021/11/VICHY-LIFTACTIV-D-YEUX-15ml.jpg,,,,,,,,,0,Vichy,0,219,220,,classic-editor,,,,,,,,,,,,,,,,,,,,,,,,,,308,,0,,,,,,0,,,
10170,simple,,"VICHY MINERAL BLEND 03 30ml",0,0,visible,,,,,taxable,,0,,,0,0,,,,,0,,,"1400,424","Нега и заштита > Кожа, Нега и заштита",,,https://lifeline.mk/wp-content/uploads/2021/11/VICHY-MINERAL-BLEND-03-30ml.jpg,,,,,,,,,0,"Makeup,Vichy",0,8,9,,classic-editor,,,,,,,,,,,,,,,,,,,,,,,,,,,,0,,,,,,0,,,
10171,simple,,"VICHY Pureté Thermale 3 во 1   200ml",1,0,visible,,,,,taxable,,0,,,0,0,,,,,0,,,1170,"Нега и заштита > Кожа, Нега и заштита",,,https://lifeline.mk/wp-content/uploads/2021/11/VICHY-PT-DEMAQ-INTEGRAL-3in1-200ml.jpg,,,,,,,,,0,Vichy,0,209,210,,classic-editor,,,,,,,,,,,,,,,,,,,,,,,,,,,,0,,,,,,0,,,
10172,simple,,"VICHY Pureté Thermale пена за чистење на чувствителна кожа на лицето  150ml",1,0,visible,,,,,taxable,,1,1,,notify,0,,,,,0,,,1220,"Нега и заштита > Кожа, Нега и заштита",,,https://lifeline.mk/wp-content/uploads/2021/11/VICHY-PT-EAU-MOUSSANTE-FL-150ml.jpg,,,,,,,,,0,Vichy,0,239,240,,classic-editor,,,,,,,,,,,,,,,,,,,,,,,,,,,,0,,,,,,0,,,
10173,simple,,"VICHY Mineral Micellar Milk for dry skin 400ml",0,0,visible,,,,,taxable,,0,,,0,0,,,,,0,,,965,"Нега и заштита > Кожа, Нега и заштита",,,https://lifeline.mk/wp-content/uploads/2021/11/VICHY-PT-MIC.MILK-DRY-400ml.jpg,,,,,,,,,0,Vichy,0,,,,,,,,,,,,,,,,,,,,,,,,,,,,,,,,,,,,,,0,,60,
10174,simple,,"VICHY Slow Age крема за очи за првите знаци на стареење 15ml",1,0,visible,,,,,taxable,,1,,,0,0,,,,,0,,,1880,"Нега и заштита > Кожа, Нега и заштита",,,https://lifeline.mk/wp-content/uploads/2021/11/VICHY-SLOW-AGE-EYES-15ml.jpg,,,,,,,,,0,Vichy,0,328,329,,classic-editor,,,,,,,,,,,,,,,,,,,,,,,,,,,,0,,,,,,0,,,
10175,simple,,"VICHY Slow Age Fluid за првите знаци на стареење 50ml",1,0,visible,,,,,taxable,,0,,,0,0,,,,,0,,,2250,"Нега и заштита > Кожа, Нега и заштита",,,https://lifeline.mk/wp-content/uploads/2021/11/VICHY-SLOW-AGE-FLUID-50ml.jpg,,,,,,,,,0,Vichy,0,403,404,,classic-editor,,,,,,,,,,,,,,,,,,,,,,,,,,,,0,,,,,,0,,,
10176,simple,,"UR-XEMOSE BABY BALSAM PROTIV CESANJE 200ml",1,0,visible,,,,,taxable,,backorder,0,,notify,0,,,,,0,,,685,"Бебешка програма > Бебешка козметика, Бебешка програма",,,https://lifeline.mk/wp-content/uploads/2021/11/UR-BABY-BALSAM-PROTIV-CESANJE-200ml.jpg,,,,,,,,,0,Uriage,0,87,88,,,,,,,,,,,,,,,,,,,,,,,,,,,,,,,,,,,,,,,
10177,simple,,"URI.CU-ZN BEBE sprej 100ml",1,0,visible,,,,,taxable,,1,1,,0,0,,,,,0,,,540,"Бебешка програма > Бебешка козметика, Бебешка програма",,,https://lifeline.mk/wp-content/uploads/2021/11/URI.CU-ZN-BEBE-sprej-100ml.jpg,,,,,,,,,0,Uriage,0,226,227,,,,,,,,,,,,,,,,,,,,,,,,,,,,,,,,,,,,,,,
10178,simple,,"BD FOTODERM KID SPF50 + SPRAY",1,0,visible,,,,,taxable,,0,0,,0,0,,,,,0,,,1500,"Бебешка програма > Бебешка козметика, Бебешка програма, Нега и заштита > Заштита од сонце, Нега и заштита",,,https://lifeline.mk/wp-content/uploads/2021/11/BD-FOTODERM-KID-SPF-50SPRAY.jpg,,,,,,,,,0,"Bioderma,Photoderm",0,91,92,,,,,,,,,,,,,,,,,,,,,,,,,,,,,,,,,,,,,,,
10179,simple,,"BD SENSIBIO EYE GEL 15ml",1,0,visible,,,,,taxable,,1,3,,0,0,,,,,0,,,680,"Нега и заштита > Кожа, Нега и заштита",,,https://lifeline.mk/wp-content/uploads/2021/11/BD-SENSIBIO-EYE-GEL-15ml.jpg,,,,,,,,,0,Bioderma,0,120,121,,,,,,,,,,,,,,,,,,,,,,,,,,,,,,,,,,,,,,,
10180,simple,,"BIODERMA ATODERM KREM 500ML",1,0,visible,,,,,taxable,,1,1,,0,0,,,,,0,,,1360,"Нега и заштита > Кожа, Нега и заштита",,,https://lifeline.mk/wp-content/uploads/2021/11/BIODERMA-ATODERM-KREM-500ML.jpg,,,,,,,,,0,Bioderma,0,104,105,,,,,,,,,,,,,,,,,,,,,,,,,,,,,,,,,,,,,,,
10182,simple,,"BIODERMA CICABIO KREM SPF50+ 30ml",1,0,visible,,,,,taxable,,1,1,,0,0,,,,,0,,,1055,"Нега и заштита > Кожа, Нега и заштита",,,https://lifeline.mk/wp-content/uploads/2021/11/BIODERMA-CICABIO-KREM-SPF50-30ml.jpg,,,,,,,,,0,Bioderma,0,114,115,,,,,,,,,,,,,,,,,,,,,,,,,,,,,,,,,,,,,,,
10183,simple,,"BIODERMA SENSIBIO DS+ krem 40ml",1,0,visible,,,,,taxable,,1,2,,0,0,,,,,0,,,775,"Нега и заштита > Кожа, Нега и заштита",,,https://lifeline.mk/wp-content/uploads/2021/11/BIODERMA-SENSIBIO-DS-krem-40ml.jpg,,,,,,,,,0,Bioderma,0,272,273,,,,,,,,,,,,,,,,,,,,,,,,,,,,,,,,,,,,,,,
10184,simple,,"BIODERMA SENSIBIO GEL MOUSSANT 100ml",1,0,visible,,,,,taxable,,1,2,,1,0,,,,,0,,,400,"Нега и заштита > Кожа, Нега и заштита > Купки и производи за туширање, Нега и заштита",,,https://lifeline.mk/wp-content/uploads/2021/11/BIODERMA-SENSIBIO-GEL-MOUSSANT-100ml.jpg,,,,,,,,,0,Bioderma,0,352,353,,,,,,,,,,,,,,,,,,,,,,,,,,,,,,,,,,,,,,,
10185,simple,,"ANTH AGE DAILY CREAM SPF50+",1,0,visible,,,,,taxable,,0,0,,0,0,,,,,0,,,"1755,25","Нега и заштита > Заштита од сонце, Нега и заштита > Кожа, Нега и заштита",,,https://lifeline.mk/wp-content/uploads/2021/11/ANTH-AGE-DAILY-CREAM-SPF50.jpg,,,,,,,,,0,LaRoche-Posay,0,370,371,,,,,,,,,,,,,,,,,,,,,,,,,,,,272,,,,,,,,0,,60,
10186,simple,,"ANTH GEL CREAM COLOR SPF50+",1,0,visible,,,,,taxable,,0,0,,0,0,,,,,0,,,"1755,25","Нега и заштита > Заштита од сонце, Нега и заштита > Кожа, Нега и заштита",,,https://lifeline.mk/wp-content/uploads/2021/11/gel-cream.jpg,,,,,,,,,0,LaRoche-Posay,0,375,376,,,,,,,,,,,,,,,,,,,,,,,,,,,,272,,,,,,,,0,,60,
10212,simple,,"ANTHELIOS ANTI-IMPERFECTIONS SPF50+ -Крема со заштитен фактор 50+ за кожа склона кон неправилности",1,0,visible,,"Многу висока заштита од УВ сончеви зраци и епидемии на пигментација\nдамки предизвикани од УВ зрачење за кожата склона кон акни.\nAnthelios Anti-Imperfecions КОРЕКТИВЕН ГЕЛ-КРЕМ ПРОТИВ неправилностите SPF50 + е збогатен со салицилна киселина и ниацинамид. Формулата обезбедува многу висок спектар на заштита (од УВА, УВБ и одредени оштетувања предизвикани од загадување) за кожата склона кон акни и спречува формирање траги предизвикани од УВ зрачење. Долготрајна контрола на сјајот. Многу водоотпорен.",,,taxable,,0,0,,0,0,,,,,0,,,1355,"Нега и заштита > Заштита од сонце, Нега и заштита > Кожа, Нега и заштита",,,https://lifeline.mk/wp-content/uploads/2021/11/ANTI-IMPER-GEL-CREAM-50ML-SPF50.jpg,,,,,,,,,0,LaRoche-Posay,0,306,307,,,,,,,,,,,,,,,,,,,,,,,,,,,,272,,,,,,,,0,,90,
10213,simple,,"ANTH KA+ SPF50+",1,0,visible,,,,,taxable,,0,0,,0,0,,,,,0,,,1370,"Нега и заштита > Заштита од сонце, Нега и заштита > Кожа, Нега и заштита",,,https://lifeline.mk/wp-content/uploads/2021/11/ANTH-KA-SPF50.jpg,,,,,,,,,0,LaRoche-Posay,0,264,265,,,,,,,,,,,,,,,,,,,,,,,,,,,,272,,,,,,,,0,,60,
10214,simple,,"ANTH LOTION SPF30+ ECOTUB 250ML",1,0,visible,,,,,taxable,,0,0,,0,0,,,,,0,,,1320,"Нега и заштита > Заштита од сонце, Нега и заштита > Кожа, Нега и заштита",,,https://lifeline.mk/wp-content/uploads/2021/11/ANTH-LOTION-SPF30-ECOTUB-250ML.jpg,,,,,,,,,0,LaRoche-Posay,0,97,98,,,,,,,,,,,,,,,,,,,,,,,,,,,,272,,,,,,,,0,,60,
10215,simple,0,"ANTH LOTION SPF50+ ECOTUBE 250ML",0,0,visible,,,,,taxable,,0,,,0,0,,,,,0,,,1360,"Нега и заштита > Заштита од сонце, Нега и заштита > Кожа, Нега и заштита",,,https://lifeline.mk/wp-content/uploads/2021/11/ANTH-LOTION-SPF50-ECOTUBE-250ML.jpg,,,,,,,,,0,LaRoche-Posay,0,0,1,,classic-editor,,,,,,,,,,,,,,,,,,,,,,,,,,272,,0,,,,,,0,,,
10216,simple,,"URI. BARIESUN SPF 30 KREM 50ML",1,0,visible,,,,,taxable,,backorder,0,,notify,0,,,,,0,,,720,"Нега и заштита > Заштита од сонце, Нега и заштита > Кожа, Нега и заштита",,,https://lifeline.mk/wp-content/uploads/2021/11/URI.-BARIESUN-SPF-30-KREM-50ML.png,,,,,,,,,0,"Bariesun,Uriage",0,88,89,,,,,,,,,,,,,,,,,,,,,,,,,,,,,,,,,,,,,,,
10217,simple,,"URI. BARIESUN SPF 50 PUDRA SVETLA",1,0,visible,,,,,taxable,,1,2,,0,0,,,,,0,,,950,"Нега и заштита > Заштита од сонце, Нега и заштита > Кожа, Нега и заштита",,,https://lifeline.mk/wp-content/uploads/2021/11/URI.-BARIESUN-SPF-50-PUDRA-SVETLA.png,,,,,,,,,0,"Bariesun,Uriage",0,401,402,,,,,,,,,,,,,,,,,,,,,,,,,,,,,,,,,,,,,,,
10218,simple,,"URI BARIESUN SPF 30 SPREJ 200ML",1,0,visible,,,,,taxable,,0,0,,0,0,,,,,0,,,920,"Нега и заштита > Заштита од сонце, Нега и заштита > Кожа, Нега и заштита",,,https://lifeline.mk/wp-content/uploads/2021/11/URI-BARIESUN-SPF-30-SPREJ-200ML.png,,,,,,,,,0,"Bariesun,Uriage",0,83,84,,,,,,,,,,,,,,,,,,,,,,,,,,,,,,,,,,,,,,,
10219,simple,,"URI. BARIESUN SPF 50 PUDRA TEMNA",1,0,visible,,,,,taxable,,1,1,,0,0,,,,,0,,,950,"Нега и заштита > Заштита од сонце, Нега и заштита > Кожа, Нега и заштита",,,https://lifeline.mk/wp-content/uploads/2021/11/URI.-BARIESUN-SPF-50-PUDRA-TEMNA.png,,,,,,,,,0,"Bariesun,Uriage",0,161,162,,,,,,,,,,,,,,,,,,,,,,,,,,,,,,,,,,,,,,,
10220,simple,,"URIAGE TERMALNA VODA duo set 300ml.",1,0,visible,,,,,taxable,,0,0,,0,0,,,,,0,,,550,"Нега и заштита > Кожа, Нега и заштита",,,https://lifeline.mk/wp-content/uploads/2021/11/URIAGE-TERMALNA-VODA-duo-set-300ml..jpg,,,,,,,,,0,Uriage,0,66,67,,,,,,,,,,,,,,,,,,,,,,,,,,,,,,,,,,,,,,,
10221,simple,,"URIAGE ROLL-ON 3 ACTIVE X 2",1,0,visible,,,,,taxable,,0,0,,0,0,,,,,0,,,765,"Нега и заштита > Кожа, Нега и заштита",,,https://lifeline.mk/wp-content/uploads/2021/11/URIAGE-ROLL-ON-3-ACTIVE-X-2.jpg,,,,,,,,,0,Uriage,0,74,75,,,,,,,,,,,,,,,,,,,,,,,,,,,,,,,,,,,,,,,
10222,simple,,"URI. TERMALNA MICELARNA VODA ROZEVA 500ML X 2",1,0,visible,,,,,taxable,,0,0,,0,0,,,,,0,,,890,"Нега и заштита > Кожа, Нега и заштита",,,https://lifeline.mk/wp-content/uploads/2021/11/URI.-TERMALNA-MICELARNA-VODA-ROZEVA-500ML-X-2.jpg,,,,,,,,,0,Uriage,0,110,111,,,,,,,,,,,,,,,,,,,,,,,,,,,,,,,,,,,,,,,
10223,simple,,"URI. PROMO STIK HIDRA ZA USNI X 2",1,0,visible,,,,,taxable,,0,0,,0,0,,,,,0,,,400,"Нега и заштита > Кожа, Нега и заштита",,,https://lifeline.mk/wp-content/uploads/2021/11/URI.-PROMO-STIK-HIDRA-ZA-USNI-X-2.jpg,,,,,,,,,0,Uriage,0,170,171,,,,,,,,,,,,,,,,,,,,,,,,,,,,,,,,,,,,,,,
10224,simple,,"URI. EAU TERM. KREMA ZA RACE 50ML X 2",1,0,visible,,,,,taxable,,0,0,,0,0,,,,,0,,,470,"Нега и заштита > Кожа, Нега и заштита",,,https://lifeline.mk/wp-content/uploads/2021/11/URI.-EAU-TERM.-KREMA-ZA-RACE-50ML-X-2.jpg,,,,,,,,,0,Uriage,0,228,229,,,,,,,,,,,,,,,,,,,,,,,,,,,,,,,,,,,,,,,
10225,simple,,"URI. BARIEDERM CICA SERUM 30ML",1,0,visible,,,,,taxable,,1,1,,notify,0,,,,,0,,,1390,"Нега и заштита > Кожа, Нега и заштита",,,https://lifeline.mk/wp-content/uploads/2021/11/URI.-BARIEDERM-CICA-SERUM-30ML.jpg,,,,,,,,,0,Uriage,0,228,229,,,,,,,,,,,,,,,,,,,,,,,,,,,,,,,,,,,,,,,
10226,simple,,"URI. BARIEDERM CICA GEL-KREM 40ML",1,0,visible,,,,,taxable,,1,1,,0,0,,,,,0,,,1030,"Нега и заштита > Кожа, Нега и заштита",,,https://lifeline.mk/wp-content/uploads/2021/11/URI.-BARIEDERM-CICA-GEL-KREM-40ML.jpg,,,,,,,,,0,Uriage,0,228,229,,,,,,,,,,,,,,,,,,,,,,,,,,,,,,,,,,,,,,,
10227,simple,,"URI. EAU THERM.ESSENCE 100ML",1,0,visible,,,,,taxable,,backorder,,,0,0,,,,,0,,,910,"Нега и заштита > Кожа, Нега и заштита",,,https://lifeline.mk/wp-content/uploads/2021/11/URI.-EAU-THERM.ESSENCE-100ML.jpg,,,,,,,,,0,Uriage,0,185,186,,,,,,,,,,,,,,,,,,,,,,,,,,,,,,,,,,,,,,,
10229,simple,,"VICHY Dercos Energizing шампон за зајакнување и против опаѓање на косата 200ml",1,0,visible,,,,,taxable,,1,,,0,0,,,,,0,,,1210,"Нега и заштита > Коса, Нега и заштита",,,https://lifeline.mk/wp-content/uploads/2021/11/VICHY-DERMACOS-ENERGIZIRACKI.jpg,,,,,,,,,0,"Dercos,Vichy",0,458,459,,classic-editor,,,,,,,,,,,,,,,,,,,,,,,,,,,,0,,,,,,0,,,
10230,simple,,"VICHY Dercos ultra soothing Normal to Dry Hair",1,0,visible,,,,,taxable,,1,,,0,0,,,,,0,,,1210,"Нега и заштита > Коса, Нега и заштита",,,https://lifeline.mk/wp-content/uploads/2021/11/VICHY-DERMACOS-ZA-SKALP.jpg,,,,,,,,,0,"Dercos,Vichy",0,236,237,,classic-editor,,,,,,,,,,,,,,,,,,,,,,,,,,,,0,,,,,,0,,,
10231,simple,,"VICHY Dercos Oil Control Shampoo",1,0,visible,,,,,taxable,,1,,,0,0,,,,,0,,,1210,"Нега и заштита > Коса, Нега и заштита",,,https://lifeline.mk/wp-content/uploads/2021/11/VICHY-DERMACOS-ZA-MASNA-KOSA.jpg,,,,,,,,,0,"Dercos,Vichy",0,267,268,,classic-editor,,,,,,,,,,,,,,,,,,,,,,,,,,,,0,,,,,,0,,,
10232,simple,,"BD FOTODERM NUDE TOUCH SPF50+ 40ml",1,0,visible,,,,,taxable,,0,0,,0,0,,,,,0,,,1140,"Нега и заштита > Заштита од сонце, Нега и заштита > Кожа, Нега и заштита",,,https://lifeline.mk/wp-content/uploads/2021/11/BD-FOTODERM-NUDE-TOUCH-SPF50-40ml.jpg,,,,,,,,,0,"Bioderma,Photoderm",0,113,114,,,,,,,,,,,,,,,,,,,,,,,,,,,,,,,,,,,,,,,
10233,simple,,"BD FOTODERM AQUA FLUID SPF50+ 40ml",1,0,visible,,,,,taxable,,1,1,,notify,0,,,,,0,,,1090,"Нега и заштита > Заштита од сонце, Нега и заштита > Кожа, Нега и заштита",,,https://lifeline.mk/wp-content/uploads/2021/11/BD-FOTODERM-AQUA-FLUID-SPF50-40ml.jpg,,,,,,,,,0,"Bioderma,Photoderm",0,89,90,,,,,,,,,,,,,,,,,,,,,,,,,,,,,,,,,,,,,,,
10235,simple,,"BD FOTODERM SPOT AGE SPEF50+krem 40ml",1,0,visible,,,,,taxable,,1,1,,notify,0,,,,,0,,,1055,"Нега и заштита > Заштита од сонце, Нега и заштита > Кожа, Нега и заштита",,,https://lifeline.mk/wp-content/uploads/2021/11/BD-FOTODERM-SPOT-AGE-SPEF50krem-40ml.jpg,,,,,,,,,0,"Bioderma,Photoderm",0,214,215,,,,,,,,,,,,,,,,,,,,,,,,,,,,,,,,,,,,,,,
10236,simple,,"BD FOTODERM AKN MAT FLUID SPF30",1,0,visible,,,,,taxable,,1,,,0,0,,,,,0,,,1055,"Нега и заштита > Заштита од сонце, Нега и заштита > Кожа, Нега и заштита",,,https://lifeline.mk/wp-content/uploads/2021/11/BD-FOTODERM-AKN-MAT-FLUID-SPF30.jpg,,,,,,,,,0,"Bioderma,Photoderm",0,105,106,,,,,,,,,,,,,,,,,,,,,,,,,,,,,,,,,,,,,,,
10250,simple,,"BD PHOTODERM MAX KR.SPF50+",1,0,visible,,,,,taxable,,1,1,,notify,0,,,,,0,,,1030,"Нега и заштита > Заштита од сонце, Нега и заштита > Кожа, Нега и заштита",,,https://lifeline.mk/wp-content/uploads/2021/11/BD-PHOTODERM-MAX-KR.SPF50.jpg,,,,,,,,,0,"Bioderma,Photoderm",0,210,211,,,,,,,,,,,,,,,,,,,,,,,,,,,,,,,,,,,,,,,
10251,simple,,"SENSIBIO AR BB-BIODERMA",1,0,visible,,,,,taxable,,1,2,,0,0,,,,,0,,,1225,"Нега и заштита > Кожа, Нега и заштита",,,https://lifeline.mk/wp-content/uploads/2021/11/SENSIBIO-AR-BB-BIODERMA.jpg,,,,,,,,,0,Bioderma,0,244,245,,,,,,,,,,,,,,,,,,,,,,,,,,,,,,,,,,,,,,,
10252,simple,,"BIODERMA SENSIBIO LIGHT krem 40ml",1,0,visible,,,,,taxable,,1,1,,0,0,,,,,0,,,840,"Нега и заштита > Кожа, Нега и заштита",,,https://lifeline.mk/wp-content/uploads/2021/11/BIODERMA-SENSIBIO-LIGHT-krem-40ml.jpg,,,,,,,,,0,Bioderma,0,126,127,,,,,,,,,,,,,,,,,,,,,,,,,,,,,,,,,,,,,,,
10253,simple,,"Anthelios ULTRA SPF 50+ Водоотпорна крема за лице со заштитен фактор 50+",1,0,visible,,"Водоотпорнa кремa за лице со минималистичка формула обликувана да не пецка на очите. XL PROTECT TM: Технологија на широк спектар. Докажана ефикасност против UVA, UVB и одредени инфрацрвени зраци, како и оштетувања предизвикани од загадување. ЕФИКАСНОСТ И ТОЛЕРАНЦИЈА докажани преку 24 клинички студии. ТЕКСТУРА без бели траги. Немрсна и нелеплива. Водоотпорна. ИНДИКАЦИИ: Чувствителна и реактивна кожа чувствителна на сонце.\nИспитана под надзор на дерматолог на чувствителна и реактивна кожа. Погодна за употреба на кожа склона кон алергија на сонце. Отпорна на пот. Може да се нанесува на пределот околу очите. ИНОВАЦИЈА ЗА ЧУВСТВИТЕЛНИ ОЧИ: ФОРМУЛА КОЈА НЕ ПЕЦКА НА ОЧИТЕ. Минималистичка формула со ефикасна заштита. 12 состојки помалку отколку во претходната формула. Испитана под надзор на офталмолог на чувствителни очи и пределот околу очите. Тестирана на особи кои носат контактни леќи.",,,taxable,,0,0,,0,0,,,,,0,,,"1203,6","Нега и заштита > Заштита од сонце, Нега и заштита > Кожа, Нега и заштита",,,https://lifeline.mk/wp-content/uploads/2021/11/ANTHEL-ULTRA-CR.50.jpg,,,,,,,,,0,LaRoche-Posay,0,112,113,,,,,,,,,,,,,,,,,,,,,,,,,,,,272,,,,,,,,0,,90,
10255,simple,,"TOLERIANE НЕГУВАЧКИ ГЕЛ ЗА МИЕЊЕ НА ЛИЦЕ",1,0,visible,,"<p>За нормална до сува чувствителна кожа</p>\n<p>Формула за активно чистење на кожата: со само еден сурфактант и многу безбеден состав, без сапун, без конзерванси или мириси.<br />\nАктивно дејство: Со кокобетаин кој ја отстранува нечистотијата и шминката без сушење и иритации.</p>\n",,,taxable,,0,,,0,0,,,,,0,,,1320,"Нега и заштита > Кожа, Нега и заштита",,,https://lifeline.mk/wp-content/uploads/2021/11/TOLERIANE-GEL-WASH-400ml.jpg,,,,,,,,,0,"LaRoche-Posay,Toleriane",0,260,261,,classic-editor,,,,,,,,,,,,,,,,,,,,,,,,,,,,1,,,,,,0,,90,
10256,simple,,"VICHY Beo Bille Large ролон сет 1+1   100ML",1,0,visible,,,,,taxable,,backorder,,,0,0,,,,,0,,,1200,"Нега и заштита > Кожа, Нега и заштита",,,https://lifeline.mk/wp-content/uploads/2021/11/BEO-BILLE-LARGE-11-SET-100ML.jpg,,,,,,,,,0,Vichy,0,202,203,,classic-editor,,,,,,,,,,,,,,,,,,,,,,,,,,,,0,,,,,,0,,,
10257,simple,,"DEO MINERAL ROLON 1+1 SET",1,0,visible,,,,,taxable,,backorder,'-1,,notify,0,,,,,0,,,1280,"Нега и заштита > Кожа, Нега и заштита",,,https://lifeline.mk/wp-content/uploads/2021/11/DEO-MINERAL-ROLON-11-SET.jpg,,,,,,,,,0,Vichy,0,88,89,,,,,,,,,,,,,,,,,,,,,,,,,,,,,,,,,,,,,,,
10258,simple,,"VICHY Capital Soleil Mattifying 3-in-1 SPF 50 50ML",0,0,visible,,,,,taxable,,0,,,0,0,,,,,0,,,1280,"Нега и заштита > Заштита од сонце, Нега и заштита > Кожа, Нега и заштита",,,https://lifeline.mk/wp-content/uploads/2021/11/VICHY-3VO1-MATTIFYING-SPF50-50ML.jpg,,,,,,,,,0,Vichy,0,6,7,,classic-editor,,,,,,,,,,,,,,,,,,,,,,,,,,308,,0,,,,,,0,,,
10259,simple,,"VICHY Capital Soleil Fresh Protective млеко за возрасни со заштитен фактор 50+ 300ml",1,0,visible,,,,,taxable,,0,,,0,0,,,,,0,,,1680,"Нега и заштита > Заштита од сонце, Нега и заштита > Кожа, Нега и заштита",,,https://lifeline.mk/wp-content/uploads/2021/11/Vichy-Sunscreen-Capital-Soleil-Fresh-Protective-Milk-SPF-54-000-3337871322694-Front.jpg,,,,,,,,,0,"Capital Soleil,Vichy",0,279,280,,classic-editor,,,,,,,,,,,,,,,,,,,,,,,,,,,,0,,,,,,0,,,
10260,simple,,"VICHY Capital Soleil Gentle Protective  млеко за деца со заштитен фактор 50+ 300 ml",1,0,visible,,,,,taxable,,0,,,0,0,,,,,0,,,1560,"Бебешка програма, Нега и заштита > Заштита од сонце, Нега и заштита > Кожа, Нега и заштита",,,https://lifeline.mk/wp-content/uploads/2021/11/Vichy-Sunscreen-Capital-Soleil-Gentle-Protective-Milk-Kids-SPF-56-000-3337871323639-Front.jpg,,,,,,,,,0,"Capital Soleil,Vichy",0,252,253,,classic-editor,,,,,,,,,,,,,,,,,,,,,,,,,,,,0,,,,,,0,,,
10261,simple,,"VICHY Liftactiv Specialist Peptide-C ампули за тенки линии и брчки x 10",1,0,visible,,,,,taxable,,0,,,0,0,,,,,0,,,1820,"Нега и заштита > Кожа, Нега и заштита",,,https://lifeline.mk/wp-content/uploads/2021/11/VICHY-LIFTACTIV-SPECIALIST-PEPTID-C-amp.X10.jpg,,,,,,,,,0,Vichy,0,194,195,,classic-editor,,,,,,,,,,,,,,,,,,,,,,,,,,308,,0,,,,,,0,,,
10262,simple,,"PHOTODERM COVER TOUCH 50+",1,0,visible,,,,,taxable,,1,1,,0,0,,,,,0,,,1210,"Нега и заштита > Заштита од сонце, Нега и заштита > Кожа, Нега и заштита",,,https://lifeline.mk/wp-content/uploads/2021/11/photoderm-cover-touch-spf-50.jpg,,,,,,,,,0,"Bioderma,Photoderm",0,373,374,,,,,,,,,,,,,,,,,,,,,,,,,,,,,,,,,,,,,,,
10290,simple,,"RILASTIL D-CLAR DEPIGM. DROPS",1,0,visible,,,,,taxable,,1,1,,0,0,,,,,0,,,2230,"Нега и заштита > Кожа, Нега и заштита",,,https://lifeline.mk/wp-content/uploads/2021/11/RILASTIL-D-CLAR-DEPIGM.-DROPS.jpg,,,,,,,,,0,Rilastil,0,271,272,,classic-editor,d0b004b0-03f7-4228-beaa-fa7059690e2e,field_6081ae4f27756,1505.81,1505.81,0,0,enable,default,default,0,0,0,0,default,default,default,default,default,0,disable,enable,right,default,default,default,391,28,,,,,,,,,60,
10291,simple,,"WELEDA skin food krem 75ml",1,1,visible,,,,,taxable,,1,,,0,0,,,,,0,,,660,"Нега и заштита > Кожа, Нега и заштита",,,https://lifeline.mk/wp-content/uploads/2021/11/weleda-skin-food-kreme.jpg,,,,,,,,,0,Weleda,0,423,424,,,,,,,,,,,,,,,,,,,,,,,,,,,,,,,,,,,,,,,
10292,simple,,"RILASTIL D-CLAR MICROPEELING",1,0,visible,,,,,taxable,,1,1,,0,0,,,,,0,,,1920,"Нега и заштита > Кожа, Нега и заштита",,,https://lifeline.mk/wp-content/uploads/2021/11/RILASTIL-D-CLAR-MICROPEELING.jpg,,,,,,,,,0,Rilastil,0,79,80,,classic-editor,ed01ca5c-e5d2-4196-9992-a56d453f5a1e,field_6081ae4f27756,1291,1291,0,0,enable,default,default,0,0,0,0,default,default,default,default,default,0,disable,enable,right,default,default,default,391,28,,,,,,,,,60,
10293,simple,,"WELEDA maslo od neven (bez mirisi)",1,1,visible,,,,,taxable,,1,1,,0,0,,,,,0,,,1000,"Нега и заштита > Кожа, Нега и заштита",,,https://lifeline.mk/wp-content/uploads/2021/11/calendula_oil_fragranced.jpg,,,,,,,,,0,Weleda,0,263,264,,,,,,,,,,,,,,,,,,,,,,,,,,,,,,,,,,,,,,,
10294,simple,,"RILASTIL D-CLAR SPF 50",1,0,visible,,,,,taxable,,1,1,,0,0,,,,,0,,,1450,"Нега и заштита > Заштита од сонце, Нега и заштита > Кожа, Нега и заштита",,,https://lifeline.mk/wp-content/uploads/2021/11/RILASTIL-D-CLAR-SPF-50.jpg,,,,,,,,,0,Rilastil,0,86,87,,classic-editor,54b12145-c9f4-4105-9730-412294622b45,field_6081ae4f27756,972.52,972.52,0,0,enable,default,default,0,0,0,0,default,default,default,default,default,0,disable,enable,right,default,default,default,391,28,,,,,,,,,60,
10295,simple,,"WELEDA krem za lice za deca od neven",1,1,visible,,,,,taxable,,1,2,,0,0,,,,,0,,,550,"Бебешка програма > Бебешка козметика, Бебешка програма, Нега и заштита > Кожа, Нега и заштита",,,https://lifeline.mk/wp-content/uploads/2021/11/Baby-Face-cream.jpg,,,,,,,,,0,Weleda,0,280,281,,,,,,,,,,,,,,,,,,,,,,,,,,,,,,,,,,,,,,,
10296,simple,,"WELEDA krem od neven pel. reg.",1,1,visible,,,,,taxable,,1,2,,0,0,,,,,0,,,"450,0","Бебешка програма > Бебешка козметика, Бебешка програма, Нега и заштита > Кожа, Нега и заштита",,,https://lifeline.mk/wp-content/uploads/2021/11/calenduladiapercreamnew.jpg,,,,,,,,,0,Weleda,0,440,441,,,,,,,,,,,,,,,,,,,,,,,,,,,,,,,,,,,,,,,
10297,simple,,"RILASTIL D-CLEAR DAYILY DEPIGM. CREAM",1,0,visible,,,,,taxable,,1,1,,0,0,,,,,0,,,1230,"Нега и заштита > Кожа, Нега и заштита",,,https://lifeline.mk/wp-content/uploads/2021/11/RILASTIL-D-CLEAR-DAYILY-DEPIGM.-CREAM.jpg,,,,,,,,,0,Rilastil,0,107,108,,classic-editor,b87676a3-7896-4d75-99bf-c2bd422c7ac7,field_6081ae4f27756,826,826,0,0,enable,default,default,0,0,0,0,default,default,default,default,default,0,disable,enable,right,default,default,default,391,28,,,,,,,,,60,
10298,simple,,"DR.HAUSCHKA melisa dneven krem 30ml",1,0,visible,,,,,taxable,,1,1,,0,0,,,,,0,,,1260,"Нега и заштита > Кожа, Нега и заштита",,,https://lifeline.mk/wp-content/uploads/2021/11/melissa-day-cream.jpg,,,,,,,,,0,"Dr. Hauschka",0,205,206,,,,,,,,,,,,,,,,,,,,,,,,,,,,,,,,,,,,,,,
10299,simple,,"RILASTIL EAP LIPOGEL",1,0,visible,,,,,taxable,,1,1,,0,0,,,,,0,,,1130,"Нега и заштита > Кожа, Нега и заштита",,,https://lifeline.mk/wp-content/uploads/2021/11/RILASTIL-EAP-LIPOGEL.jpg,,,,,,,,,0,Rilastil,0,71,72,,classic-editor,caa250f4-06fc-4864-a121-570bc7999a37,field_6081ae4f27756,753.6,753.6,0,0,enable,default,default,0,0,0,0,default,default,default,default,default,0,disable,enable,right,default,default,default,391,28,,,,,,,,,60,
10300,simple,,"DR.HAUSCHKA Mleko za cistenje 145ml",1,0,visible,,,,,taxable,,1,1,,0,0,,,,,0,,,1260,"Нега и заштита > Кожа, Нега и заштита",,,https://lifeline.mk/wp-content/uploads/2021/11/mleko-za-ciscenje.jpg,,,,,,,,,0,"Dr. Hauschka",0,267,268,,,,,,,,,,,,,,,,,,,,,,,,,,,,,,,,,,,,,,,
10301,simple,,"RILASTIL krem protiv strii 200ml",1,0,visible,,,,,taxable,,1,1,,0,0,,,,,0,,,1730,"Нега и заштита > Кожа, Нега и заштита",,,https://lifeline.mk/wp-content/uploads/2021/11/RILASTIL-krem-pr.strii-200ml.jpg,,,,,,,,,0,Rilastil,0,161,162,,classic-editor,7aff3633-ee41-4d29-857a-9a53c6cfb6cc,field_6081ae4f27756,1169.5,1169.5,0,0,enable,default,default,0,0,0,0,default,default,default,default,default,0,disable,enable,right,default,default,default,391,28,,,,,,,,,60,
10303,simple,,"RILASTIL XEROLACT 12% 400ML",1,0,visible,,,,,taxable,,1,1,,1,0,,,,,0,,,1400,"Нега и заштита > Кожа, Нега и заштита",,,https://lifeline.mk/wp-content/uploads/2021/11/RILASTIL-XEROLACT-12-400ML.jpg,,,,,,,,,0,Rilastil,0,67,68,,classic-editor,d2a8265f-fd0e-4b1e-bc6c-e084f8d1f03b,field_6081ae4f27756,938.5,938.5,0,0,enable,default,default,0,0,0,0,default,default,default,default,default,0,disable,enable,right,default,default,default,391,89,,,,,,,,,60,
10304,simple,,"BIODERMA ATODERM huile de douche 200ml",1,0,visible,,,,,taxable,,1,1,,0,0,,,,,0,,,830,"Нега и заштита > Кожа, Нега и заштита > Купки и производи за туширање, Нега и заштита",,,https://lifeline.mk/wp-content/uploads/2021/11/bioderma-atoderm-huile-de-douche-ultra-nourishing-shower-oil-200ml.jpg,,,,,,,,,0,Bioderma,0,96,97,,,,,,,,,,,,,,,,,,,,,,,,,,,,,,,,,,,,,,,
10305,simple,,"RILASTIL XEROLACT 18% 100ML",1,0,visible,,,,,taxable,,1,1,,0,0,,,,,0,,,1170,"Нега и заштита > Кожа, Нега и заштита",,,https://lifeline.mk/wp-content/uploads/2021/11/RILASTIL-XEROLACT-18-100ML.jpg,,,,,,,,,0,Rilastil,0,104,105,,classic-editor,37c22388-8e7f-4599-8bf6-7e53fcdbd5d4,field_6081ae4f27756,787.91,787.91,0,0,enable,default,default,0,0,0,0,default,default,default,default,default,0,disable,enable,right,default,default,default,391,28,,,,,,,,,60,
10306,simple,,"BIODERMA SENSIBIO RICH krem 40ml",1,0,visible,,,,,taxable,,1,3,,0,0,,,,,0,,,875,"Нега и заштита > Кожа, Нега и заштита",,,https://lifeline.mk/wp-content/uploads/2021/11/bioderma-sensibio-rich-soothing-cream-sensitive-intolerant-skin-40ml_2.jpg,,,,,,,,,0,Bioderma,0,213,214,,,,,,,,,,,,,,,,,,,,,,,,,,,,,,,,,,,,,,,
10307,simple,,"RILASTIL XEROLACT 30%",1,0,visible,,,,,taxable,,1,1,,0,0,,,,,0,,,1070,"Нега и заштита > Кожа, Нега и заштита",,,https://lifeline.mk/wp-content/uploads/2021/11/RILASTIL-XEROLACT-30.jpg,,,,,,,,,0,Rilastil,0,85,86,,classic-editor,a820cca6-ec31-474e-a162-2eef42e15262,field_6081ae4f27756,715.08,715.08,0,0,enable,default,default,0,0,0,0,default,default,default,default,default,0,disable,enable,right,default,default,default,391,28,,,,,,,,,60,
10308,simple,,"WELEDA Bel Slez losion 200ml",1,1,visible,,,,,taxable,,1,1,,0,0,,,,,0,,,1025,"Бебешка програма > Бебешка козметика, Бебешка програма, Нега и заштита > Кожа, Нега и заштита",,,https://lifeline.mk/wp-content/uploads/2021/11/white_mallow_body_lotion.jpg,,,,,,,,,0,Weleda,0,261,262,,,,,,,,,,,,,,,,,,,,,,,,,,,,,,,,,,,,,,,
10309,simple,,"RILASTIL XEROLACT PODOS LIPOGEL 100ML",1,0,visible,,,,,taxable,,1,1,,0,0,,,,,0,,,1170,"Нега и заштита > Кожа, Нега и заштита",,,https://lifeline.mk/wp-content/uploads/2021/11/RILASTIL-XEROLACT-PODOS-LIPOGEL-100ML.png,,,,,,,,,0,Rilastil,0,153,154,,classic-editor,af8d3c73-acca-48e5-b111-4e1ac5ae935c,field_6081ae4f27756,784.42,784.42,0,0,enable,default,default,0,0,0,0,default,default,default,default,default,0,disable,enable,right,default,default,default,391,28,,,,,,,,,60,
10310,simple,,"TOLERIANE SENSITIVE RICHE-Пребиотичка хидратантна нега која ја намалува чувствителноста на кожата.",1,0,visible,,"<p>Кога кожата е чувствителна, нужно е не само обновување на површинската бариера, туку и зачувување на нејзината микробиомна бариера - невидлива бариера која природно ја штити кожата.<br />\n- 48 часа хидратација. Ја обновува и штити бариерата на кожата.<br />\n- Интензивно смирува. Делува против иритација. Ја ослободува кожата од затегнување, пецкање, сувост и повремено црвенило. За чувствителна сува кожа. Затегнување, пецкање, сувост, црвенило.</p>\n<p>СМИРУВАЧКИ ЗАШТИТНИ АКТИВНИ СОСТОЈКИ.<br />\n[Глицерин] хидрира и до 48 часа. [Карите масло] ја обновува и штити кожната бариера. [Витамин Б3] интензивно смирува. [La Roche-Posay термална вода] делува против иритации на кожата.<br />\n0% парфеми и алкохол. Некомедогена.<br />\nДелува против иритации и надразливост. Висока толеранција, погодна дури и за бебиња.</p>\n",,,taxable,,0,,,0,0,,,,,0,,,1385,"Нега и заштита > Кожа, Нега и заштита",,,https://lifeline.mk/wp-content/uploads/2021/11/web-frame-5.jpg,,,,,,,,,0,"LaRoche-Posay,Toleriane",0,261,262,,classic-editor,,,,,,,,,,,,,,,,,,,,,,,,,,,,1,,,,,,0,,90,
10312,simple,,"VICHY Densi-Solutions концентриран лосион за тенка и ретка коса  100ML",1,0,visible,,,,,taxable,,1,1,,1,0,,,,,0,,,3120,"Нега и заштита > Коса, Нега и заштита",,,https://lifeline.mk/wp-content/uploads/2021/11/web-frame-1-1.jpg,,,,,,,,,0,Vichy,0,108,109,,classic-editor,,,,,,,,,,,,,,,,,,,,,,,,,,,,0,,,,,,0,,,
10314,simple,,"TETE KUPKA PENLIVA  ZIMSKA NEZNOST 420ML",1,0,visible,,,,,taxable,,1,1,,0,0,,,,,0,,,280,"Нега и заштита > Купки и производи за туширање, Нега и заштита",,,https://lifeline.mk/wp-content/uploads/2021/11/TETE-KUPKA-PENLIVA-ZIMSKA-NEZNOST-420ML.jpg,,,,,,,,,0,Tetesept,0,259,260,,,,,,,,,,,,,,,,,,,,,,,,,,,,,,,,,,,,,,,
10315,simple,,"TETESEPT DOZA BLAGODARNOST",1,0,visible,,,,,taxable,,1,1,,0,0,,,,,0,,,90,"Нега и заштита > Купки и производи за туширање, Нега и заштита",,,https://lifeline.mk/wp-content/uploads/2021/11/doza-blagodarnost-tete.jpg,,,,,,,,,0,Tetesept,0,198,199,,,,,,,,,,,,,,,,,,,,,,,,,,,,,,,,,,,,,,,
10316,simple,,"TETESEPT GEL KREAM HELLO BEAUTY",1,0,visible,,,,,taxable,,1,1,,0,0,,,,,0,,,230,"Нега и заштита > Купки и производи за туширање, Нега и заштита",,,https://lifeline.mk/wp-content/uploads/2021/11/TETESEPT-GEL-KREAM-HELLO-BEAUTY.jpg,,,,,,,,,0,Tetesept,0,264,265,,,,,,,,,,,,,,,,,,,,,,,,,,,,,,,,,,,,,,,
10327,simple,,"TETESEPT HELLO HAPPINESS",1,0,visible,,,,,taxable,,1,1,,0,0,,,,,0,,,230,"Нега и заштита > Купки и производи за туширање, Нега и заштита",,,https://lifeline.mk/wp-content/uploads/2021/11/TETESEPT-HELLO-HAPPINESS.jpg,,,,,,,,,0,Tetesept,0,178,179,,,,,,,,,,,,,,,,,,,,,,,,,,,,,,,,,,,,,,,
10328,simple,,"TETESEPT HELLO WINTERCARE",1,0,visible,,,,,taxable,,1,1,,0,0,,,,,0,,,230,"Нега и заштита > Купки и производи за туширање, Нега и заштита",,,https://lifeline.mk/wp-content/uploads/2021/11/TETESEPT-HELLO-WINTERCARE.jpg,,,,,,,,,0,Tetesept,0,193,194,,,,,,,,,,,,,,,,,,,,,,,,,,,,,,,,,,,,,,,
10330,simple,,"TETESEPT KUPKA BACK WARM BATH",1,0,visible,,,,,taxable,,1,1,,0,0,,,,,0,,,440,"Нега и заштита > Купки и производи за туширање, Нега и заштита",,,https://lifeline.mk/wp-content/uploads/2021/11/TETESEPT-KUPKA-BACK-WARM-BATH.jpg,,,,,,,,,0,Tetesept,0,88,89,,,,,,,,,,,,,,,,,,,,,,,,,,,,,,,,,,,,,,,
10332,simple,,"TETESEPT KUPKA DEEP RELAX",1,0,visible,,,,,taxable,,1,1,,0,0,,,,,0,,,430,"Нега и заштита > Купки и производи за туширање, Нега и заштита",,,https://lifeline.mk/wp-content/uploads/2021/11/TETESEPT-KUPKA-DEEP-RELAX.jpg,,,,,,,,,0,Tetesept,0,220,221,,,,,,,,,,,,,,,,,,,,,,,,,,,,,,,,,,,,,,,
10333,simple,,"EUC.69617 UREA 10%complete repair lotion",1,0,visible,,,,,taxable,,1,1,,0,0,,,,,0,,,960,"Нега и заштита > Кожа, Нега и заштита",,,https://lifeline.mk/wp-content/uploads/2021/11/EUC.69617-UREA-10complete-repair-lotion.png,,,,,,,,,0,Eucerin,0,202,203,,classic-editor,bf01867e-045c-4fb8-bcbc-4b3cb657882e,field_6081ae4f27756,672.4662,672.4662,0,0,enable,default,default,0,0,0,0,default,default,default,default,default,0,disable,enable,right,default,default,default,300,28,,,,,,,,,60,
10334,simple,,"TETESEPT KUPKA JOINT&amp;MUSCLE",1,0,visible,,,,,taxable,,1,1,,0,0,,,,,0,,,440,"Нега и заштита > Купки и производи за туширање, Нега и заштита",,,https://lifeline.mk/wp-content/uploads/2021/11/TETESEPT-KUPKA-JOINTMUSCLE.jpg,,,,,,,,,0,Tetesept,0,102,103,,,,,,,,,,,,,,,,,,,,,,,,,,,,,,,,,,,,,,,
10350,simple,,"JAM-VIT.C 500mg+D3 500IE TBL.X75",1,0,visible,,,,,taxable,reduced-rate,0,0,,0,0,,,,,0,,,580,"Витамини и суплементи, Витамини и суплементи > Имунитет, Витамини и суплементи > Коски\, зглобови и мускули",,,https://lifeline.mk/wp-content/uploads/2021/11/JAM-VIT.C-500mgD3-500IE-TBL.X75.png,,,,,,,,,0,Jamieson,0,92,93,,classic-editor,3db710f0-f658-4ae8-bf63-c77ae9565c1c,field_6081ae4f27756,449.2845,449.2845,0,0,enable,default,default,0,0,0,0,default,default,default,default,default,0,disable,enable,right,default,default,default,315,27,,,,,,,,,60,
10351,simple,,"TETESEPT KUPKA MALA SIRENA",1,0,visible,,,,,taxable,,0,0,,0,0,,,,,0,,,220,"Нега и заштита > Купки и производи за туширање, Нега и заштита",,,https://lifeline.mk/wp-content/uploads/2021/11/TETESEPT-KUPKA-MALA-SIRENA.jpg,,,,,,,,,0,Tetesept,0,101,102,,,,,,,,,,,,,,,,,,,,,,,,,,,,,,,,,,,,,,,
10352,simple,,"INN-DIART SPRIC 1,8% 2ML",1,0,visible,,,,,taxable,reduced-rate,1,1,,0,0,,,,,0,,,6562,"Витамини и суплементи, Витамини и суплементи > Коски\, зглобови и мускули",,,https://lifeline.mk/wp-content/uploads/2021/11/INN-DIART-SPRIC-18-2ML.png,,,,,,,,,0,"INNventa Pharm",0,327,328,,classic-editor,56aa62a0-5f72-468d-9a4e-cb0696d19358,field_6081ae4f27756,5208,5208,0,0,enable,default,default,0,0,0,0,default,default,default,default,default,0,disable,enable,right,default,default,default,342,27,,,,,,,,,60,
10353,simple,,"TETESEPT KUPKA MUSCLE RELAX",1,0,visible,,,,,taxable,,1,1,,0,0,,,,,0,,,440,"Нега и заштита > Купки и производи за туширање, Нега и заштита",,,https://lifeline.mk/wp-content/uploads/2021/11/TETESEPT-KUPKA-MUSCLE-RELAX.jpg,,,,,,,,,0,Tetesept,0,86,87,,,,,,,,,,,,,,,,,,,,,,,,,,,,,,,,,,,,,,,
10354,simple,,"INN-FORTINN KESI X 30",1,0,visible,,,,,taxable,reduced-rate,1,1,,0,0,,,,,0,,,1880,"Витамини и суплементи, Витамини и суплементи > Коски\, зглобови и мускули",,,https://lifeline.mk/wp-content/uploads/2021/11/INN-FORTINN-KESI-X-30.png,,,,,,,,,0,"INNventa Pharm",0,225,226,,classic-editor,11b566de-1ffd-468a-8d38-dea8d477e9f7,field_6081ae4f27756,1434.24,1434.24,0,0,enable,default,default,0,0,0,0,default,default,default,default,default,0,disable,enable,right,default,default,default,342,27,,,,,,,,,60,
10355,simple,,"TETESEPT KUPKA PENLIVA IGRA NA DOZD",1,0,visible,,,,,taxable,,1,2,,0,0,,,,,0,,,110,"Нега и заштита > Купки и производи за туширање, Нега и заштита",,,https://lifeline.mk/wp-content/uploads/2021/11/TETESEPT-KUPKA-PENLIVA-IGRA-NA-DOZD.jpg,,,,,,,,,0,Tetesept,0,77,78,,,,,,,,,,,,,,,,,,,,,,,,,,,,,,,,,,,,,,,
10356,simple,,"TETESEPT KUPKA PENLIVA ZIMSKA MAGIJA 420ML",1,0,visible,,,,,taxable,,1,1,,0,0,,,,,0,,,280,"Нега и заштита > Купки и производи за туширање, Нега и заштита",,,https://lifeline.mk/wp-content/uploads/2021/11/TETESEPT-KUPKA-PENLIVA-ZIMSKA-MAGIJA-420ML.jpg,,,,,,,,,0,Tetesept,0,212,213,,,,,,,,,,,,,,,,,,,,,,,,,,,,,,,,,,,,,,,
10357,simple,,"INN-TENDOCILINN KESI X 28",1,0,visible,,,,,taxable,reduced-rate,1,1,,0,0,,,,,0,,,1880,"Витамини и суплементи, Витамини и суплементи > Коски\, зглобови и мускули",,,https://lifeline.mk/wp-content/uploads/2021/11/INN-TENDOCILINN-KESI-X-28.png,,,,,,,,,0,"INNventa Pharm",0,184,185,,classic-editor,64a746f6-7f49-4306-91f0-f80b63fb3794,field_6081ae4f27756,1434.24,1434.24,0,0,enable,default,default,0,0,0,0,default,default,default,default,default,0,disable,enable,right,default,default,default,342,27,,,,,,,,,60,
10358,simple,,"TETESEPT MAL ASTRONAUT",1,0,visible,,,,,taxable,,1,1,,0,0,,,,,0,,,120,"Нега и заштита > Купки и производи за туширање, Нега и заштита",,,https://lifeline.mk/wp-content/uploads/2021/11/TETESEPT-MAL-ASTRONAUT.jpg,,,,,,,,,0,Tetesept,0,271,272,,,,,,,,,,,,,,,,,,,,,,,,,,,,,,,,,,,,,,,
10359,simple,,"ESI LE DIECI ERBE COLON CLEANSE tbl.x60",1,0,visible,,,,,taxable,reduced-rate,1,1,,0,0,,,,,0,,,320,"Витамини и суплементи, Витамини и суплементи > Дигестивен тракт и пробиотици",,,https://lifeline.mk/wp-content/uploads/2021/11/diecierbe.jpg,,,,,,,,,0,Esi,0,522,523,,classic-editor,c248a35e-31ca-4da0-b10d-b4866fc6feda,field_6081ae4f27756,240.35,240.35,0,0,enable,default,default,0,0,0,0,default,default,default,default,default,0,disable,enable,right,default,default,default,362,27,,,,,,,,,60,
10360,simple,,"TETESEPT POTRAGA PO BOGATSTVO",1,0,visible,,,,,taxable,,1,2,,0,0,,,,,0,,,220,"Нега и заштита > Купки и производи за туширање, Нега и заштита",,,https://lifeline.mk/wp-content/uploads/2021/11/TETESEPT-POTRAGA-PO-BOGATSTVO.jpg,,,,,,,,,0,Tetesept,0,110,111,,,,,,,,,,,,,,,,,,,,,,,,,,,,,,,,,,,,,,,
10361,simple,,"TETESEPT SET KUPKI",1,0,visible,,,,,taxable,,1,1,,0,0,,,,,0,,,450,"Нега и заштита > Купки и производи за туширање, Нега и заштита",,,https://lifeline.mk/wp-content/uploads/2021/11/TETESEPT-SET-KUPKI.jpg,,,,,,,,,0,Tetesept,0,202,203,,,,,,,,,,,,,,,,,,,,,,,,,,,,,,,,,,,,,,,
10362,simple,,"TETESEPT SOL ZA KAPENJE ANTISTRES",1,0,visible,,,,,taxable,,1,1,,0,0,,,,,0,,,90,"Нега и заштита > Купки и производи за туширање, Нега и заштита",,,https://lifeline.mk/wp-content/uploads/2021/11/TETESEPT-SOL-ZA-KAPENJE-ANTISTRES.jpg,,,,,,,,,0,Tetesept,0,198,199,,,,,,,,,,,,,,,,,,,,,,,,,,,,,,,,,,,,,,,
10363,simple,,"TETESEPT SOL ZA KAPENJE BACK&amp;SHOULDER 600G",1,0,visible,,,,,taxable,,1,1,,0,0,,,,,0,,,430,"Нега и заштита > Купки и производи за туширање, Нега и заштита",,,https://lifeline.mk/wp-content/uploads/2021/11/TETESEPT-SOL-ZA-KAPENJE-BACKSHOULDER-600G.jpg,,,,,,,,,0,Tetesept,0,130,131,,,,,,,,,,,,,,,,,,,,,,,,,,,,,,,,,,,,,,,
10364,simple,,"4U BIMUNAL SIR.300ML",1,0,visible,,,,,taxable,,1,2,,0,0,,,,,0,,,820,"Витамини и суплементи, Витамини и суплементи > Имунитет",,,https://lifeline.mk/wp-content/uploads/2021/11/4U-BIMUNAL-SIR.300ML.png,,,,,,,,,0,"4U Pharma",0,249,250,,classic-editor,3af464dd-a280-4def-94eb-836f15cc60b4,field_6081ae4f27756,556.64,556.64,0,0,enable,default,default,0,0,0,0,default,default,default,default,default,0,disable,enable,right,default,default,default,348,27,,,,,,,,,60,
10372,simple,,"TETESEPT SOL ZA KAPENJE DEEP RELAXATION 600G",1,0,visible,,,,,taxable,,1,1,,0,0,,,,,0,,,430,"Нега и заштита > Купки и производи за туширање, Нега и заштита",,,https://lifeline.mk/wp-content/uploads/2021/11/TETESEPT-SOL-ZA-KAPENJE-DEEP-RELAXATION-600G.jpg,,,,,,,,,0,Tetesept,0,233,234,,,,,,,,,,,,,,,,,,,,,,,,,,,,,,,,,,,,,,,
10373,simple,,"TETESEPT SOL ZA KAPENJE JOINTS&amp;MUSCLES 600G",1,0,visible,,,,,taxable,,1,1,,0,0,,,,,0,,,430,"Нега и заштита > Купки и производи за туширање, Нега и заштита",,,https://lifeline.mk/wp-content/uploads/2021/11/TETESEPT-SOL-ZA-KAPENJE-JOINTSMUSCLES-600G.jpg,,,,,,,,,0,Tetesept,0,191,192,,,,,,,,,,,,,,,,,,,,,,,,,,,,,,,,,,,,,,,
10374,simple,,"TETESEPT SOL ZA KAPENJE MALKU SREKJA",1,0,visible,,,,,taxable,,1,1,,0,0,,,,,0,,,90,"Нега и заштита > Купки и производи за туширање, Нега и заштита",,,https://lifeline.mk/wp-content/uploads/2021/11/TETESEPT-SOL-ZA-KAPENJE-MALKU-SREKJA.jpg,,,,,,,,,0,Tetesept,0,85,86,,,,,,,,,,,,,,,,,,,,,,,,,,,,,,,,,,,,,,,
10375,simple,,"TETESEPT SOL ZA KAPENJE PARCE LJUBOV",1,0,visible,,,,,taxable,,1,1,,0,0,,,,,0,,,90,"Нега и заштита > Купки и производи за туширање, Нега и заштита",,,https://lifeline.mk/wp-content/uploads/2021/11/TETESEPT-SOL-ZA-KAPENJE-PARCE-LJUBOV.jpg,,,,,,,,,0,Tetesept,0,151,152,,,,,,,,,,,,,,,,,,,,,,,,,,,,,,,,,,,,,,,
10376,simple,,"TETESEPT TAJNATA NA KLEOPATRA",1,0,visible,,,,,taxable,,1,1,,0,0,,,,,0,,,410,"Нега и заштита > Купки и производи за туширање, Нега и заштита",,,https://lifeline.mk/wp-content/uploads/2021/11/TETESEPT-TAJNATA-NA-KLEOPATRA.jpg,,,,,,,,,0,Tetesept,0,302,303,,,,,,,,,,,,,,,,,,,,,,,,,,,,,,,,,,,,,,,
10377,simple,,"TETESEPT VREME ZA ODMOR",1,0,visible,,,,,taxable,,1,1,,0,0,,,,,0,,,420,"Нега и заштита > Купки и производи за туширање, Нега и заштита",,,https://lifeline.mk/wp-content/uploads/2021/11/TETESEPT-VREME-ZA-ODMOR.jpg,,,,,,,,,0,Tetesept,0,173,174,,,,,,,,,,,,,,,,,,,,,,,,,,,,,,,,,,,,,,,
10378,simple,,"TETESEPT VULKANSKI SVET",1,0,visible,,,,,taxable,,1,2,,0,0,,,,,0,,,120,"Нега и заштита > Купки и производи за туширање, Нега и заштита",,,https://lifeline.mk/wp-content/uploads/2021/11/TETESEPT-VULKANSKI-SVET.jpg,,,,,,,,,0,Tetesept,0,193,194,,,,,,,,,,,,,,,,,,,,,,,,,,,,,,,,,,,,,,,
10384,simple,,"ANTHELIOS dermo-pediatrics lotion за мокра или сува детска кожа. Многу висока заштита.",1,0,visible,,"ANTHELIOS dermo-pediatrics\nWET GEL ЗА ДЕТСКА КОЖА\nМногу висока заштита. SPF 50+\nЧувствителна кожа. Некомедогено.\nПОСЕБНО СОЗДАДЕН ЗА ДЕЦА: Освежувачки гел кој многу лесно се нанесува на мокра или сува кожа. Немрсен. Нелеплив. Не остава бели траги при нанесување на мокра кожа.\nWET SKIN ИНОВАЦИЈА: Невидлив гел кој создава заштитен хидрофобен слој на кожата што ја одбива водата.\nМногу висока SPF 50+ заштита се задржува дури и при нанесување на мокра кожа.\nТестиран под дерматолошки и педијатриски надзор.",,,taxable,,0,0,,0,0,,,,,0,,,1370,"Бебешка програма > Бебешка козметика, Бебешка програма, Нега и заштита > Кожа, Нега и заштита",,,https://lifeline.mk/wp-content/uploads/2021/11/web-frame2-1.jpg,,,,,,,,,0,LaRoche-Posay,0,158,159,,,,,,,,,,,,,,,,,,,,,,,,,,,,272,,,,,,,,0,,90,
10385,simple,,"ANTH DERMO KIDS LOTION 100ML",1,0,visible,,,,,taxable,,0,,,0,0,,,,,0,,,1315,"Бебешка програма > Бебешка козметика, Бебешка програма, Нега и заштита > Кожа, Нега и заштита",,,https://lifeline.mk/wp-content/uploads/2021/11/web-frame3-1.jpg,,,,,,,,,0,LaRoche-Posay,0,208,209,,,,,,,,,,,,,,,,,,,,,,,,,,,,272,,,,,,,,0,,60,
10386,simple,,"DR. HAUSCHKA Tonik za lice 100ml",1,0,visible,,,,,taxable,,1,,,0,0,,,,,0,,,1230,"Нега и заштита > Кожа, Нега и заштита",,,https://lifeline.mk/wp-content/uploads/2021/11/DR.-HAUSCHKA-Tonik-za-lice-100ml.jpg,,,,,,,,,0,"Dr. Hauschka",0,197,198,,,,,,,,,,,,,,,,,,,,,,,,,,,,,,,,,,,,,,,
10387,simple,,"DR. HAUSCHKA krem za cistenje 50ml",1,0,visible,,,,,taxable,,1,1,,1,0,,,,,0,,,730,"Нега и заштита > Кожа, Нега и заштита",,,https://lifeline.mk/wp-content/uploads/2021/11/DR.-HAUSCHKA-krem-za-cistenje-50ml.jpg,,,,,,,,,0,"Dr. Hauschka",0,180,181,,,,,,,,,,,,,,,,,,,,,,,,,,,,,,,,,,,,,,,
10388,simple,,"DR. HAUSCHKA Krem od rozi Light 30ml",1,0,visible,,,,,taxable,,1,1,,0,0,,,,,0,,,1265,"Нега и заштита > Кожа, Нега и заштита",,,https://lifeline.mk/wp-content/uploads/2021/11/DR.-HAUSCHKA-Krem-od-rozi-Light-30ml.jpg,,,,,,,,,0,"Dr. Hauschka",0,89,90,,,,,,,,,,,,,,,,,,,,,,,,,,,,,,,,,,,,,,,
10394,simple,,"DR. HAUSCHKA Dnev.revit.krem-oci",1,0,visible,,,,,taxable,,1,1,,0,0,,,,,0,,,1500,"Нега и заштита > Кожа, Нега и заштита",,,https://lifeline.mk/wp-content/uploads/2021/11/DR.-HAUSCHKA-Dnev.revit_.krem-oci.jpg,,,,,,,,,0,"Dr. Hauschka",0,191,192,,,,,,,,,,,,,,,,,,,,,,,,,,,,,,,,,,,,,,,
10395,simple,,"ATODERM GEL 1L",1,0,visible,,,,,taxable,,1,1,,0,0,,,,,0,,,930,"Нега и заштита > Кожа, Нега и заштита > Купки и производи за туширање, Нега и заштита",,,https://lifeline.mk/wp-content/uploads/2021/11/ATODERM-GEL-1L.jpg,,,,,,,,,0,Bioderma,0,292,293,,,,,,,,,,,,,,,,,,,,,,,,,,,,,,,,,,,,,,,
10396,simple,,"ATODERM INTESIVE EYE",1,0,visible,,,,,taxable,,1,2,,0,0,,,,,0,,,1130,"Нега и заштита > Кожа, Нега и заштита",,,https://lifeline.mk/wp-content/uploads/2021/11/ATODERM-INTESIVE-EYE.jpg,,,,,,,,,0,Bioderma,0,227,228,,,,,,,,,,,,,,,,,,,,,,,,,,,,,,,,,,,,,,,
10402,simple,,"BD FOTODERM MINERAL SPF50+",1,0,visible,,,,,taxable,,0,0,,0,0,,,,,0,,,1520,"Нега и заштита > Заштита од сонце, Нега и заштита > Кожа, Нега и заштита",,,https://lifeline.mk/wp-content/uploads/2021/11/BD-FOTODERM-MINERAL-SPF50.jpg,,,,,,,,,0,"Bioderma,Photoderm",0,128,129,,,,,,,,,,,,,,,,,,,,,,,,,,,,,,,,,,,,,,,
10403,simple,,"VICHY Neovadiol Phytosculpt за нега на врат и контури на лицето 50ml",1,0,visible,,,,,taxable,,1,1,,notify,0,,,,,0,,,2550,"Нега и заштита > Кожа, Нега и заштита",,,https://lifeline.mk/wp-content/uploads/2021/11/Vichy-Neovazdiol-Phytosculpt-50ml.jpg,,,,,,,,,0,"Neovadiol,Vichy",0,246,247,,classic-editor,,,,,,,,,,,,,,,,,,,,,,,,,,,,0,,,,,,0,,,
10411,simple,,"VICHY Neovadiol Contours крем за очи и усни 15ml",1,0,visible,,,,,taxable,,backorder,0,,notify,0,,,,,0,,,1965,"Нега и заштита > Кожа, Нега и заштита",,,https://lifeline.mk/wp-content/uploads/2021/11/Vichy-Neovadiol-contours-cream-15ml.jpg,,,,,,,,,0,Vichy,0,244,245,,classic-editor,,,,,,,,,,,,,,,,,,,,,,,,,,308,,0,,,,,,0,,,
10413,simple,,"WELEDA citrus roll on 50ml.",1,1,visible,,,,,taxable,,1,1,,0,0,,,,,0,,,640,"Нега и заштита > Кожа, Нега и заштита",,,https://lifeline.mk/wp-content/uploads/2021/11/citrus.jpg,,,,,,,,,0,Weleda,0,134,135,,,,,,,,,,,,,,,,,,,,,,,,,,,,,,,,,,,,,,,
10414,simple,,"WELEDA sensitive mleko kids SPF-30-150ml",1,1,visible,,,,,taxable,,0,0,,0,0,,,,,0,,,1300,"Бебешка програма > Бебешка козметика, Бебешка програма, Нега и заштита > Заштита од сонце, Нега и заштита",,,https://lifeline.mk/wp-content/uploads/2021/11/WELEDA-sensitive-mleko-kids-SPF-30-150ml.jpg,,,,,,,,,0,Weleda,0,80,81,,,,,,,,,,,,,,,,,,,,,,,,,,,,,,,,,,,,,,,
10420,simple,,"WELEDA sensitiv kids krem SPF-50-50ml",1,1,visible,,,,,taxable,,0,0,,0,0,,,,,0,,,830,"Бебешка програма > Бебешка козметика, Бебешка програма, Нега и заштита > Заштита од сонце, Нега и заштита",,,https://lifeline.mk/wp-content/uploads/2021/11/WELEDA-sensitiv-kids-krem-SPF-50-50ml.jpg,,,,,,,,,0,Weleda,0,50,51,,,,,,,,,,,,,,,,,,,,,,,,,,,,,,,,,,,,,,,
10421,simple,,"WELEDA DETSKI SHAMPON + KUPKA PORTOKAL 200ml",1,1,visible,,,,,taxable,,1,,,0,0,,,,,0,,,460,"Бебешка програма, Нега и заштита > Купки и производи за туширање, Нега и заштита, Бебешка програма > Хигиена и одржување",,,https://lifeline.mk/wp-content/uploads/2021/11/WELEDA-DETSKI-SHAMPON-KUPKA-PORTOKAL-200ml.jpg,,,,,,,,,0,Weleda,0,197,198,,,,,,,,,,,,,,,,,,,,,,,,,,,,,,,,,,,,,,,
10422,simple,,"WELEDA shampon i gel za tus. LIMON 200ml",1,1,visible,,,,,taxable,,1,1,,0,0,,,,,0,,,460,"Бебешка програма, Нега и заштита > Купки и производи за туширање, Нега и заштита, Бебешка програма > Хигиена и одржување",,,https://lifeline.mk/wp-content/uploads/2021/11/WELEDA-shampon-i-gel-za-tus.-LIMON-200ml.jpg,,,,,,,,,0,Weleda,0,90,91,,,,,,,,,,,,,,,,,,,,,,,,,,,,,,,,,,,,,,,
10423,simple,,"WELEDA SKIN FOOD BODY 150ml",1,1,visible,,,,,taxable,,1,1,,0,0,,,,,0,,,1130,"Нега и заштита > Кожа, Нега и заштита > Кожа - секојдневна нега и заштита, Нега и заштита",,,https://lifeline.mk/wp-content/uploads/2021/11/WELEDA-SKIN-FOOD-BODY-150ml.jpg,,,,,,,,,0,Weleda,0,164,165,,,,,,,,,,,,,,,,,,,,,,,,,,,,,,,,,,,,,,,
10424,simple,,"WELEDA maslo za masaza na trudnici-strii 100ml",1,1,visible,,,,,taxable,,1,1,,0,0,,,,,0,,,1100,"Нега и заштита > Кожа, Нега и заштита",,,https://lifeline.mk/wp-content/uploads/2021/11/WELEDA-maslo-za-masaza-na-trudnici-strii-100ml.jpg,,,,,,,,,0,Weleda,0,151,152,,,,,,,,,,,,,,,,,,,,,,,,,,,,,,,,,,,,,,,
10430,simple,,"WELEDA piling za telo od breza 150ml",1,1,visible,,,,,taxable,,1,1,,0,0,,,,,0,,,660,"Нега и заштита > Кожа, Нега и заштита",,,https://lifeline.mk/wp-content/uploads/2021/11/WELEDA-piling-za-telo-od-breza-150ml.jpg,,,,,,,,,0,Weleda,0,83,84,,,,,,,,,,,,,,,,,,,,,,,,,,,,,,,,,,,,,,,
10431,simple,,"WELEDA maslo od breza prot.celulit 100ml",1,1,visible,,,,,taxable,,1,1,,0,0,,,,,0,,,1100,"Нега и заштита > Кожа, Нега и заштита",,,https://lifeline.mk/wp-content/uploads/2021/11/WELEDA-maslo-od-breza-prot.celulit-100ml.jpg,,,,,,,,,0,Weleda,0,195,196,,,,,,,,,,,,,,,,,,,,,,,,,,,,,,,,,,,,,,,
10434,simple,,"ANTHELIOS XL wet gel за мокра или сува кожа со многу висока заштита",1,0,visible,,"Освежувачки гел кој многу лесно се нанесува на влажна или сува кожа. Немрсен. Нелеплив. Не остава бели траги при нанесување на мокра кожа.\nWET SKIN ИНОВАЦИЈА: Невидлив гел кој создава заштитен хидрофобен слој на кожата што ја одбива водата. Високата SPF 50+ заштита се задржува дури и при нанесување на мокра кожа.\nДерматолошки тестиран.",,,taxable,,0,0,,0,0,,,,,0,,,1550,"Нега и заштита > Заштита од сонце, Нега и заштита",,,https://lifeline.mk/wp-content/uploads/2021/11/ANTH.-WET-GEL-250ML.jpg,,,,,,,,,0,LaRoche-Posay,0,84,85,,,,,,,,,,,,,,,,,,,,,,,,,,,,272,,,,,,,,0,,90,
10450,simple,,"ANTH. WET GEL KIDS 250ML",1,0,visible,,,,,taxable,,0,0,,0,0,,,,,0,,,1550,"Бебешка програма > Бебешка козметика, Бебешка програма, Нега и заштита > Заштита од сонце, Нега и заштита",,,https://lifeline.mk/wp-content/uploads/2021/11/ANTH.-WET-LOTION-KIDS-250ML.jpg,,,,,,,,,0,LaRoche-Posay,0,111,112,,,,,,,,,,,,,,,,,,,,,,,,,,,,272,,,,,,,,0,,60,
10451,simple,,"VICHY cis dry touch fluid 50spf 50ml",0,0,visible,,,,,taxable,,0,0,,0,0,,,,,0,,,1280,"Нега и заштита > Заштита од сонце, Нега и заштита > Кожа, Нега и заштита",,,https://lifeline.mk/wp-content/uploads/2021/11/1a.Vichy-cis-dry-touch-fluid-50spf-50ml.jpg,,,,,,,,,0,"Capital Soleil,Vichy",0,5,6,,,,,,,,,,,,,,,,,,,,,,,,,,,,,,,,,,,,0,,60,
10452,simple,,"VICHY Capital Soleil Fresh Protective млеко за деца и возрасни со заштитен фактор30+ 300ml",1,0,visible,,,,,taxable,,0,,,0,0,,,,,0,,,1690,"Нега и заштита > Заштита од сонце, Нега и заштита > Кожа, Нега и заштита",,,https://lifeline.mk/wp-content/uploads/2021/11/Vichy-Sunscreen-Capital-Soleil-Fresh-Protective-Milk-SPF-57-000-3337871322694-Front.jpg,,,,,,,,,0,"Capital Soleil,Vichy",0,242,243,,,,,,,,,,,,,,,,,,,,,,,,,,,,,,,,,,,,0,,60,
10453,simple,,"VICHY Capital Soleil балсам за смирување на црвенило предизвикано од сончање  100ml",1,0,visible,,,,,taxable,,0,,,0,0,,,,,0,,,1060,"Нега и заштита > Заштита од сонце, Нега и заштита > Кожа, Нега и заштита",,,https://lifeline.mk/wp-content/uploads/2021/11/Capital-Soleil-After-Sun-Repair-Balm.jpg,,,,,,,,,0,"Capital Soleil,Vichy",0,192,193,,classic-editor,,,,,,,,,,,,,,,,,,,,,,,,,,,,0,,,,,,0,,,
10454,simple,,"VICHY Ideal Soleil Solar Protective Water Spf 50 200 ml",0,0,visible,,,,,taxable,,0,0,,0,0,,,,,0,,,1370,"Нега и заштита > Заштита од сонце, Нега и заштита > Кожа, Нега и заштита",,,https://lifeline.mk/wp-content/uploads/2021/11/Vichy-Ideal-Soleil-Solar-Protective-Water-Spf-50-200-ml.jpg,,,,,,,,,0,"Capital Soleil,Vichy",0,6,7,,,,,,,,,,,,,,,,,,,,,,,,,,,,,,,,,,,,0,,60,
10455,simple,,"VICHY Capital Soleil Solar-Protective Water со хујалуронска киселина и заштитен фактор 30  200ml",1,0,visible,,,,,taxable,,0,,,0,0,,,,,0,,,1400,"Нега и заштита > Заштита од сонце, Нега и заштита > Кожа, Нега и заштита",,,https://lifeline.mk/wp-content/uploads/2021/11/viber_image_2021-06-03_15-33-46.jpg,,,,,,,,,0,"Capital Soleil,Vichy",0,188,189,,classic-editor,,,,,,,,,,,,,,,,,,,,,,,,,,,,0,,,,,,0,,,
10456,simple,,"ABSOLUTE DRY DAB-ON 35ML",1,0,visible,"<strong>Absolute Dry</strong> е шведски оригинален екстра ефикасен антиперспирант со долготраен 7 дневен ефект против потење и лоша миризба.","<strong>Контролирајте го потењето, не дозволувајте </strong><strong>тоа да ве контролира!</strong>\n\n<strong>Absolute Dry</strong> е шведски оригинален екстра ефикасен антиперспирант со долготраен 7 дневен ефект против потење и лоша миризба.\n\nКако да се употребува <strong>Absolute Dry</strong>?\n\nЗа да се оптимизира ефектот и да се минимизира ризикот од иритација на кожата, клучно е кожата да биде целосно сува при нанесување <strong>Absolute Dry</strong>. Измијте ја кожата и исушете ја темелно со крпа. Оставете ја кожата да се исуши некое време. Доколку е потребно, користете фен за коса со ладен воздух.\n\nНанесете <strong>Absolute Dry</strong> на кожата, на пр. под пазувите, еден час пред спиење и оставете да се исуши.\n\nУтрината повторно измијте ја кожата, или истуширајте се. <strong>Absolute Dry</strong><strong> ќе ја задржи кожата сува и</strong> <strong>ќе го спречи потењето најмногу 7 дена</strong>. Ако сакате, дополнително можете да користите парфемиран дезодоранс или спреј, но не ви е потребен друг антиперспирант.\n\n<strong>Absolute Dry не содржи парфеми, конзерванси и бои</strong>.\n\nНормално, еднаш неделно е соодветна фреквенција на апликација, но секако можете да испробате и ваш сопствен распоред.\n\nКожата на дланките на вашите раце и стапалата на нозете е подебела и може да бара малку почеста фреквенција на аплицирање <strong>Absolute Dry</strong> барем на почетокот.\n\n<strong>Состав: Алкохол Денат, Aлуминиум </strong><strong>Хлорид, </strong><strong>Т-бутил </strong><strong>Алкохол, </strong><strong>Денатониум </strong><strong>Бензоат</strong>\n\nТРЕТМАН НА ПРЕКУМЕРНО ПОТЕЊЕ\n\nЗа оние кои имаат проблем со хиперхидроза и прекумерно потење кое влијае врз нивниот секојдневен живот, постојат достапни ефикасни опции за третман.\n\nДолготрајни и екстра ефикасни антиперспиранти со алуминиум хлорид. Прво и најважно е да се направи разлика помеѓу дезодоранси и антиперспиранти. Дезодорансите обично содржат парфеми за да го маскираат мирисот на пот. Може да содржат и супстанции што ја намалуваат количината на бактерии, што исто така спречува лош мирис. Сепак, дезодорансите не го спречуваат самото потење.\n\nАнтиперспирантите од друга страна спречуваат потење на местото на апликација. Постојат долготрајни антиперспиранти особено погодни за луѓе со хиперхидроза, но ништо не трае подолго од Absolute Dry. Со Absolute Dry престанува потењето во наредните 7 дена. Може да се користи за различни видови потење, на пр. под пазуви, раце, нозе и поголеми делови на кожата.",,,taxable,,1,1,,0,0,,,,,0,,,910,"Нега и заштита > Кожа, Нега и заштита",,,https://lifeline.mk/wp-content/uploads/2021/11/web-frame1-2.jpg,,,,,,,,,0,"Vitae Health Innovation",0,170,171,,,,,,,,,,,,,,,,,,,,,,,,,,,,,,,,,,,,,,,
10457,simple,,"OLIOVITA BALZAM 10ml",1,0,visible,,,,,taxable,,1,1,,0,0,,,,,0,,,370,"Нега и заштита > Кожа, Нега и заштита",,,https://lifeline.mk/wp-content/uploads/2021/11/oliovita.jpg,,,,,,,,,0,"Vitae Health Innovation",0,175,176,,,,,,,,,,,,,,,,,,,,,,,,,,,,,,,,,,,,,,,
10459,simple,,"SET SENSITIV MICELARNA+LIPIKAR 400ML",1,0,visible,"Мицеларна вода за чувствитела кожа + смирувачки гел за туширање",,,,taxable,,0,0,,0,0,,,,,0,,,850,"Нега и заштита > Кожа, Нега и заштита",,,https://lifeline.mk/wp-content/uploads/2021/11/sensitive.jpg,,,,,,,,,0,LaRoche-Posay,0,81,82,,,,,,,,,,,,,,,,,,,,,,,,,,,,,,,,,,,,,,,
10460,simple,,"SET MIC.WATER+LIPIKAR GEL 400ML",1,0,visible,"Мицеларна вода за реактивна кожа + смирувачки гел за туширање",,,,taxable,,0,0,,0,0,,,,,0,,,850,"Нега и заштита > Кожа, Нега и заштита",,,https://lifeline.mk/wp-content/uploads/2021/11/reactive.jpg,,,,,,,,,0,LaRoche-Posay,0,95,96,,,,,,,,,,,,,,,,,,,,,,,,,,,,,,,,,,,,,,,
10461,simple,,"BDFOTODERM MAX SPRAY SPF50+ 400ml",0,0,visible,,,,,taxable,,0,0,,0,0,,,,,0,,,"1531,05","Нега и заштита > Заштита од сонце, Нега и заштита > Кожа, Нега и заштита",,,https://lifeline.mk/wp-content/uploads/2021/11/BDFOTODERM-MAX-SPRAY-SPF50-400ml.jpg,,,,,,,,,0,"Bioderma,Photoderm",0,,,,,,,,,,,,,,,,,,,,,,,,,,,,,,,,,,,,,,,,,
10462,simple,,"BD FOTODERM M SPF 50+ 40 ml",1,0,visible,,,,,taxable,,1,1,,0,0,,,,,0,,,1090,"Нега и заштита > Заштита од сонце, Нега и заштита > Кожа, Нега и заштита",,,https://lifeline.mk/wp-content/uploads/2021/11/BD-FOTODERM-M-SPF-50-40-ml.jpg,,,,,,,,,0,"Bioderma,Photoderm",0,192,193,,,,,,,,,,,,,,,,,,,,,,,,,,,,,,,,,,,,,,,
10463,simple,,"BD FOTODERM SPRAY SPF30+ 400 ml",1,0,visible,,,,,taxable,,0,0,,0,0,,,,,0,,,1520,"Нега и заштита > Заштита од сонце, Нега и заштита > Кожа, Нега и заштита",,,https://lifeline.mk/wp-content/uploads/2021/11/BD-FOTODERM-SPRAY-SPF30-400-ml.jpg,,,,,,,,,0,"Bioderma,Photoderm",0,51,52,,,,,,,,,,,,,,,,,,,,,,,,,,,,,,,,,,,,,,,
10464,simple,,"BD PHOTODERM BRONZE SPF50+",0,0,visible,,,,,taxable,,0,0,,0,0,,,,,0,,,1665,"Нега и заштита > Заштита од сонце, Нега и заштита > Кожа, Нега и заштита",,,https://lifeline.mk/wp-content/uploads/2021/11/BD-PHOTODERM-BRONZE-SPF50.jpg,,,,,,,,,0,"Bioderma,Photoderm",0,,,,,,,,,,,,,,,,,,,,,,,,,,,,,,,,,,,,,,,,,
10482,simple,,"BD PHOTODERM MAX TONIR.KR.SPF50+",0,0,visible,,,,,taxable,,0,0,,0,0,,,,,0,,,990,"Нега и заштита > Заштита од сонце, Нега и заштита > Кожа, Нега и заштита",,,https://lifeline.mk/wp-content/uploads/2021/11/BD-PHOTODERM-MAX-TONIR.KR_.SPF50.jpg,,,,,,,,,0,"Bioderma,Photoderm",0,,,,,,,,,,,,,,,,,,,,,,,,,,,,,,,,,,,,,,,,,
10483,simple,,"BD PHOTODERM MAX ULTRA FLUID 50+",0,0,visible,,,,,taxable,,0,0,,0,0,,,,,0,,,926,"Нега и заштита > Заштита од сонце, Нега и заштита > Кожа, Нега и заштита",,,https://lifeline.mk/wp-content/uploads/2021/11/BD-PHOTODERM-MAX-ULTRA-FLUID-50.jpg,,,,,,,,,0,"Bioderma,Photoderm",0,,,,,,,,,,,,,,,,,,,,,,,,,,,,,,,,,,,,,,,,,
10484,simple,,"BD PHOTODERM SENS.SPF50+ 100 ml",0,0,visible,,,,,taxable,,0,0,,0,0,,,,,0,,,1234,"Нега и заштита > Заштита од сонце, Нега и заштита > Кожа, Нега и заштита",,,https://lifeline.mk/wp-content/uploads/2021/11/BD-PHOTODERM-SENS.SPF50-100-ml.jpg,,,,,,,,,0,"Bioderma,Photoderm",0,,,,,,,,,,,,,,,,,,,,,,,,,,,,,,,,,,,,,,,,,
10485,simple,,"EMBRYOLISSE OSVEZUVACKI CVETEN TONIK",1,0,visible,"<p>Embryolisse Eau de Beauté Rosamélis – Освежувачки цветен тоник, 200 мл</p>\n","<p>Нежно ја чисти и тонизира кожата.</p>\n<p>Збогатен со комбинација од четири цветни води: роза, цвет од портокал, сничец и хамамелис, ја хидрира и ревитализира кожата. Со 99% состојки од природно потекло. Прочистува, освежува и тонизира оставајќи ја кожата хидрирана и свежа.</p>\n<p>Соодветен за сите типови на кожа. И за најчувствителната.</p>\n<p>Без алкохол. Без парабени. Дерматолошки и офталмолошки тестирано.</p>\n<p>Употреба: Како чистач за лице и отстранувач на шминка, нанесете на тупфер и исчистете го лицето наутро и навечер. Како освежувачки тоник, распрскајте на чиста кожа без измивање. Може да се користи за фиксирање на шминка.</p>\n",,,taxable,,1,1,,0,0,,,,,0,,,945,"Нега и заштита > Кожа, Нега и заштита",,,https://lifeline.mk/wp-content/uploads/2021/11/EMBRY.OSVEZUVACKI-CVETEN-TONIK.jpg,,,,,,,,,0,Embriolysse,0,152,153,,,,,,,,,,,,,,,,,,,,,,,,,,,,,,,,,,,,,,,
10487,simple,,"DR. HAUSCHKA BALANSIRACKI DNEVEN LOSION",1,0,visible,,,,,taxable,,0,,,0,0,,,,,0,,,1585,"Нега и заштита > Кожа, Нега и заштита",,,https://lifeline.mk/wp-content/uploads/2022/03/balancing.jpg,,,,,,,,,0,"Dr. Hauschka",0,176,177,,classic-editor,d7207d2b-71fe-4a3c-986e-580911e1eae3,field_6081ae4f27756,1019.35,1019.35,0,0,enable,default,default,0,0,0,0,default,default,default,default,default,0,disable,enable,right,default,default,default,321,28,,,,,,,,,60,
10490,simple,,"EMBRYOLISSE CREME FLUID 500ML",1,0,visible,"<p>Embryolisse Crème Fluid – Повеќенаменско хранливо млеко, 500мл</p>\n","<p>Лесна нега за интензивна хидратација и исхрана на кожата.</p>\n<p>Формулата содржи хидратантни и хранливи состојки од природно потекло: ши путер, алое вера, пчелин восок, протеини од соја, есенцијални масни киселини и витамини за интензивна нега. Делува хранливо, ја задржува хидратацијата и овозможува заштита. Кожата е свиленкаста и мека. Текстурата е лесна и брзо се апсорбира.</p>\n<p>Дерматолошки тестирано. Без парабени.</p>\n<p>Употреба: Практичен повеќенаменски производ за лице и тело. Како дневна или ноќна нега нанесете на чиста и сува кожа. Како нежен чистач, нанесете на тупфер и исчистете ја кожата. Може да се користи за нега на кожа после сончање и после бричење. Наменето за сите типови на кожа и за чувствителна.</p>\n",,,taxable,,1,,,0,0,,,,,0,,1092,1365,"Нега и заштита > Кожа, Нега и заштита",,,https://lifeline.mk/wp-content/uploads/2021/11/EMBRY.CREME-FLUID-500ML.jpg,,,,,,,,,0,Embriolysse,0,172,173,,,,,,,,,,,,,,,,,,,,,,,,,,,,,,,,,,,,,,,
10493,simple,,"EMBRYOLISSE FILADERME EMULZIJA",1,0,visible,"<p>Embryolisse Filaderme Émulsion – Хранлива регенеративна емулзија, 75мл</p>\n","<p>Хранлива нега позната по својата ефикасност кај сувата кожа.</p>\n<p>Формулата содржи емолиентни масла и комбинација со хранливи состојки од природно потекло: ши путер, алое вера, пчелин восок и протеини од соја, како и сквалан кој ја зајакнува хидро-липидната бариера на кожата и делува регенеративно. Кожата е смирена и нахранета.</p>\n<p>Формулирано да намали ризик од алергиски реакции. Дерматолошки тестирано. Без парабени.</p>\n<p>Употреба: Користете како дневна и/или ноќна нега, нанесете на сува и чиста кожа на лице и врат. Наменето за сува и многу сува кожа.</p>\n",,,taxable,,1,1,,0,0,,,,,0,,,1165,"Нега и заштита > Кожа, Нега и заштита",,,https://lifeline.mk/wp-content/uploads/2021/11/EMBRY.EMULZIJA.jpg,,,,,,,,,0,Embriolysse,0,255,256,,,,,,,,,,,,,,,,,,,,,,,,,,,,,,,,,,,,,,,
10494,simple,,"EMBRYOLISSE CICALISSE CREAM",1,0,visible,"<p>Embryolisse Cicalisse – Повеќенаменски обновувачки крем, 40мл</p>\n","<p>Регенеративен заштитен крем.</p>\n<p>Формулата содржи ацексамска киселина (3%) која го забрзува процесот на регенерација на кожата. Хидратација овозможува хијалуронска киселина, екстракт од алое вера, глицерин и витамин Е. Исхрана на кожата овозможува комбинацијата од хранливи состојки од природно потекло: сладок бадем, памук и масло од кајсија.</p>\n<p>Соодветно за деца од 3 години. Соодветно за сите типови на кожа.</p>\n<p>Употреба: Практичен повеќенаменски производ за лице, тело и усни. Се користи како дневна и/или ноќна нега после сончање или за смирување на иритирана кожа.</p>\n",,,taxable,,1,,,0,0,,,,,0,,628,785,"Нега и заштита > Кожа, Нега и заштита",,,https://lifeline.mk/wp-content/uploads/2021/11/EMBRY.CICALISSE-CREAM.jpg,,,,,,,,,0,Embriolysse,0,158,159,,,,,,,,,,,,,,,,,,,,,,,,,,,,,,,,,,,,,,,
10495,simple,,"EMBRYOLISSE KREM PROTIV BRCKI",1,0,visible,"<p>Embryolisse Éclat Jeunesse – Крем против први брчки, 40мл</p>\n","<p>Превенција и корекција на првите знаци на стареење на кожата.</p>\n<p>Нега која ги одложува првите знаци на стареење благодарение на тројно дејство. Хијалуронската киселина долготрајно хидрира и превенира појава на фини линии, екстракт од билката Acmella ги измазнува фините линии, додека биосахаридите и витамин Е заштитуваат од надворешното влијание враќајќи го блескавиот здрав изглед на кожата.</p>\n<p>Дерматолошки тестирано. Без парабени.</p>\n<p>Употреба: Се користи како дневна и ноќна нега. Нанесете на сува и чиста кожа на лице и врат. Лесна текстура која брзо се впива. Наменета за сите типови на кожа.</p>\n",,,taxable,,0,0,,0,0,,,,,0,,,1610,"Нега и заштита > Кожа, Нега и заштита",,,https://lifeline.mk/wp-content/uploads/2021/11/EMBRY.KREM-PROTIV-BRCKI.jpg,,,,,,,,,0,Embriolysse,0,189,190,,,,,,,,,,,,,,,,,,,,,,,,,,,,,,,,,,,,,,,
10496,simple,,"EMBRYOLISSE ANTI AGE FIRMING CREAM",1,0,visible,"<p>Embryolisse Crème Anti- Âge Raffermissante – Зацврстувачки регенеративен крем, 50мл</p>\n","<p>Корективна anti-age нега.</p>\n<p>Благодарение на активните дерматолошки состојки (хијалуронска киселина и колаген) кои ја зајакнуваат потпорната структура на кожата, билните екстракти од природно потекло (масло од сладок бадем и авокадо) со хранливи својства, како и витамините А, Е и Ф, кожата е еластична, затегната а брчките се помалку видливи.</p>\n<p>Дерматолошки тестирано. Без парабени.</p>\n<p>Употреба: Се користи како дневна и ноќна нега, нанесете на сува и чиста кожа на лице и врат. Соодветно за сите типови на кожа.</p>\n",,,taxable,,1,,,0,0,,,,,0,,,2265,"Нега и заштита > Кожа, Нега и заштита",,,https://lifeline.mk/wp-content/uploads/2021/11/EMBRY.ANTI-AGE-FIRMING-CREAM.jpg,,,,,,,,,0,Embriolysse,0,210,211,,,,,,,,,,,,,,,,,,,,,,,,,,,,,,,,,,,,,,,
10498,simple,,"EMBRYOLISSE SMOOTHING EYE CONTOUR CARE",1,0,visible,"<p>Embryolisse Soin Lissant Contour des Yeux – Подмладувачки крем за пределот околу очите, 15мл</p>\n","<p>Регенеративна anti-age нега која ги корегира брчките, подочниците и темни кругови.</p>\n<p>Ублажува фини линии и брчки, намалува подуеност и темни кругови. Многу лесна текстура, која содржи хијалуронска киселина, витамин А и Е и билни екстракти (екстракт од даб, масло од сусам, синчец и хамамелис).</p>\n<p>Дерматолошки тестирано. Без парабени.</p>\n<p>Употреба: Нанесете наутро и/или навечер на чиста и сува кожа во подрачјето околу очите со лесни кружни движења. Соодветно за сите типови на кожа. Одлична подлога за шминка.</p>\n",,,taxable,,1,,,0,0,,,,,0,,,1300,"Нега и заштита > Кожа, Нега и заштита",,,https://lifeline.mk/wp-content/uploads/2021/11/EMBRY.-SMOOTHING-EYE-CONTOUR-CARE.jpg,,,,,,,,,0,Embriolysse,0,126,127,,,,,,,,,,,,,,,,,,,,,,,,,,,,,,,,,,,,,,,
10520,simple,,"EMBRYOLISSE BB CREAM SPF20",1,0,visible,"<p>Embryolisse BB Crème SPF20 &#8211;  ББ крем за блескав тен СПФ20, 30 мл</p>\n","<p>Матирачки, хидратантен, минерален ББ крем СПФ20 кој овозможува ефект на мека нежна кожа со блескав и воедначен тен.</p>\n<p>Хидратантна формула со хијалуронска киселина и витамин Е. Кожата е хидрирана, фините линии се ублажени, ситните недостатоци се покриени, а кожата е мека и видливо блескава. Матирачките пигменти го подобруваат изгледот. СПФ20 и минералните филтри заштитуваат од УВА и УВБ зраците и предвремено стареење на кожата. Универзалната нијанса се прилагодува на сите тенови на кожа.</p>\n<p>Дерматолошки тестирано.</p>\n<p>Употреба: Нанесете на чиста и сува кожа, самостојно или како дополнителна корективна нега која ја следи вашата секојдневна нега. Лесна текстура соодветна како подлога за шминка. Соодветна за сите типови на кожа.</p>\n",,,taxable,,1,5,,0,0,,,,,0,,,1470,"Нега и заштита > Заштита од сонце, Нега и заштита > Кожа, Нега и заштита",,,https://lifeline.mk/wp-content/uploads/2021/11/EMBRY.BB-CREAM-SPF20.jpg,,,,,,,,,0,Embriolysse,0,279,280,,,,,,,,,,,,,,,,,,,,,,,,,,,,,,,,,,,,,,,
10521,simple,,"EMBRYOLISSE CC CREAM",1,0,visible,"<p>Embryolisse CC Crème SPF20 – ЦЦ крем за изедначен тен СПФ20, 30 мл</p>\n","<p>Матирачки корективен ЦЦ крем СПФ20 корегира неправилности и овозможува ефект на мека нежна кожа со изедначен тен.</p>\n<p>Хидратантна формула со хијалуронска киселина и полисахариди. Неправилностите, фините линии и проширените пори се покриени со пигментирани честички кои се прелагодуваат на сите тенови на кожа. СПФ20 и минералните филтри заштитуваат од УВА и УВБ зраците и предвремено стареење на кожата. Универзалната нијанса се прилагодува на сите тенови на кожа.</p>\n<p>Дерматолошки тестирано.</p>\n<p>Употреба: Нанесете на чиста и сува кожа, самостојно или како дополнителна корективна нега која ја следи вашата секојдневна нега. Лесна текстура соодветна како подлога за шминка. Соодветна за сите типови на кожа.</p>\n",,,taxable,,1,,,0,0,,,,,0,,,1730,"Нега и заштита > Заштита од сонце, Нега и заштита > Кожа, Нега и заштита",,,https://lifeline.mk/wp-content/uploads/2021/11/web-frame-6.jpg,,,,,,,,,0,Embriolysse,0,442,443,,,,,,,,,,,,,,,,,,,,,,,,,,,,,,,,,,,,,,,
10526,simple,,"VICHY Liftactive Flexiteint № 15 30 ml",1,0,visible,,,,,taxable,,1,,,0,0,,,,,0,,,1940,"Нега и заштита > Кожа, Нега и заштита",,,https://lifeline.mk/wp-content/uploads/2021/11/VICHY-V-FLEXLIFT-TEINT-15-30-ml.jpg,,,,,,,,,0,Vichy,0,164,165,,classic-editor,,,,,,,,,,,,,,,,,,,,,,,,,,308,,0,,,,,,0,,,
10527,simple,,"VICHY Liftactive Flexiteint № 25 30 ml",1,0,visible,,,,,taxable,,1,1,,1,0,,,,,0,,,1940,"Нега и заштита > Кожа, Нега и заштита",,,https://lifeline.mk/wp-content/uploads/2021/11/VICHY-V-FLEXLIFT-TEINT-25-30-ml.jpg,,,,,,,,,0,Vichy,0,160,161,,classic-editor,,,,,,,,,,,,,,,,,,,,,,,,,,308,,0,,,,,,0,,,
10528,simple,,"VICHY Liftactive Flexiteint № 35 30 ml",1,0,visible,,,,,taxable,,1,1,,0,0,,,,,0,,,1940,"Нега и заштита > Кожа, Нега и заштита",,,https://lifeline.mk/wp-content/uploads/2021/11/VICHY-V-FLEZLIFT-TEINT-35-30-ml.jpg,,,,,,,,,0,"Makeup,Vichy",0,208,209,,classic-editor,,,,,,,,,,,,,,,,,,,,,,,,,,,,0,,,,,,0,,,
10529,simple,,"ROSE VALLIS ANTI AGE NOKJNA KREMA",1,0,visible,"Rosa Vallis интензивна Anti-Аge ноќна крема","Богата ноќна крема која го стимулира создавањето на висококвалитетен колаген и хијалуронска киселина, што води до една, вам најважна цел – Rosa Vallis Anti-Age ноќната крема го успорува предвременото стареење на вашата кожа! Видливо ги намалува и измазнува брчките. Ја храни вашата кожа, ѝ дава енергија и ја враќа нејзината еластичност во текот на ноќта. Ги отстранува заморот и знаците на стареење. Таа продира длабински и ги храни буквално сите нивоа на кожата. Ѝ дава поддршка на бариерната функција на кожата и го оддржува природниот баланс на вода и липиди.\n\nАктивните состојки кои се грижат за вашата кожа во текот на целата ноќ:\n<ul>\n 	<li>Matrixyl 3000 (Palmitoyl Pentapeptide)</li>\n 	<li>Розино масло од Дамаскинова роза</li>\n 	<li>Био-масло од маслина</li>\n 	<li>Хијалуронска киселина</li>\n 	<li>Сончогледово масло</li>\n 	<li>Бадемово масло</li>\n 	<li>Шеа Путер</li>\n 	<li>Провитамин В5 (D- Panthenol), Витамин Е (Tocopherol), Витамин А (Retinyl Palmitate)</li>\n 	<li>Глицерин</li>\n 	<li>Каприлична/капрична киселина</li>\n 	<li>Пчелин восок</li>\n</ul>",,,taxable,,1,,,0,0,,,,,0,,,920,"Нега и заштита > Кожа, Нега и заштита",,,https://lifeline.mk/wp-content/uploads/2021/11/ROSE-VALLIS-ANTI-AGE-NOKJNA-KREMA.jpg,,,,,,,,,0,"Rosa Vallis",0,78,79,,,,,,,,,,,,,,,,,,,,,,,,,,,,,,,,,,,,,,,
10530,simple,,"ROSA VALLIS MICELARNA VODA 250ML",1,0,visible,"Rosa Vallis Мицеларна Розина вода","Погодна за сите типови на кожа, но, идеална за сува и чувствителна кожа. Нежно и ефективно ги чисти длабинските нечистотии, шминка и непотребните мрснотии без да ја суши вашата кожа. Помага да ја отстраните шминката, брзо и лесно.Вашата кожа е конечно исчистена од сите траги на напорниот ден – прашина, мртви клетки замор.\n\nСо самиот факт дека е богата со розина вода, Д-пантенол и розино масло од Дамаскинова роза, неутралната розина вода делува анти-инфламаторно, анти-алергено, омекнувајќи и освежувајќи ја сувата и чувствителна кожа. Ако кожата ви е раздразнета, таа ќе ја смири, а порите длабински ќе ви ги исчисти! Дополнително, Провитаминот Б5 ја зајакнува бариерната функција на кожата и ја регенерира.",,,taxable,,1,,,0,0,,,,,0,,,"566,4","Нега и заштита > Кожа, Нега и заштита",,,https://lifeline.mk/wp-content/uploads/2021/11/ROSA-VALLIS-MICELARNA-VODA-250ML.jpg,,,,,,,,,0,"Rosa Vallis",0,187,188,,,,,,,,,,,,,,,,,,,,,,,,,,,,,,,,,,,,,,,
10531,simple,,"ROSA VALISS ANTI AGE DNEVNA KREMA",1,0,visible,"Rosa Vallis Anti-age дневна крема","Rosa Vallis Anti-Age дневна крема против брчки длабински ја хидратира кожата, ја храни, ја прави мека, и ја оддржува еластична и здрава. Со секоја следна употреба, со секој нов ден лицето ви е сè посвежо, сè помазно и едноставно блеска од здравје и убавина.\n\nВидливо ја намалува длабочината на брчките. Ги отстранува подочниците и темните кругови под очите. Ги брише фините брчки и ја подмладува вашата кожа, одржувајќи ја богато хидратирана. Rosa Vallis дневната крема против брчки има богат состав кој е всушност концентрирани коктел од активни состојки кои содржат моќни анти-оксиданси, витамини и природни масла.\n<ul>\n 	<li>Matrixyl 3000 (Palmitoyl Pentapeptide)</li>\n 	<li>Розино масло од Дамаскинова роза</li>\n 	<li>Био-масло од маслина</li>\n 	<li>Хијалуронска киселина</li>\n 	<li>Сончогледово масло</li>\n 	<li>Бадемово масло</li>\n 	<li>Шеа Путер</li>\n 	<li>Провитамин В5 (D- Panthenol), Витамин Е (Tocopherol), Витамин А (Retinyl Palmitate)</li>\n 	<li>Глицерин</li>\n 	<li>Каприлична/капрична киселина</li>\n 	<li>Пчелин восок</li>\n</ul>",,,taxable,,1,,,0,0,,,,,0,,,900,"Нега и заштита > Кожа, Нега и заштита",,,https://lifeline.mk/wp-content/uploads/2021/11/ROSA-VALISS-ANTI-AGE-DNEVNA-KREMA.jpg,,,,,,,,,0,"Rosa Vallis",0,170,171,,,,,,,,,,,,,,,,,,,,,,,,,,,,,,,,,,,,,,,
10532,simple,,"INN-D-MANOZIN KESIX10",1,0,visible,"<p class=""_2qrJF _2yxAN"" data-hook=""product-title"">D-MANOZINN<b><span class=""nounderlines"">®</span></b></p>","Овозможува лесна и брза елиминација на бактеријата E.coli од уринарниот тракт\n<ul>\n 	<li>Ефикасен кај акутни ИУТ, како и за лекување и превенција на рекурентни ИУТ</li>\n 	<li>Брзо и лесно ослободува од чувство на непријатност</li>\n 	<li>Стимулира активност на имуниот систем</li>\n 	<li>Одлична подносливост</li>\n 	<li>Нема несакани ефекти</li>\n 	<li>Безбеден за деца, бремени жени и доилки</li>\n 	<li>Погоден за дијабетичари со контрола на гликемија</li>\n</ul>\n<strong>Активни состојки - 1 кесичка (2,09 g)</strong>\n\n<strong>Д-маноза</strong> 2,00 g, <strong>Витамин Ц</strong> 20,00 mg, <strong>Цинк</strong> 2,40 mg.\n\n<strong>Дозирање - употреба</strong>\n\n<u>Акутна инфекција</u>: 3 дена на секои 4 часа по 1 кесичка растворена во чаша вода или сок, после тоа 1 кесичка двапати дневно.\n<u>Превенција</u>: 1 кесичка растворена во чаша вода, еднаш дневно.",,,taxable,reduced-rate,1,1,,0,0,,,,,0,,,637,"Витамини и суплементи, Витамини и суплементи > Уринарен систем",,,https://lifeline.mk/wp-content/uploads/2021/11/INN-D-MANOZIN-KESIX10.jpg,,,,,,,,,0,"INNventa Pharm",0,92,93,,,,,,,,,,,,,,,,,,,,,,,,,,,,,,,,,,,,,,,
10533,simple,,"INN-D-MANOZINN PROTECT KESIX10",1,0,visible,"<p class=""_2qrJF _2yxAN"" data-hook=""product-title"">D-MANOZINN<b><span class=""nounderlines"">®</span></b> Protect</p>","Единствена формулација за ефикасна елиминација на E.coli од уринарниот тракт\n<ul>\n 	<li>Синергистичкото дејство на д-маноза, Saccharomyces и избрани соеви на Lactobacillus ја зголемуваат ефикасноста на антибиотската терапија кај акутни инфекции на уринарниот тракт предизвикани од E.coli</li>\n 	<li>Ефикасен во превенција на развој на повторливи инфекции (благодарение на пробиотските култури, кои ги штитат „добрите“ бактерии и го одржуваат составот и функцијата на физиолошката цревна флора)</li>\n 	<li>Превенира појава на несакани ефекти на антибиотската терапија</li>\n 	<li>Безбеден за употреба кај деца од 3 години, бремени жени и доилки</li>\n 	<li>Комфорна примена - 1 кесичка на ден</li>\n</ul>\n<strong>Активни состојки - 1 кесичка (2,50 g)</strong>\n\n<strong>Д-маноза</strong> 2,00 g, <strong>Saccharomyces boulardii SP 92</strong> 1x109 CFU, <strong>Synbio®</strong> 1x109 CFU, од кои\n<strong>Lactobacillus rhamnosus IMC 501</strong> 5x108 CFU, <strong>Lactobacillus paracasei IMC 502</strong> 5x108 CFU\n\n<strong>Дозирање - начин на употреба (возрасни и деца над 3 години)</strong>\n\nСодржината на 1 кесичка да се раствори во мала количина вода и да се испие еднаш дневно\n\n<strong>Дополнителна терапија</strong> со антибиотик кај акутни инфекции на уринарен тракт предизвикани од бактеријата E.coli\n\n2 часа после примената доза на антибиотик\n\n<strong>Превенција</strong> на рекурентни инфекции на уринарен тракт предизвикани од бактеријата E.coli\n\n2-3 месеци во континуитет",,,taxable,reduced-rate,1,1,,0,0,,,,,0,,,727,"Витамини и суплементи, Витамини и суплементи > Уринарен систем",,,https://lifeline.mk/wp-content/uploads/2021/11/INN-D-MANOZINN-PROTECT-KESIX10.jpg,,,,,,,,,0,"INNventa Pharm",0,107,108,,,,,,,,,,,,,,,,,,,,,,,,,,,,,,,,,,,,,,,
10534,simple,,"INN-GRAMINN CAPS.X30",1,0,visible,"<p class=""_2qrJF _2yxAN"" data-hook=""product-title"">GRAMINN<b><span class=""nounderlines"">®</span></b></p>\n","<p>Ново решение за зачувување на нормална функција на простатата</p>\n<ul>\n<li>Докажана ефикасност во третман и контрола на бенигна хиперплазија на простата (БПХ)</li>\n<li>Клинички докажано ги намалува непријатностите кај небактериски простатитис и еректилна дисфункција</li>\n<li>Подобрува квалитет на живот</li>\n<li>Без несакани дејства</li>\n<li>Комфорна примена - 1 капсула на ден</li>\n</ul>\n<p><strong>Активни состојки</strong></p>\n<p><strong>Graminex® G60®</strong> - Flower Pollen Extract™, прашок 240 mg,<br />\n<strong>Graminex® GFX™ 7% </strong>- Flower Pollen Extract™, прашок 12 mg.</p>\n<p>Содржи чист екстракт на поленов прав од 'рж, Secale cereale, кој претставува фитотерапија за лекување и контрола на бенигна хиперплазија на простата и официјално во водичот на EAU.</p>\n<p><strong>Дозирање - употреба</strong></p>\n<p>1 капсула дневно со 2 dl вода, после оброк.</p>\n",,,taxable,reduced-rate,1,1,,0,0,,,,,0,,,758,"Витамини и суплементи, Витамини и суплементи > Простата",,,https://lifeline.mk/wp-content/uploads/2021/11/INN-GRAMINN-CAPS.X30.jpg,,,,,,,,,0,"INNventa Pharm",0,118,119,,,,,,,,,,,,,,,,,,,,,,,,,,,,,,,,,,,,,,,
10535,simple,,"INN-GRAMINN SUPP.X10",1,0,visible,"<p class=""_2qrJF _2yxAN"" data-hook=""product-title"">GRAMINN<b><span class=""nounderlines"">®</span></b> Супозитории</p>\n","<p>Иновативен пристап во третман на простатитис</p>\n<ul>\n<li>Единствена тераписка опција за локален третман на сите видови простатитис</li>\n<li>Силно антиинфламаторно дејство кое овозможува брзо ослободување на симптомите</li>\n<li>Создава заштитна бариера која ја забрзува епителизацијата и спречува навлегување на патогени од ректумот</li>\n<li>Превенира настанување на едем и фиброза кај хронични инфламации</li>\n<li>Ефикасно ги регулира симптомите при аноректални заболувања</li>\n<li>Докажан механизам на дејство</li>\n<li>Без потенцијални интеракции и несакани ефекти</li>\n</ul>\n<p><strong>Активни состојки</strong></p>\n<p><strong>Graminex® NAXTM 7%</strong> (екстракт на поленов прав од 'рж), <strong>натриум-хијалуронат</strong>, <strong>липосолубилен екстракт од црн слез </strong>(Malva sylvestris L.), <strong>липосолубилен екстракт од невен </strong>(Calendula officinalis L.), <strong>липосолубилен екстракт од алое </strong>(Aloe barbadensis M.), <strong>есенцијално масло од каранфилче</strong> (Eugenia caryophyllus), <strong>витамин Е</strong> и <strong>витамин А</strong>.</p>\n<p><strong>Дозирање - употреба</strong></p>\n<p>Една супозиторија на ден. Најдобро е да се аплицира навечер, пред спиење</p>\n",,,taxable,reduced-rate,1,1,,0,0,,,,,0,,,1016,"Витамини и суплементи, Витамини и суплементи > Простата",,,https://lifeline.mk/wp-content/uploads/2021/11/INN-GRAMINN-SUPP.X10.jpg,,,,,,,,,0,"INNventa Pharm",0,107,108,,,,,,,,,,,,,,,,,,,,,,,,,,,,,,,,,,,,,,,
10536,simple,,"INN-LONGUPINN SPRAY 50ml",1,0,visible,"<p class=""_2qrJF _2yxAN"" data-hook=""product-title"">LONGUPINN<b><span class=""nounderlines"">®</span></b></p>","Предвремената ејакулација или прераното достигнување на врвот кај мажот значително го нарушува квалитетот на живот на двајцата сексуални партнери поради неможноста да се задржи доволно долга пенетрација како и другиот партнер би доживеал оргазам.\n\nПоради тоа, се создава ""маѓепсан круг"" на непријатности и незадоволства.\n<ul>\n 	<li>1 од 3 мажи барем еднаш во животот има искуство со предвремена ејакулација.</li>\n 	<li>1.8 минути е просечно време за достигнување врв кај мажи кои имаат проблеми со ПЕ.</li>\n</ul>\n<strong>Longupinn®</strong> е топикален спреј за ефикасна контрола на предвремена ејакулација.\n<ul>\n 	<li>Единствено природно решение за одложување на ејакулацијата</li>\n 	<li>Брз тераписки ефект, уште од првата доза</li>\n 	<li>Го продолжува задоволството, подобрувајќи го квалитетот на живот на двајцата партнери</li>\n 	<li>Едноставна примена и висока комплијанса</li>\n 	<li>Безбеден и при долготрајна употреба</li>\n 	<li>Локалната примена оневозможува појава на системски несакани ефекти</li>\n 	<li>Не е неопходно да се испира после сексуален однос</li>\n 	<li>Може да се користи заедно со презервативи и други контрацептивни средства</li>\n</ul>\n<strong>Активни состојки</strong>\n\nЕкстракт од плод на Zanthalene (<em>Zanthoxylum Bungeanum</em>), масло од каранфилче (<em>Eugenia caryophyllus</em>), патентиран клатрат на глицерил-полиметакрилат Lubrajel®, сок од лист од алое (<em>Aloe Barbadensis</em>), бисаболол.\n\n<strong>Начин на употреба</strong>\n\nПРЕД УПОТРЕБА ДА СЕ ПРОТРЕСЕ!\n\nСе аплицира една до две дози во областа на пенисот и нежно се масира, 10 минути пред сексуалниот однос.",,,taxable,,0,,,0,0,,,,,0,,,1300,"Витамини и суплементи",,,https://lifeline.mk/wp-content/uploads/2021/11/INN-LONGUPINN-SPRAY-50ml.jpg,,,,,,,,,0,"INNventa Pharm",0,230,231,,classic-editor,,,,,,,,,,,,,,,,,,,,,,,,,,,,,,,,,,0,,90,
10537,simple,,"INN-LUPRINN CAPS.X30",1,0,visible,"<p class=""_2qrJF _2yxAN"" data-hook=""product-title"">LUPRINN<b><span class=""nounderlines"">®</span></b></p>","Ефикасно ги ублажува симптомите на менопауза\n<ul>\n 	<li>Ефикасно ги регулира непријатните симптоми на менопауза</li>\n 	<li>Директна апсорпција, висока биорасположивост</li>\n 	<li>Ја редуцира појавата на топлотни бранови (валунга), несоница и зголемена вознемиреност после 4 недели употреба</li>\n 	<li>Профил на делување сличен на ендогениот естрадиол (E2)</li>\n 	<li>Безбедна алтернатива на хормонска супституциона терапија</li>\n 	<li>Комфорна примена</li>\n</ul>\n<strong>Активни состојки - 1 капсула (дневна доза)</strong>\n\n<strong>Luprenol™</strong> сув екстракт од шишарки на хмељ (Humulus lupulus L.) 335,00 mg, од кои <strong>8-phenylnaringenin</strong> 100 μg (екстрактот е стандардизиран на 0,03% најпотентен фитоестроген).\n\n<strong>Дозирање - употреба</strong>\n\n1 капсула дневно со чаша вода",,,taxable,reduced-rate,1,1,,0,0,,,,,0,,,586,"Витамини и суплементи, Витамини и суплементи > Менопауза и пмс",,,https://lifeline.mk/wp-content/uploads/2021/11/INN-LUPRINN-CAPS.X30.jpg,,,,,,,,,0,"INNventa Pharm",0,108,109,,,,,,,,,,,,,,,,,,,,,,,,,,,,,,,,,,,,,,,
10538,simple,,"INN-MIOCYSTINN FERTILE KESIX20",1,0,visible,"<p class=""_2qrJF _2yxAN"" data-hook=""product-title"">MIOCYSTINN<b><span class=""nounderlines"">®</span></b> fertile</p>","Природно решение за лекување на синдромот на полицистични јајници\n<ul>\n 	<li>Ја намалува инсулинската резистенција</li>\n 	<li>Воспоставува хормонска рамнотежа</li>\n 	<li>Го регулира менструалниот циклус и овулацијата</li>\n 	<li>Го стимулира растот на фоликули и го подобрува квалитетот на ооцити</li>\n 	<li>Ја регулира неплодноста како последица на PCOS</li>\n 	<li>Ги намалува последиците од хиперандрогенизам</li>\n 	<li>Го регулира липидниот статус</li>\n 	<li>Без несакани ефекти</li>\n</ul>\n<strong>Активни состојки / 2 кесички (дневна доза)</strong>\n\n<strong>Мио-инозитол</strong> 1,1 g, <strong>Д-хиро-инозитол</strong> 0,3 g, <strong>Фолна киселина</strong> 1% на Д-манитол 48,00 mg, од кои <strong>фолна киселина</strong> 400μg.\n\n<strong>Дозирање - употреба</strong>\n\nДа се раствори содржината на 1 кесичка во чаша вода и да се испие, два пати дневно.",,,taxable,reduced-rate,1,1,,0,0,,,,,0,,,707,"Витамини и суплементи > Витамини за трудници и доилки, Витамини и суплементи",,,https://lifeline.mk/wp-content/uploads/2021/11/INN-MIOCYSTINN-FERTILE-KESIX20.jpg,,,,,,,,,0,"INNventa Pharm",0,115,116,,,,,,,,,,,,,,,,,,,,,,,,,,,,,,,,,,,,,,,
10539,simple,,"INN-NATTOKINN CAPS.X30",1,0,visible,"<p class=""_2qrJF _2yxAN"" data-hook=""product-title"">NATTOKINN<b><span class=""nounderlines"">®</span></b></p>\n","<p>Прв природен орален фибринолитик</p>\n<ul>\n<li>Прв природен орален фибринолитик</li>\n<li>Разградува крвни тромби и блокира слепување на тромбоцити</li>\n<li>Намалува степен на атеросклероза и крвен притисок</li>\n<li>Го штити нервниот систем</li>\n<li>Безбеден за употреба, без несакани ефекти</li>\n</ul>\n<p><strong>Активни состојки</strong></p>\n<p>Натокиназа NSK-SD® 2.000 FU/g 100 mg (екстракт од ферментирана соја),<br />\nФолна киселина (калциум-Л-метилфолат) 200 μg.</p>\n<p><strong>Дозирање - употреба</strong></p>\n<p>1-2 капсули дневно со 200 ml вода.</p>\n",,,taxable,reduced-rate,1,1,,0,0,,,,,0,,,1391,"Витамини и суплементи, Витамини и суплементи > Заштита на срце и крвни садови",,,https://lifeline.mk/wp-content/uploads/2021/11/INN-NATTOKINN-CAPS.X30.jpg,,,,,,,,,0,"INNventa Pharm",0,145,146,,,,,,,,,,,,,,,,,,,,,,,,,,,,,,,,,,,,,,,
10540,simple,,"INN-R-LIPOINN CAPS.30X150mg",1,0,visible,"<p class=""_2qrJF _2yxAN"" data-hook=""product-title"">R-LIPOINN<b><span class=""nounderlines"">®</span></b></p>\n","<p>R - алфа липоична киселина најсилен природен антиоксиданс</p>\n<ul>\n<li>Ги ублажува симптомите на дијабетична полиневропатија: намалува болка и непријатни сензации</li>\n<li>Нормализира микроциркулација - подобра исхрана на нервните клетки и подвижност на екстремитетите</li>\n<li>Подобрува реакција на ткивата на инсулин и поттикнува согорување на глукоза во клетките</li>\n<li>Одржува и регенерира други антиоксиданси во организмот, го забавува стареењето</li>\n<li>Докажано поголема биорасположивост во однос на рацематот, моќен антиоксиданс</li>\n<li>DR caps™ - иновативна целулозна ацидорезистентна капсула</li>\n</ul>\n<p><strong>Активни состојки / 1 гастрорезистентна капсула</strong></p>\n<p>Натриумова сол на R-алфа липоична киселина 187,50 mg, од кои<br />\nR-алфа липоична киселина 150 mg</p>\n<p><strong>Дозирање - употреба</strong></p>\n<p>Терапија на дијабетична полиневропатија: 2 капсули на ден со чаша вода, еден час пред или два часа после оброк.<br />\nАнтиоксидативна терапија: 1 капсула на ден со чаша вода, еден час пред или два часа после оброк.</p>\n",,,taxable,reduced-rate,1,1,,0,0,,,,,0,,,758,"Витамини и суплементи, Витамини и суплементи > Заштита на нервниот систем",,,https://lifeline.mk/wp-content/uploads/2021/11/INN-R-LIPOINN-CAPS.30X150mg.jpg,,,,,,,,,0,"INNventa Pharm",0,144,145,,,,,,,,,,,,,,,,,,,,,,,,,,,,,,,,,,,,,,,
10571,simple,,"INN-SERAPINN CAPS.30X60000IE",1,0,visible,"<p class=""_2qrJF _2yxAN"" data-hook=""product-title"">SERAPINN<b><span class=""nounderlines"">®</span></b> 60 000 SPU</p>","Уникатен ензим со силно протеолитичко дејство\n<ul>\n 	<li>Повеќекратни позитивни терапевтски дејства</li>\n 	<li>Ја ублажува болката</li>\n 	<li>Забрзува ресорпција на едем и хематом</li>\n 	<li>Докажано ефикасен протеолитички ефект</li>\n 	<li>Комфорна примена - 1 капсула еднаш на ден</li>\n 	<li>DR caps™ - иновативнa целулозна ацидорезистентна капсула</li>\n</ul>\n<strong>Активни состојки</strong>\n\nSerrapeptase 60.000 SPU (30 mg)\n\n<strong>Дозирање - употреба</strong>\n\n1-2 капсули дневно со околу 200 ml вода, 1 час пред или 2 часа после оброк.",,,taxable,reduced-rate,1,30,,0,0,,,,,0,,,1164,"Витамини и суплементи, Витамини и суплементи > Заштита на срце и крвни садови, Витамини и суплементи > Коски\, зглобови и мускули",,,https://lifeline.mk/wp-content/uploads/2021/11/INN-SERAPINN-CAPS.30X60000IE.jpg,,,,,,,,,0,"INNventa Pharm",0,201,202,,,,,,,,,,,,,,,,,,,,,,,,,,,,,,,,,,,,,,,
10572,simple,,"INN-SPERGININN Q10 TBL.X16",1,0,visible,"<p class=""_2qrJF _2yxAN"" data-hook=""product-title"">SPERGINN<b><span class=""nounderlines"">®</span></b> Q10</p>\n","<p>Моќна формулација за подобрување на машкото репродуктивно здравје</p>\n<ul>\n<li>Моќна формулација за јакнење на машкото репродуктивно здравје</li>\n<li>Докажано зголемува квалитет, број и подвижност на сперматозоидите</li>\n<li>Придонесува за плодност и одржување на нормално ниво на тестостерон во крвта</li>\n<li>Комплементарен на хормонската терапија</li>\n<li>Ефикасен при третман на еректилна дисфункција</li>\n<li>Заштита на клетките од оксидативен стрес</li>\n<li>Комфорно дозирање, еднаш дневно</li>\n</ul>\n<p><strong>Активни состојки</strong></p>\n<p><strong>1 таблета со модифицирано ослободување: L-аргинин</strong> 300 mg,<strong> L-карнитин</strong> 200 mg, <strong>L-орнитин</strong> 100 mg, <strong>L-цитрулин</strong> 100 mg, <strong>витамин Е</strong> (D-алфа-токоферилацетат) 30 mg, <strong>коензим Q10</strong> 60 mg, <strong>цинк</strong> (цинк-оксид) 3 mg, <strong>сув екстракт од семе од гуарана</strong> станд. на 8% кофеин 50 mg.</p>\n<p><strong>Дозирање - употреба</strong></p>\n<p>Се пие 1 таблета дневно со чаша вод</p>\n",,,taxable,reduced-rate,1,1,,0,0,,,,,0,,,1383,"Витамини и суплементи",,,https://lifeline.mk/wp-content/uploads/2021/11/INN-SPERGININN-Q10-TBL.X16.jpg,,,,,,,,,0,"INNventa Pharm",0,111,112,,,,,,,,,,,,,,,,,,,,,,,,,,,,,,,,,,,,,,,
10573,simple,,"BABE- STOP AKN PURIFYING CLEANSING GEL 200ML",1,0,visible,"<p>Гел за чистење на лице – 200ml</p>\n","<p>Состав:</p>\n<ul>\n<li>Цитобиол Iris (Iris екстракт, цинк сулфат, Витамин A) 2%</li>\n<li>Салицилна киселина 0.2%</li>\n<li>Цинк PCA 0.02%</li>\n</ul>\n<p>Кератолитичкото дејство спречува запушување на порите. Контролира зголемена продукција на себум и сјај. Помага во контрола на раст на бактерии. Пенаст гел кој ги отстранува нечистотиите од лицето. Не ја иритира кожата. pH 5. Совет: Нанесете го наутро и навечер на лицето и вратот со нежна масажа и исплакнете со вода. Избегнувајте контакт со очи. Дерматолошки тестирано.</p>\n",,,taxable,,1,1,,0,0,,,,,0,,,810,"Нега и заштита > Кожа, Нега и заштита > Кожа - масна и акни, Нега и заштита",,,https://lifeline.mk/wp-content/uploads/2021/11/limpiador_purificante_Producto.jpg,,,,,,,,,0,"Babe Laboratorios",0,139,140,,,,,,,,,,,,,,,,,,,,,,,,,,,,,,,,,,,,,,,
10574,simple,,"BABE- STOP AKN MATTIFYING MOISTURISER 50ML",1,0,visible,"<p>Хидратантен крем за лице со матирачко дејство – 50ml</p>\n","<p>Состав:</p>\n<ul>\n<li>Цитобиол Iris (Iris екстракт, цинк сулфат, Витамин A) 5%</li>\n<li>Ниацинамид 4%</li>\n<li>Матифирачка пудра 2%</li>\n<li>Витамин Е 0.25%</li>\n<li>Салицилна киселина 0.2%</li>\n<li>Цинк PCA 0.02%</li>\n</ul>\n<p>Специфичен хидратанс за масна и/или кожа склона кон акни. Нормализира прекумерна продукција на себум. Го контролира размножувањето на бактериите. Овозможува матирачки ефект без сјај како резултат на матираната пудра.</p>\n<p>Совет: Нанесете на лицето и вратот со нежна масажа до целосна апсорпција. Дерматолошки тестирано.</p>\n",,,taxable,,1,1,,1,0,,,,,0,,,1080,"Нега и заштита > Кожа, Нега и заштита > Кожа - масна и акни, Нега и заштита",,,https://lifeline.mk/wp-content/uploads/2021/11/hidratante_matificante_CAJA_Producto.jpg,,,,,,,,,0,"Babe Laboratorios",0,84,85,,,,,,,,,,,,,,,,,,,,,,,,,,,,,,,,,,,,,,,
10575,simple,,"BABE- STOP AKN KERATOLYTIC FLUID 30ML",1,0,visible,"<p>Кератолитички флуид – 30ml</p>\n","<p>Состав:</p>\n<ul>\n<li>Слободна гликолна киселина 7%</li>\n<li>Цитобиол Iris (Iris екстракт, цинк сулфат, Витамин A) 2.5%</li>\n<li>Бисаболол 0.2%</li>\n<li>Активна јојоба 0.12%</li>\n</ul>\n<p>Флуид-гел со 13% гликолна киселина (еквиваленто на 7% слободна гликолна киселина). Намалува неправилности и ја измазнува кожата. Регулира зголемена продукција на себум и има матифирачки ефект. pH 4.</p>\n<p>Совет: Нанесете навечер на чисто и суво лице, масирајте до целосна апсорпција. Користете го преку една вечер последователно 3 недели, а потоа 1 недела пауза. Да не се користи веднаш по агресивни медицински третмани. Избегнувајте го делот околу очите, околу мукозни мембрани или отворени рани. Дерматолошки тестирано.</p>\n",,,taxable,,1,1,,0,0,,,,,0,,,1230,"Нега и заштита > Кожа, Нега и заштита > Кожа - масна и акни, Нега и заштита",,,https://lifeline.mk/wp-content/uploads/2021/11/fluido_queratolitico_Producto.jpg,,,,,,,,,0,"Babe Laboratorios",0,98,99,,,,,,,,,,,,,,,,,,,,,,,,,,,,,,,,,,,,,,,
10576,simple,,"BABE- PEDIATRIC SUNSCREEN WET SKIN SPF50 200ML",1,0,visible,"<p>Спреј за заштита од сонце за деца (над 3 год.) со заштитен фактор SPF 50 – 200ml</p>\n","<p>Состав:</p>\n<ul>\n<li>Филтри за заштита од сонце SPF 50</li>\n<li>Витамин F 0.25%</li>\n<li>α-бисаболол 0.1%</li>\n</ul>\n<p>Висока заштита против UVA-UVB. Водоотпорен спреј за заштита од сонце. Лесно се нанесува со помош на 360° спреј систем. Веднаш се апсорбира и може да се употребува на сува и влажна кожа. Wet Skin технологија.</p>\n<p>Совет: Подеднакво нанесете 20 минути пред изложување на сонце, а потоа соодветно реаплицирајте во зависност од потребите.</p>\n<p>ВНИМАНИЕ: Да се користи кај деца над 3 години, избегнувајте контакт со очи, не изложувајте го продуктот на температура над 50°С, да не биде на дофат на деца.</p>\n",,,taxable,,1,1,,0,0,,,,,0,,,1585,"Бебешка програма > Бебешка козметика, Бебешка програма, Нега и заштита > Заштита од сонце, Нега и заштита > Кожа, Нега и заштита",,,https://lifeline.mk/wp-content/uploads/2021/11/Wet-skin-pediatrico.png_Producto.jpg,,,,,,,,,0,"Babe Laboratorios",0,95,96,,,,,,,,,,,,,,,,,,,,,,,,,,,,,,,,,,,,,,,
10577,simple,,"BABE- PEDIATRIC EXTRA MILD SHAMPOO 200ML",1,0,visible,"<p>Нежен и лесен шампон за бебиња и деца – 200ml</p>\n","<p>Состав:</p>\n<ul>\n<li>Пантенол 1%</li>\n<li>Регенератор за коса 1%</li>\n<li>Комплекс за нега на косата (Aloe, Mimosa и Calendula) 0.5%</li>\n</ul>\n<p>Наменет за секојдневна употреба за одржување на хигиената на косата. Косата станува мека, хидрирана и сјајна. pH 7.</p>\n<p>Совет: Нанесете на влажна коса, втријте и исплакнете темелно со вода. Дерматолошки тестирано. Офталмолошки тестирано - не ги иритира очите. Педијатриски тестирано.</p>\n",,,taxable,,1,1,,0,0,,,,,0,,,690,"Бебешка програма > Бебешка козметика, Бебешка програма",,,https://lifeline.mk/wp-content/uploads/2021/11/champu_extrasuave_PED_1_Producto.jpg,,,,,,,,,0,"Babe Laboratorios",0,218,219,,,,,,,,,,,,,,,,,,,,,,,,,,,,,,,,,,,,,,,
10578,simple,,"BABE- PEDIATRIC CRADLE CAP SHAMPOO 200ML",1,0,visible,"<p>Шампон против себореичен дерматит на скалпот за бебиња и деца &#8211; 200ml</p>\n","<p>Состав:</p>\n<ul>\n<li>Дериват на ундециленска киселина 4%</li>\n<li>Регенератор за коса 2.2%</li>\n<li>Невен 1%</li>\n<li>Салицилна киселина 0.5%</li>\n</ul>\n<p>Помага во контролирање на лупење на кожата на главата кај бебињата. pH 5. Делува врз факторите кои предизвикуваат појава на теменици. Се грижи и го негува скалпот и косата. Дерматолошки тестирано. Педијатриски тестирано.</p>\n<p>Начин на употреба: 2-3 пати неделно. Се нанесува на влажна коса/кожа на скалпот, нежно се масира скалпот и темелно се плакне со вода. Да се избегнува контакт со очи. Се перпорачува да се комбинира со BABE EXTRA MILD SHAMPOO.</p>\n",,,taxable,,1,1,,0,0,,,,,0,,,770,"Бебешка програма > Бебешка козметика, Бебешка програма",,,https://lifeline.mk/wp-content/uploads/2021/11/1561452847Costra_lactea_PED_ok_Producto.jpg,,,,,,,,,0,"Babe Laboratorios",0,84,85,,,,,,,,,,,,,,,,,,,,,,,,,,,,,,,,,,,,,,,
10579,simple,,"BABE- PEDIATRIC ATOPIC SKIN OIL SOAP 200ML",1,0,visible,"<p>Гел за туширање за бебиња и деца &#8211; 200ml</p>\n","<p>Состав:</p>\n<ul>\n<li>Масло од авокадо 10%</li>\n<li>Формула за репарација на кожата 2%</li>\n<li>Витамин F 1%</li>\n<li>Витамин Е 0.25%</li>\n<li>Содржи омега 3,6 и 9</li>\n</ul>\n<p>Наменет за сува и/или атопична кожа. Трослојно дејство: регенерирање на кожата, одбрана на кожната бариера и ослободување од чувство на иритација. Помага при атопичен дерматит прекинувајќи го циклусот на чешање-гребење.</p>\n<p>Совет: Нанесете на влажна кожа, темелно исплакнете со вода. Дерматолошки тестирано. Концентрирана формула без вода. Тестирано на атопична кожа. Педијатриски тестирано.</p>\n",,,taxable,,backorder,,,0,0,,,,,0,,,980,"Бебешка програма > Бебешка козметика, Бебешка програма",,,https://lifeline.mk/wp-content/uploads/2021/11/jabon_aceite_PED_Producto.jpg,,,,,,,,,0,"Babe Laboratorios",0,210,211,,,,,,,,,,,,,,,,,,,,,,,,,,,,,,,,,,,,,,,
10580,simple,,"BABE- PEDIATRIC ATOPIC SKIN EMOLLIENT CREAM 200ML",1,0,visible,"<p>Омекнувачки крем за тело за бебиња и деца &#8211; 200ml</p>\n","<p>Состав:</p>\n<ul>\n<li>Формула за репарација на кожата 4%</li>\n<li>Формула за заштита на кожата 4%</li>\n<li>Глицерин 3%</li>\n<li>Формула за смирување на кожата 2%</li>\n<li>Шеа путер 2%</li>\n<li>Масло од авокадо 2%</li>\n<li>Сквален 1%</li>\n<li>Витамин F 1%</li>\n<li>Витамин Е 0.25%</li>\n<li>Содржи омега 3,6 и 9</li>\n</ul>\n<p>Наменет за сува и/или атопична кожа; pH 6. Помага при ослободување од чувство на чешање, иритација и затегнатост. Го зајакнува одбрамбениот механизам на кожата. Го прекинува циклусот на чешање-гребење на атопичен дерматит.</p>\n<p>Совет: Подеднакво нанесете на кожата. Да се користи континуирано на дневно ниво. Дерматолошки тестирано. Тестирано на атопична кожа. Педијатриски тестирано.</p>\n",,,taxable,,backorder,,,0,0,,,,,0,,,1190,"Бебешка програма > Бебешка козметика, Бебешка програма",,,https://lifeline.mk/wp-content/uploads/2021/11/crema_emoliente_PED_Producto.jpg,,,,,,,,,0,"Babe Laboratorios",0,192,193,,,,,,,,,,,,,,,,,,,,,,,,,,,,,,,,,,,,,,,
10581,simple,,"BABE- HA+ MULTI REJUVENATING BOOSTER 50ML",1,0,visible,"<p>Ревитализирачки бустер за лице – 50ml</p>\n","<p>Состав:</p>\n<ul>\n<li>Хијалуронска киселина 5%</li>\n<li>Терпенон 3%</li>\n<li>DMAE (диметилетаноламин) 2.5%</li>\n<li>Centella Asiatica 2%</li>\n<li>Биолин пребиотик 2%</li>\n<li>Колагенски биостимулатор 2%</li>\n<li>Еластин 1.5%</li>\n<li>Комплекс за нега на кожата 1%</li>\n<li>Бакучол 1%</li>\n<li>Креатин 1%</li>\n<li>Церамиди 1%</li>\n<li>Витамин С 0.5%</li>\n<li>Витамин Е 0.25%</li>\n<li>Карнозин 0.2%</li>\n</ul>\n<p>Ја мазни и видливо подмладува кожата, воедно и ги намалува брчките и го изедначува тенот благодарение на активните компоненти со поттикнувачко дејство. Ја враќа цврстината и еластичноста на кожата. Го израмнува тонот и осветлува. Дерматолошки тестирано.</p>\n",,,taxable,,1,1,,0,0,,,,,0,,,2830,"Нега и заштита > Кожа, Нега и заштита",,,https://lifeline.mk/wp-content/uploads/2021/11/serum_HA_700_Producto.jpg,,,,,,,,,0,"Babe Laboratorios",0,92,93,,,,,,,,,,,,,,,,,,,,,,,,,,,,,,,,,,,,,,,
10582,simple,,"BABE- HA+ MULTI PROTECTOR CREAM SPF30 50ML",1,0,visible,"<p>Заштитен крем за лице со повеќенаменско дејство – 50ml</p>\n","<p>Состав:</p>\n<ul>\n<li>Centella Asiatica 3%</li>\n<li>DMAE (диметилетаноламин) 2.5%</li>\n<li>Биолин пребиотик 2%</li>\n<li>Пантенол 1.5%</li>\n<li>Комплекс за нега на кожата 1%</li>\n<li>Колаген 0.5%</li>\n<li>Алантоин 0.5%</li>\n<li>Витамин С 0.5%</li>\n<li>Витамин Е 0.5%</li>\n<li>Карнозин 0.2%</li>\n<li>Хијалуронска киселина 0.1%</li>\n</ul>\n<p>Повеќенаменски заштитен крем кој овозможува 24 часовна хидратација со лифтинг ефект, детокс ефект и ефект против загадување. Ја подмладува кожата преку намалување на брчките, зголемување на еластичноста и унифицирање на тенот. Збогатен со формула со пребиотичко дејство кој промовира баланс на микробиомот на кожата. Штити од изложување на (UVB, UVA, HEV и IR). Дерматолошки тестирано.</p>\n",,,taxable,,1,2,,0,0,,,,,0,,,1880,"Нега и заштита > Заштита од сонце, Нега и заштита > Кожа, Нега и заштита",,,https://lifeline.mk/wp-content/uploads/2021/11/Dia_Producto.jpg,,,,,,,,,0,"Babe Laboratorios",0,87,88,,,,,,,,,,,,,,,,,,,,,,,,,,,,,,,,,,,,,,,
10583,simple,,"BABE- HA+ EYES AND LIPS TENSOR MULTI CORRECTOR 15ML",1,0,visible,"<p>Коректор за лице – 15ml</p>\n","<p>Состав:</p>\n<ul>\n<li>Кофеин 3%</li>\n<li>Centella Asiatica 3%</li>\n<li>DMAE (диметилетаноламин) 2.5%</li>\n<li>Биолин пребиотик 2%</li>\n<li>Колагенски биостимулатор 2%</li>\n<li>Хијалуронска киселина 1%</li>\n<li>Комплекс за нега на кожата 1%</li>\n<li>Витамин С 1%</li>\n<li>Бакучол 1%</li>\n<li>Колаген 0.5%</li>\n<li>Енкапсулиран ретинол 0.25%</li>\n<li>Витамин Е 0.25%</li>\n</ul>\n<p>Спречува и корегира изразни линии (очи и усни). Пополнува брчки и ја зголемува хидратацијата. Ги корегира фините линии на изразување. Ја враќа цврстината и еластичноста на кожата.</p>\n<p>Совет: Нанесете на посакуваниот дел од лицето со нежно тапкање со прстите. Дерматолошки тестирано.</p>\n",,,taxable,,1,1,,0,0,,,,,0,,,1190,"Нега и заштита > Кожа, Нега и заштита",,,https://lifeline.mk/wp-content/uploads/2021/11/contorno_Producto.jpg,,,,,,,,,0,"Babe Laboratorios",0,78,79,,,,,,,,,,,,,,,,,,,,,,,,,,,,,,,,,,,,,,,
10584,simple,,"BABE- FACE SUNSCREEN SUPER FLUID SPF50 50ML",1,0,visible,"<p>Супер флуид за лице со заштитен фактор SPF 50 – 50ml</p>\n","<p>Состав:</p>\n<ul>\n<li>Филтри за заштита од сонце SPF 50</li>\n<li>Карнозин 0.2%ж</li>\n<li>Хијалуронска киселина 0.1%</li>\n</ul>\n<p>Широк спектар на заштита (UVA-UVB + IR-A + сина светлина) за секој тип на кожа, како и за осетлива кожа. Водоотпорен. Има хидрирачко дејство. Карнозинот кој е дел од составот штити од ДНК оштетување, има антиоксидативно дејство како и дејство против загадување.</p>\n<p>Совет: Нанесете подеднакво на лицето и вратот во количина соодветна за површината која ќе ја покриете. Дерматолошки тестирано.</p>\n",,,taxable,,1,2,,0,0,,,,,0,,,1270,"Нега и заштита > Заштита од сонце, Нега и заштита > Кожа, Нега и заштита",,,https://lifeline.mk/wp-content/uploads/2021/11/Superfluido-FPS50_Producto.jpg,,,,,,,,,0,"Babe Laboratorios",0,80,81,,,,,,,,,,,,,,,,,,,,,,,,,,,,,,,,,,,,,,,
10585,simple,,"BABE- FACE ESS SOOTHING MICELLAR GEL 245ML",1,0,visible,"<p>Мицеларен гел за лице– 245ml</p>\n","<p>Состав:</p>\n<ul>\n<li>Глицерин 2.5%</li>\n<li>Бетаин 1%</li>\n<li>Сладунец 0.25%</li>\n</ul>\n<p>Соодветен за комбинирана и/или чуствителна кожа. Мицеларно чистење на кожата. pH 5.5. Отстранува нечистотии и траги од шминка на лицето.</p>\n<p>Совет: Нанесете наутро и/или навечер, нежно масирајте го лицето и исплакнете со вода. Дерматолошки тестирано.</p>\n",,,taxable,,1,1,,0,0,,,,,0,,,890,"Нега и заштита > Кожа, Нега и заштита",,,https://lifeline.mk/wp-content/uploads/2021/11/gel_micelar_Producto.jpg,,,,,,,,,0,"Babe Laboratorios",0,95,96,,,,,,,,,,,,,,,,,,,,,,,,,,,,,,,,,,,,,,,
10586,simple,,"BABE- FACE ESS HYDRONOURSHING CREAM SPF20 50ML",1,0,visible,"<p>Хидратантна крема за лице со заштитен фактор SPF 20 – 50ml</p>\n","<p>Состав:</p>\n<ul>\n<li>Филтри за заштита од сонце SPF 20 (UVA-UVB)</li>\n<li>Глицерин 4%</li>\n<li>Пантенол 1.5%</li>\n<li>Масло од авокадо 1%</li>\n<li>Природен фактор за хидратација 1%</li>\n<li>Активна јојоба 0.6%</li>\n<li>Сквален 0.5%</li>\n<li>Алантоин 0.3%</li>\n<li>Витамин Е 0.25%</li>\n</ul>\n<p>Крема за лице со хидрирачки ефект, збогатена со активни хранливи компоненти кои овоможуваат мекост и еластичност на кожата. Филтерот за заштита од сонце штити од соларна радијација. Содржи хијалуронска киселина која го подобрува степенот на хидратација и помага во враќање на еластичноста. Се препорачува за кожа склона на сушење и/или сува кожа. 3 во 1: хидрира, храни и заштитува. Ја обновува загубата на хранливи материи и вода. Дерматолошки тестирано.</p>\n",,,taxable,,1,1,,0,0,,,,,0,,,1390,"Нега и заштита > Заштита од сонце, Нега и заштита > Кожа, Нега и заштита",,,https://lifeline.mk/wp-content/uploads/2021/11/hidronutritiva_Producto.jpg,,,,,,,,,0,"Babe Laboratorios",0,86,87,,,,,,,,,,,,,,,,,,,,,,,,,,,,,,,,,,,,,,,
10587,simple,,"BABE- FACE ESS HYDRO 24H REACTIVE SKIN 50ML",1,0,visible,"<p>Хидратантен 24ч крем за лице за чувствителна кожа – 50ml</p>\n","<p>Состав:</p>\n<ul>\n<li>Пептид за омекнување на кожата 5%</li>\n<li>Биокомплекс кој спречува црвенило (Ruscus, Centella Asiatica, Calendula, Escin и Liquorice) 3%</li>\n<li>Биолин Пребиотик 2%</li>\n<li>Ниацинамид 2%</li>\n<li>Природен фактор за хидратација 1%</li>\n<li>Активна јојоба 0.4%</li>\n<li>Витамин Е 0.25%</li>\n<li>Алантоин 0.2%</li>\n<li>Бисаболол 0.2%</li>\n</ul>\n<p>Се употребува за чувствителна и/или кожа склона кон црвенило. Со пребиотичко дејство кое го подобрува балансот на микробиотите на кожата. Збогатена со активни компоненти кои ја омекнуваат и смируваат кожата. Честичките со ефект на фузија на боја веднаш го неутрализираат црвенилото. Дерматолошки тестирано.</p>\n",,,taxable,,backorder,,,0,0,,,,,0,,,1690,"Нега и заштита > Кожа, Нега и заштита",,,https://lifeline.mk/wp-content/uploads/2021/11/Hidro24_pieles_reactivas_Producto.jpg,,,,,,,,,0,"Babe Laboratorios",0,84,85,,,,,,,,,,,,,,,,,,,,,,,,,,,,,,,,,,,,,,,
10588,simple,,"BABE- BODY OIL SOAP 500ML",1,0,visible,"<p>Гел за туширање &#8211; 500ml</p>\n","<p>Состав:</p>\n<ul>\n<li>Соино масло 40%</li>\n<li>Inca Inchi масло 1%</li>\n<li>Витамин F 0.5%</li>\n<li>Содржи омега 3,6, и 9</li>\n<li>Концентрирана формула без вода.</li>\n</ul>\n<p>Наменет за сува и/или атопична кожа. Нежен и лесен емолиент гел за тело. Содржи повеќе од 40% масла за негување на кожата со есенцијални масни киселини кои го обновуваат нивото на хидролипидниот слој на кожата. Овозможува моментално смирување на кожата.</p>\n<p>Совет: Нанесете го на влажна кожа, исплакнете темелно со вода. Дерматолошки тестирано. Концентрирана формула без вода.</p>\n",,,taxable,,1,1,,0,0,,,,,0,,,1450,"Нега и заштита > Купки и производи за туширање, Нега и заштита",,,https://lifeline.mk/wp-content/uploads/2021/11/jabon_aceite_Producto.jpg,,,,,,,,,0,"Babe Laboratorios",0,63,64,,,,,,,,,,,,,,,,,,,,,,,,,,,,,,,,,,,,,,,
10589,simple,,"BABE- BODY ALOE VERA 300ML",1,0,visible,"<p>Алое Вера – 300ml</p>\n","<p>Состав:</p>\n<ul>\n<li>Алое Вера</li>\n<li>Бетаин 1%</li>\n<li>Пантенол 0.5%</li>\n<li>Камилица 0.25%</li>\n</ul>\n<p>Немасен гел со смирувачки и хидрирачки компоненти. Ја освежува, хидрира и смирува иритираната кожа. pH 5.5. Се препорачува да се употребува по изложување на сонце или отстранување на влакна. Совет: Нанесете со нежно масирање до целосна апсорпција.</p>\n<p>Дерматолошки тестирано.</p>\n",,,taxable,,1,1,,0,0,,,,,0,,,1290,"Нега и заштита > Кожа, Нега и заштита",,,https://lifeline.mk/wp-content/uploads/2021/11/foto_aloe_new_300ml.jpg,,,,,,,,,0,"Babe Laboratorios",0,102,103,,,,,,,,,,,,,,,,,,,,,,,,,,,,,,,,,,,,,,,
10590,simple,,"BABE- BODY 10% UREA REPAIRING LOTION 500ML",1,0,visible,"<p>Регенерирачки лосион за тело со 10% уреа &#8211; 500ml</p>\n","<p>Состав:</p>\n<ul>\n<li>Уреа 10%</li>\n<li>Соино масло 3.5%</li>\n<li>Глицерин 3%</li>\n<li>Шеа путер 2%</li>\n<li>Витамин Е 0.25%</li>\n</ul>\n<p>Наменет за сува, многу сува, груба и/или атопична кожа. Ја хидрира кожата, го олеснува чешањето и затегнатоста на кожата. Дерматолошки тестирано.</p>\n<p>ВНИМАНИЕ: Да не се нанесува на атопични изгореници.</p>\n",,,taxable,,backorder,,,0,0,,,,,0,,,1380,"Нега и заштита > Кожа, Нега и заштита",,,https://lifeline.mk/wp-content/uploads/2021/11/urea_Producto.jpg,,,,,,,,,0,"Babe Laboratorios",0,108,109,,,,,,,,,,,,,,,,,,,,,,,,,,,,,,,,,,,,,,,
10591,simple,,"URIAGE BARIESUN CREM SPF50+",1,0,visible,,,,,taxable,,0,0,,0,0,,,,,0,,,"584,9496","Нега и заштита > Заштита од сонце, Нега и заштита > Кожа, Нега и заштита",,,https://lifeline.mk/wp-content/uploads/2021/11/URIAGE-BARIESUN-CREM-SPF50.jpg,,,,,,,,,0,"Bariesun,Uriage",0,82,83,,,,,,,,,,,,,,,,,,,,,,,,,,,,,,,,,,,,,,,
10592,simple,,"UR-189-BARIESUN 100 SPF50+",1,0,visible,,,,,taxable,,0,0,,0,0,,,,,0,,,"976,03464","Нега и заштита > Заштита од сонце, Нега и заштита > Кожа, Нега и заштита",,,https://lifeline.mk/wp-content/uploads/2021/11/UR-189-BARIESUN-100-SPF50.jpg,,,,,,,,,0,"Bariesun,Uriage",0,80,81,,,,,,,,,,,,,,,,,,,,,,,,,,,,,,,,,,,,,,,
10593,simple,,"VICHY  Mineral 89 Probiotic Fractions серум за регенрација на кожата 30ml",1,0,visible,,,,,taxable,,1,7,,notify,0,,,,,0,,,2260,"Нега и заштита > Кожа, Настинка и грип, Нега и заштита",,,https://lifeline.mk/wp-content/uploads/2021/11/vichy-mineral-probiotic.jpg,,,,,,,,,0,"Mineral 89,Vichy",0,260,261,,classic-editor,,,,,,,,,,,,,,,,,,,,,,,,,,,,0,,,,,,0,,,
10594,simple,,"VICHY Mineral 89 Daily Booster 50ML",1,0,visible,,,,,taxable,,1,4,,notify,0,,,,,0,,,1680,"Нега и заштита > Кожа, Нега и заштита",,,https://lifeline.mk/wp-content/uploads/2021/11/vichy-Daily-booster.jpg,,,,,,,,,0,"Mineral 89,Vichy",0,357,358,,classic-editor,,,,,,,,,,,,,,,,,,,,,,,,,,,,0,,,,,,0,,,
10595,simple,,"VICHY Mineral 89 Eyes за околу очи 15ml",1,0,visible,,,,,taxable,,1,1,,notify,0,,,,,0,,,1360,"Нега и заштита > Кожа, Нега и заштита",,,https://lifeline.mk/wp-content/uploads/2021/11/Vichy-Eyes.jpg,,,,,,,,,0,"Mineral 89,Vichy",0,174,175,,classic-editor,,,,,,,,,,,,,,,,,,,,,,,,,,,,0,,,,,,0,,,
10596,simple,,"REVALID ANTI DANDRUFF SHAMPOO 250ML",1,0,visible,,,,,taxable,,1,2,,0,0,,,,,0,,,830,"Нега и заштита > Коса, Нега и заштита",,,https://lifeline.mk/wp-content/uploads/2021/11/dandruff.jpg,,,,,,,,,0,Revalid,0,208,209,,,,,,,,,,,,,,,,,,,,,,,,,,,,,,,,,,,,,,,
10597,simple,,"Revalid shampon 250 ml",1,0,visible,,,,,taxable,,1,1,,0,0,,,,,0,,,710,"Нега и заштита > Коса, Нега и заштита",,,https://lifeline.mk/wp-content/uploads/2021/11/revitalizing.jpg,,,,,,,,,0,Revalid,0,164,165,,,,,,,,,,,,,,,,,,,,,,,,,,,,,,,,,,,,,,,
10598,simple,,"REVALID TONIK amp.20x6ml",1,0,visible,,,,,taxable,,1,2,,0,0,,,,,0,,,1750,"Нега и заштита > Коса, Нега и заштита",,,https://lifeline.mk/wp-content/uploads/2021/11/tonic.jpg,,,,,,,,,0,Revalid,0,126,127,,,,,,,,,,,,,,,,,,,,,,,,,,,,,,,,,,,,,,,
10599,simple,,"BIODERMA PIGMENTBIO 250ml",1,0,visible,,,,,taxable,,1,1,,0,0,,,,,0,,,720,"Нега и заштита > Кожа, Нега и заштита",,,https://lifeline.mk/wp-content/uploads/2021/11/web-frame12.jpg,,,,,,,,,0,"Bioderma,Micelarni",0,87,88,,,,,,,,,,,,,,,,,,,,,,,,,,,,,,,,,,,,,,,
10600,simple,,"BIODERMA SEBIUM mic.voda 100ml",1,0,visible,,,,,taxable,,1,,,0,0,,,,,0,,,510,"Нега и заштита > Кожа, Нега и заштита",,,https://lifeline.mk/wp-content/uploads/2021/11/web-frame14.jpg,,,,,,,,,0,"Bioderma,Micelarni",0,185,186,,,,,,,,,,,,,,,,,,,,,,,,,,,,258,,,,,,,,0,,60,
10626,simple,,"LIPIKAR LAIT LOTION 400ML",1,0,visible,,,,,taxable,,1,3,,0,0,,,,,0,,,1450,"Нега и заштита > Кожа, Нега и заштита",,,https://lifeline.mk/wp-content/uploads/2022/03/lait-lotion-400.jpg,,,,,,,,,0,"LaRoche-Posay,Lipikar",0,245,246,,classic-editor,121ebdf3-ad5e-43fb-97c5-c6c2420819b1,field_6081ae4f27756,765,765,0,0,enable,default,default,0,0,0,0,default,default,default,default,default,0,disable,enable,right,default,default,default,306,28,0,,,,,,0,,,
10627,simple,,"NODE K 150ML",1,0,visible,,,,,taxable,,0,,,0,0,,,,,0,,,800,"Нега и заштита > Коса, Нега и заштита",,,https://lifeline.mk/wp-content/uploads/2021/11/web-frame11.jpg,,,,,,,,,0,Bioderma,0,219,220,,,,,,,,,,,,,,,,,,,,,,,,,,,,,,,,,,,,,,,
10628,simple,,"EUC.63944 SUN ALERGY SPF 50+ krem-gel 150ml",1,0,visible,,,,,taxable,,1,1,,0,0,,,,,0,,,1400,"Нега и заштита > Заштита од сонце, Нега и заштита",,,https://lifeline.mk/wp-content/uploads/2021/11/EUCerin-SUN-SPF50-SENSITIVE-PROTECT.jpg,,,,,,,,,0,Eucerin,0,274,275,,,,,,,,,,,,,,,,,,,,,,,,,,,,,,,,,,,,,,,
10629,simple,,"SIXTH SENSE HIJALURONSKI SERUM BEAUTY BOOSTER",1,0,visible,"<p><strong>Бар код – 5319991814134</strong></p>\n<p>Количина: 30 мл</p>\n<p>Рок на употреба:18 месеци од датата на производство втисната на амбалажата</p>\n<p><strong>Серумот не содржи парабени, бои, сулфати, фталати, силикони, парфеми, парафини, глутени .</strong></p>\n","<p>Хијалуронскиот серум BEAUTY BOOSTER претставува моќна формула која гарантира длабинска хидратација и лифтинг ефект со измазнување на фините линии и брчките.</p>\n<p>Овој лесен и негувачки серум ја зголемува влажноста на кожата и воедно претставува активен третман за зголемување на тонусот и цврстината на кожата.  Кожата ќе се чувствува мека, еластична, освежена и хидрирана.</p>\n<p>Серумот <em>Beauty Booster</em> содржи активни состојки како што се хијалуронска киселина, ретинол, витамин Б5, витамин Е, алое вера, зелен чај, уреа и алантоин кои ја обновуваат заштитната бариера на кожата и поттикнуваат нејзина регенерација.</p>\n<p>Интензивно хидрира, превенира стареење и го изедначува тонот на лицето. Лесната и освежувачка текстура ја обезбедува хидратацијата која и е потребна на кожата за прекрасен и здрав изглед.</p>\n<p>Погоден е за сите типови на кожа, овозможува лесна апсорбција и служи како booster против знаците на стареење.</p>\n",,,taxable,,1,3,,0,0,,,,,0,,,500,"Нега и заштита > Кожа, Нега и заштита",,,https://lifeline.mk/wp-content/uploads/2022/03/SIXTH-SENSE-HIJALURONSKI-SERUM-BEAUTY-BOOSTER.jpg,,,,,,,,,0,"Sixth Sense",0,181,182,,classic-editor,43234d85-b398-47e8-9a81-583f3fc1c8c8,field_6081ae4f27756,254.238,254.238,0,0,enable,default,default,0,0,0,0,default,default,default,default,default,0,disable,enable,right,default,default,default,396,28,1,,,,,,,,60,
10630,simple,,"EUC.SUN SPF50+ SENSITIVE PROTECT",1,0,visible,,,,,taxable,,0,0,,0,0,,,,,0,,,"1025,2041072","Нега и заштита > Заштита од сонце, Нега и заштита",,,https://lifeline.mk/wp-content/uploads/2021/11/EUCerin-SUN-SPF50-SENSITIVE-PROTECT-1.jpg,,,,,,,,,0,Eucerin,0,90,91,,,,,,,,,,,,,,,,,,,,,,,,,,,,,,,,,,,,,,,
10631,simple,,"SIXTH SENSE KREMA PROTIV STAREENJE 40ML",1,0,visible,"<p><strong>Баркод</strong> <strong> &#8211; </strong><strong>5319991814059</strong></p>\n<p>Количина: 40 мл</p>\n<p>Рок на употреба: 12 месеци од датата на производство втисната на амбалажата</p>\n<p><strong>Кремата не содржи парабени, бои, сулфати, фталати, силикони, парфеми, парафини, глутени .</strong></p>\n","<p>Кремата против стареење и брчки содржи Ретинол кој може да помогне во зголемување на влажноста на кожата, а во исто време го ревитализира надворешниот слој на кожата, за да изгледа и се чувствува помека и помазна. Природната и хранлива формула е подготвена да и помогне и да ја заштити кожата, како и да ги намали брчките. Оваа крема помага во борбата против знаците на стареење на кожата со видливо намалување на појавата на брчките и помага да се зголеми цврстината на кожата.</p>\n<p>Природниот ,, еликсир на младоста""е создаден од комбинација на внимателно одбрани активни компоненти кои овозможуваат хидратација, регенерација и спречување на појавување на брчки: ретинол, сончогледово масло, јојоба, маслиново масло, соја масло, витамин Ц, витамин Е и Д- пантенол.</p>\n",,,taxable,,1,,,0,0,,,,,0,,,670,"Нега и заштита > Кожа, Нега и заштита",,,https://lifeline.mk/wp-content/uploads/2022/03/SIXTH-SENSE-KREMA-PROTIV-STAREENJE-40ML.jpg,,,,,,,,,0,"Sixth Sense",0,197,198,,classic-editor,43535c9d-949a-49d8-b11d-b4864ea3e73e,field_6081ae4f27756,340.68,340.68,0,0,enable,default,default,0,0,0,0,default,default,default,default,default,0,disable,enable,right,default,default,default,396,89,1,,,,,,,,60,
10632,simple,,"EUC.83524 HYALURON FILLER SERUM 30ml",1,0,visible,,,,,taxable,,1,1,,0,0,,,,,0,,,1080,"Нега и заштита > Кожа, Нега и заштита",,,https://lifeline.mk/wp-content/uploads/2021/11/83524.jpg,,,,,,,,,0,Eucerin,0,81,82,,,,,,,,,,,,,,,,,,,,,,,,,,,,,,,,,,,,,,,
10633,simple,,"SIXTH SENSE KREMA ZA KOMBINIRANA KOZA 40ML",1,0,visible,"<p><strong>Бар код – 5319991814059</strong></p>\n<p>Количина: 40 мл</p>\n<p>Рок на употреба: 36 месеци од датата на производство втисната на амбалажата</p>\n<p><strong>Кремата не содржи парабени, бои, сулфати, фталати, силикони, парфеми, парафини, глутени</strong><strong> .</strong></p>\n","<p>Дневата крема за комбинирана кожа е специјално направена со природни состојки кои се од витално значење за здравата кожа, како што се сончогледово масло, масло од невен, јојоба, масло од семки од грозје, витамин Е, quillaja saponaria extract и aлое вера.Оваа уникатна комбинација на природни состојки брзо делува на неколку начини да се спротивстави на формирањето на акни, таа може да ги разгради наслагите на себум и да помогне да се отстрани блокадата во порите. Кремата дејствува анти-воспалително и ја смирува воспалената кожа. Дневната крема за комбинирана кожа ја зголемува влажноста и мазноста на кожата, значително го намалува себумот на кожата и е направена да го минимизира ризикот од алергиска реакција.</p>\n",,,taxable,,1,1,,0,0,,,,,0,,,670,"Нега и заштита > Кожа, Нега и заштита",,,https://lifeline.mk/wp-content/uploads/2022/03/SIXTH-SENSE-KREMA-ZA-KOMBINIRANA-KOZA-40ML.jpg,,,,,,,,,0,"Sixth Sense",0,268,269,,classic-editor,a26ee758-cdda-48af-a661-46b7298680e8,field_6081ae4f27756,340.68,340.68,0,0,enable,default,default,0,0,0,0,default,default,default,default,default,0,disable,enable,right,default,default,default,396,28,1,,,,,,,,60,
10634,simple,,"EUC.83505 ANTI-PIGMENT DN.KR.SPF30 50ml",1,0,visible,,,,,taxable,,1,1,,0,0,,,,,0,,,1450,"Нега и заштита > Кожа, Нега и заштита",,,https://lifeline.mk/wp-content/uploads/2021/11/83505.jpg,,,,,,,,,0,Eucerin,0,123,124,,,,,,,,,,,,,,,,,,,,,,,,,,,,,,,,,,,,,,,
10635,simple,,"INN- IMUNITINN MR X10",1,0,visible,"<strong>Состав</strong>\n<ol>\n 	<li>Сув екстракт од лист од зелен чај (<em>Camellia sinesis (L.) Kuntze</em>) стандардизиран на 95% полифеноли и 45% епигалокатехин галат (EGCG) 444,5 mg од кои EGCG 200 mg</li>\n 	<li><em>Lactobacillus rhamnosus CRL 1505</em> 25 mg (1x109 CFU)</li>\n 	<li>Витамин Д3 (холекалциферол) 50 μg (2000 IU)</li>\n</ol>\n<strong>Зошто IMUNITINN® MR?</strong>\n<ul>\n 	<li>Превенција на вирусни инфекции на респираторен тракт</li>\n 	<li>Ублажување и лекување на симптомите на грип</li>\n 	<li>Стимулација на имуниот систем</li>\n 	<li>Превенција на бактериска суперинфекција кај вирусни инфекции</li>\n 	<li>Помошна терапија во лекување на вирусни, бактериски и габични инфекции</li>\n 	<li>Заштита на клетките од оксидативен стрес</li>\n 	<li>Комфорна терапија, примена еднаш на ден</li>\n</ul>\n<strong>Дозирање - употреба</strong>\n\nСе пие 1 таблета дневно со чаша вода","10 таблети со модифицирано ослободување",,,taxable,reduced-rate,1,1,,0,0,,,,,0,,,540,"Витамини и суплементи, Витамини и суплементи > Имунитет",,,https://lifeline.mk/wp-content/uploads/2021/11/immunitin.jpg,,,,,,,,,0,"INNventa Pharm",0,322,323,,,,,,,,,,,,,,,,,,,,,,,,,,,,,,,,,,,,,,,
10636,simple,,"SIXTH SENSE KREMA ZA MASNA KOZA",1,0,visible,"<p><strong>Бар код – </strong><strong>5319991814066</strong></p>\n<p>Количина: 40 мл</p>\n<p>Рок на употреба: 36 месеци од датата на производство втисната на амбалажата</p>\n<p><strong>Кремата не содржи парабени, бои, сулфати, фталати, силикони, парфеми, парафини, глутени .</strong></p>\n","<p>Дневата крема за мaсна кожа е специјално направена со природни состојки кои се од витално значење за здравата кожа, како што се рицинусово масло, сончогледово масло, масло од семки од грозје, јојоба, витамин Е, Алое вера. Оваа уникатна комбинација на природни состојки брзо делува на неколку начини да се спротивстави на формирањето на акни, таа може да ги разгради наслагите на себум и да помогне се отстрани блокадата во порите. Кремата дејствува анти-воспалително и ја смирува воспалената кожа. Дневната крема за масна кожа ја зголемува влажноста и мазноста на кожата, значително го намалува себумот на кожата и во целост интензитетот на акните. Кремата е направена да го минимизира ризикот од алергиска реакција и има антибактериско дејство.</p>\n",,,taxable,,1,2,,0,0,,,,,0,,,670,"Нега и заштита > Кожа, Нега и заштита",,,https://lifeline.mk/wp-content/uploads/2022/03/SIXTH-SENSE-KREMA-ZA-MASNA-KOZA.jpg,,,,,,,,,0,"Sixth Sense",0,424,425,,classic-editor,f7b9404a-5d29-4767-8b69-9a3f3f3ab355,field_6081ae4f27756,340.68,340.68,0,0,enable,default,default,0,0,0,0,default,default,default,default,default,0,disable,enable,right,default,default,default,396,28,1,,,,,,,,60,
10637,simple,,"LA ROCHE HYDRAPHASE Light",1,0,visible,,,,,none,,1,1,,1,1,,,,,0,,,2000,"Нега и заштита > Кожа, Нега и заштита",,,https://lifeline.mk/wp-content/uploads/2021/11/riche.jpg,,,,,,,,,0,"Hydraphase,LaRoche-Posay",0,122,123,,classic-editor,,,,,,,,,,,,,,,,,,,,,,,,,,,,0,,,,,,0,,,
10638,simple,,"SIXTH SENSE KREMA ZA SUVA I NORMALNA KOZA 40ML",1,0,visible,"<p><strong>Бар код – </strong><strong>5319991007031</strong></p>\n<p>Количина: 40 мл</p>\n<p>Рок на употреба:12 месеци од датата на производство втисната на амбалажата.</p>\n<p><strong>Кремата не содржи парабени, бои, сулфати, фталати, силикони, парфеми, парафини, глутени .</strong></p>\n","<p>Дневената крема за нормална и сува кожа е збогатена со природни состојки кои се од витално значење за здравата кожа, како што се бадемово масло, маслиново масло, невеново масло, сончогледово масло, алантоин, витамини и 5% уреа за измазнување на сувите делови. Оваа уникатна комбинација од природни состојки брзо ги враќа природните нивоа на влажност на кожата и дава помазна и посјајна кожа. Дневната крема за нормална и сува кожа ја храни кожата и дава свилена мекост, совршена влажност и го намалува ризикот од алергиски реакции</p>\n",,,taxable,,0,0,,0,0,,,,,0,,,670,"Нега и заштита > Кожа, Нега и заштита",,,https://lifeline.mk/wp-content/uploads/2022/03/SIXTH-SENSE-KREMA-ZA-SUVA-I-NORMALNA-KOZA-40ML.jpg,,,,,,,,,0,"Sixth Sense",0,215,216,,classic-editor,6688e456-15c1-4727-8df6-eab97fd7cb3b,field_6081ae4f27756,340.68,340.68,0,0,enable,default,default,0,0,0,0,default,default,default,default,default,0,disable,enable,right,default,default,default,396,28,1,,,,,,,,60,
10639,simple,,"WELEDA maslo za masaza na gradi pri laktacija 50ml",1,0,visible,,,,,none,,1,1,,0,1,,,,,0,,,880,"Нега и заштита > Кожа, Нега и заштита",,,https://lifeline.mk/wp-content/uploads/2021/11/breast.jpg,,,,,,,,,0,Weleda,0,120,121,,,,,,,,,,,,,,,,,,,,,,,,,,,,,,,,,,,,,,,
10640,simple,,"SIXTH SENSE KREM ZA IZBELUVANJE",1,0,visible,"<p><strong>Бар код – </strong><strong>5319991814103</strong></p>\n<p>Количина: 40 мл</p>\n<p>Рок на употреба: 36месеци од датата на производство втисната на амбалажата</p>\n<p><strong>Кремата не содржи парабени, бои, сулфати, фталати, силикони, парфеми, парафини, глутени .</strong></p>\n","<p>Ноќната крема за избелување е составена од специјално подготвена формула со природни состојки кои се од витално значење за здрава кожа, како што се сончогледово масло, масло од семки од грозје, јојоба, витамин Е, aлое вера и хидрокинон. Оваа уникатна комбинација на природни состојки придонесува во неколку начини - за осветлување и избелување на кожата. Кремата за избелување е подготвена со цел природно да се осветли кожата, оставајќи ја вашата кожа со свеж изглед. Ова крема за избелување е дизајнирана да и помогне на кожата да ги елиминира кафените дамки. Кремата за белеење не само што ја намалува пигментацијата на кожата, но, исто така, ја хидрира, штити и негува кожата.</p>\n",,,taxable,,1,2,,0,0,,,,,0,,,760,"Нега и заштита > Кожа, Нега и заштита",,,https://lifeline.mk/wp-content/uploads/2022/03/SIXTH-SENSE-KREM-ZA-IZBELUVANJE.jpg,,,,,,,,,0,"Sixth Sense",0,466,467,,classic-editor,dc61da78-1d17-48ce-b931-007efee0d0c4,field_6081ae4f27756,515.256,515.256,0,0,enable,default,default,0,0,0,0,default,default,default,default,default,0,disable,enable,right,default,default,default,396,28,1,,,,,,,,90,
10642,simple,,"SIXTH SENSE MASLO ZA KUTIKULI",1,0,visible,,,,,taxable,,0,0,,0,0,,,,,0,,,200,"Нега и заштита > Кожа, Нега и заштита",,,https://lifeline.mk/wp-content/uploads/2022/03/SIXTH-SENSE-MASLO-ZA-KUTIKULI.jpg,,,,,,,,,0,"Sixth Sense",0,183,184,,classic-editor,38f777f0-cb32-4cdc-b254-0d4e91e7e8a7,field_6081ae4f27756,132.2035,132.2035,0,0,enable,default,default,0,0,0,0,default,default,default,default,default,0,disable,enable,right,default,default,default,396,28,,,,,,,,,60,
10643,simple,,"VICHY Dermablend 3D корективна пудра за масна кожа и кожа склона кон акни,  № 35",1,0,visible,,,,,none,,1,1,,0,1,,,,,0,,,1815,"Нега и заштита > Кожа, Нега и заштита",,,https://lifeline.mk/wp-content/uploads/2021/11/35.jpg,,,,,,,,,0,Vichy,0,350,351,,classic-editor,,,,,,,,,,,,,,,,,,,,,,,,,,,,0,,,,,,0,,,
10644,simple,,"SIXTH SENSE MICELARNA VODA 250ml",1,0,visible,"<p><strong>Бар код – </strong><strong>5319991814059</strong></p>\n<p>Количина: 250 мл</p>\n<p>Рок на употреба:12 месеци од датата на производство втисната на амбалажата</p>\n<p><strong>Мицеларната вода не содржи парабени, бои, сулфати, фталати, силикони, парфеми, парафини, глутени.</strong></p>\n","<p>Crystal Clear Skin на SIXTH SENSE природната ферментирана мицеларна вода 3 во 1 ефикасно ја чисти и освежува кожата, веднаш ги отстранува шминката, нечистотијата и вишокот на себум,без да ги шири низ лицето. Освежувачката формула е изработена од активни состојки како што се пробиотик, рузмарин, камилица, невен, зелен чај и Д - пантенол. Зајакната со пробиотици за зачувување на влажноста и подмладување на кожата, оваа хранлива формула ја прави кожата чиста и освежена. Пробиотиците имаат ефикасно антифламаторно делување, што помага во смирување на црвенилото, иритацијата и разните состојби на кожата, како акни, розацеа и сувакожа. Освен што ја навлажнува, негува и заштитува кожата, ја чини мека и свиленкаста. Го  забавува процесот на стареење и гоподобрува тенот, го стимулира создавањето на нови клетки во површинските слоеви на кожата и има антисептичко, антивоспалително и антибактериско дејство.</p>\n",,,taxable,,1,1,,0,0,,,,,0,,,250,"Нега и заштита > Кожа, Нега и заштита",,,https://lifeline.mk/wp-content/uploads/2022/03/SIXTH-SENSE-MICELARNA-VODA-250ml.jpg,,,,,,,,,0,"Sixth Sense",0,196,197,,classic-editor,8b3626d0-d443-4c0e-aa80-6ae259b3c665,field_6081ae4f27756,137.709,137.709,0,0,enable,default,default,0,0,0,0,default,default,default,default,default,0,disable,enable,right,default,default,default,396,28,1,,,,,,,,60,
10645,simple,,"VICHY Liftactive Collagen Specialist ноќна крема за сите типови кожа",1,0,visible,,,,,none,,0,,,0,1,,,,,0,,,3195,"Нега и заштита > Кожа, Нега и заштита",,,https://lifeline.mk/wp-content/uploads/2021/11/collagen-1.jpg,,,,,,,,,0,Vichy,0,164,165,,classic-editor,,,,,,,,,,,,,,,,,,,,,,,,,,308,,0,,,,,,0,,,
10646,simple,,"SIXTH SENSE PURE ORGANIK ELIKSIR",1,0,visible,"<p><strong>Бар код – 53199918141</strong><strong>41</strong></p>\n<p>Количина: 30 мл</p>\n<p>Рок на употреба: 24 месеци од датата на производство втисната на амбалажата.</p>\n<p><strong>Серумот не содржи парабени, бои, сулфати, фталати, силикони, парфеми, парафини, глутени .</strong></p>\n","<p>Органскиот еликсир претставува уникатна комбинација од 7 скапоцени масла и моќен коктел од витамини.</p>\n<p>Овој луксузен и моќен серум интензивно ја ревитализира кожата, го одржува тонусот и ја хидрира, правејќи ја нежна, сјајна и еластична.  Оваа природна и хранлива формула го спречува предвремето стареење на кожата и штетното влијание на слободните радикали.</p>\n<p>100% органскиот еликсир на младоста е создаден од внимателно избрани ладно цедени масла и витамини како што се: масло од марула,масло од шипка,масло од калинка, масло од макадамија, јојоба, масло од семки од грозје, масло од авокадо, витамин Е и витамин Б5.</p>\n<p>Моќниот обновувачки серум е богат со есенцијални минерали, масни киселини, витамини и антиоксиданти, ја потхранува и смирува кожата и ја подобрува нејзината влажност.  Обезбедува долготрајна хидратација и подмладува. Маслото ја потхранува и освежува кожата, правејќи ја сјајна, свиленкаста и хидрирана.</p>\n",,,taxable,,1,2,,0,0,,,,,0,,,1050,"Нега и заштита > Кожа, Нега и заштита",,,https://lifeline.mk/wp-content/uploads/2022/03/SIXTH-SENSE-PURE-ORGANIK-ELIKSIR.jpg,,,,,,,,,0,"Sixth Sense",0,209,210,,classic-editor,e2a1cdba-0970-4440-be8c-4be0c290ab94,field_6081ae4f27756,711.184,711.184,0,0,enable,default,default,0,0,0,0,default,default,default,default,default,0,disable,enable,right,default,default,default,396,28,1,,,,,,,,60,
10648,simple,,"SIXTH SENSE SERUM ZA DLABINSKA HIDRATACIJA",1,0,visible,"<p><strong>Бар код – </strong><strong>5319991007031</strong></p>\n<p>Количина: 30 мл</p>\n<p>Рок на употреба:12 месеци од датата на производство втисната на амбалажата</p>\n<p><strong>Серумот не содржи парабени, бои, сулфати, фталати, силикони, парфеми, парафини, глутени .</strong></p>\n","<p>Crystal Clear Skin на SIXTH SENSE природниот серум 3 во 1 збогатен со напреден пробиотик, ја дополнува на Вашата кожа природната микробиолошка разновидност и помага да се создаде идеален микробиом за да се забави процесот на стареење. Серумот Crystal clear skin е мултифункционален серум за лице формулиран за да ги намали првите знаци на стареење и дава избалансиран тен . Кожата ќе се чувствува мека, освежена и хидрирана. Направен од природни состојки, овој серум содржи пробиотик, рузмарин, камилица, невен, зелен чај и витамини Ц, Д и Е за да даде совршен, и здрав изглед на кожата. Пробиотиците имаат ефикасно антифламаторно делување, што помага во смирување на црвенилото, иритацијата и разните состојби на кожата, како акни, розацеа и сува кожа. Овој серум дава третман на кожата кој обезбедува оптимална хидратација и природен сјај.</p>\n",,,taxable,,1,,,0,0,,,,,0,,,500,"Нега и заштита > Кожа, Нега и заштита",,,https://lifeline.mk/wp-content/uploads/2022/03/SIXTH-SENSE-SERUM-ZA-DLABINSKA-HIDRATACIJA.jpg,,,,,,,,,0,"Sixth Sense",0,202,203,,classic-editor,5a116068-7b8f-43e2-859f-30dee3546b1b,field_6081ae4f27756,254.238,254.238,0,0,enable,default,default,0,0,0,0,default,default,default,default,default,0,disable,enable,right,default,default,default,396,28,1,,,,,,,,60,
10679,simple,,"CICAPLAST B5 SPREY",1,0,visible,,,,,taxable,,0,,,0,0,,,,,0,,,1280,"Нега и заштита > Кожа, Нега и заштита",,,https://lifeline.mk/wp-content/uploads/2021/11/CICAPLAST-B5-SPREY.jpg,,,,,,,,,0,LaRoche-Posay,0,184,185,,classic-editor,,,,,,,,,,,,,,,,,,,,,,,,,,272,,0,,,,,,0,,,
10680,simple,,"EFFACLAR DUO SET EFF. GEL+ SEROZINC+ EFF.DUO CR",1,0,visible,,,,,taxable,,0,0,,0,0,,,,,0,,,1100,"Нега и заштита > Кожа, Нега и заштита",,,https://lifeline.mk/wp-content/uploads/2021/11/EFFACLAR-DUO-SET-EFF.-GEL-SEROZINC-EFF.DUO-CR.jpg,,,,,,,,,0,LaRoche-Posay,0,491,492,,,,,,,,,,,,,,,,,,,,,,,,,,,,,,,,,,,,,,,
10681,simple,,"SEBIUM SET GLOBAL/SEBIUM GEL MOUSSANT-penest gel",1,0,visible,,,,,taxable,,1,3,,0,0,,,,,0,,,"1192,272","Нега и заштита > Кожа, Нега и заштита > Кожа - масна и акни, Нега и заштита",,,https://lifeline.mk/wp-content/uploads/2022/03/bioderma-set.jpg,,,,,,,,,0,Bioderma,0,119,120,,classic-editor,b85ca343-6465-4532-8f77-9ba799cc7170,field_6081ae4f27756,842,842,0,0,enable,default,default,0,0,0,0,default,default,default,default,default,0,disable,enable,right,default,default,default,258,63,,,,,,,0,,60,
10683,simple,,"AKC UR-214-XEMOSE +MASLO 200ML",1,0,visible,,,,,taxable,,0,,,0,0,,,,,0,,,1200,"Нега и заштита > Кожа, Нега и заштита > Кожа - масна и акни, Нега и заштита",,,https://lifeline.mk/wp-content/uploads/2022/03/uriage-set.jpg,,,,,,,,,0,Uriage,0,385,386,,classic-editor,2805c2c1-664d-452b-88b9-3e2577b6a477,field_6081ae4f27756,758.4,758.4,0,0,enable,default,default,0,0,0,0,default,default,default,default,default,0,disable,enable,right,default,default,default,305,63,,,,,,,,,60,
10684,simple,,"SYN-OSTEOFIT FORTE CAPS X60",1,0,visible,,,,,taxable,reduced-rate,1,1,,0,0,,,,,0,,,670,"Витамини и суплементи, Витамини и суплементи > Коски\, зглобови и мускули",,,https://lifeline.mk/wp-content/uploads/2021/11/SYN-OSTEOFIT-FORTE-CAPS-X60.jpg,,,,,,,,,0,Synergy,0,259,260,,,,,,,,,,,,,,,,,,,,,,,,,,,,,,,,,,,,,,,
10685,simple,,"SYN-SYNFOLINE CAPS X60",1,0,visible,,,,,taxable,reduced-rate,1,1,,0,0,,,,,0,,,480,"Витамини и суплементи > Витамини за трудници и доилки, Витамини и суплементи",,,https://lifeline.mk/wp-content/uploads/2021/11/SYN-SYNFOLINE-CAPS-X60.jpg,,,,,,,,,0,Synergy,0,336,337,,,,,,,,,,,,,,,,,,,,,,,,,,,,,,,,,,,,,,,
10686,simple,,"SYNERGY OMEGA 3-6-9 gel cps. x 60",1,0,visible,,,,,taxable,reduced-rate,1,1,,0,0,,,,,0,,,520,"Витамини и суплементи > Заштита на срце и крвни садови",,,https://lifeline.mk/wp-content/uploads/2021/11/SYNERGY-OMEGA-3-6-9-gel-cps.-x-60.jpg,,,,,,,,,0,Synergy,0,88,89,,,,,,,,,,,,,,,,,,,,,,,,,,,,,,,,,,,,,,,
10687,simple,,"VICHY Neovadiol Post-Menopause ноќна крема за сите типови кожа MB421200",1,0,visible,,,,,taxable,,0,,,0,0,,,,,0,,,2750,"Нега и заштита > Кожа, Нега и заштита",,,https://lifeline.mk/wp-content/uploads/2022/03/postmenopause-night.jpg,,,,,,,,,0,Vichy,0,289,290,,classic-editor,0a84ca08-cd26-4061-8773-bf0239905a84,field_6081ae4f27756,1700,1700,0,0,enable,default,default,0,0,0,0,default,default,default,default,default,0,disable,enable,right,default,default,default,308,28,0,,,,,,0,,,
10688,simple,,"4U VIRANTO FORTE ADULTS CPSX20",1,0,visible,,,,,taxable,reduced-rate,1,1,,0,0,,,,,0,,,230,"Витамини и суплементи, Витамини и суплементи > Имунитет",,,https://lifeline.mk/wp-content/uploads/2021/11/4U-VIRANTO-FORTE-ADULTS.png,,,,,,,,,0,"4U Pharma",0,285,286,,,,,,,,,,,,,,,,,,,,,,,,,,,,,,,,,,,,,,,
10689,simple,,"ALVOGEN ORS JAGODA",1,0,visible,,,,,taxable,reduced-rate,1,1,,0,0,,,,,0,,,300,"Витамини и суплементи, Витамини и суплементи > Дигестивен тракт и пробиотици",,,https://lifeline.mk/wp-content/uploads/2021/11/ALVOGEN-ORS-JAGODA-.png,,,,,,,,,0,Alvogen,0,395,397,,,,,,,,,,,,,,,,,,,,,,,,,,,,,,,,,,,,,,,
10690,simple,,"VICHY Neovadiol Post-Menopause дневна крема за сите типови кожа MB421400",1,0,visible,,,,,taxable,,1,1,,0,0,,,,,0,,,2635,"Нега и заштита > Кожа, Нега и заштита",,,https://lifeline.mk/wp-content/uploads/2022/03/postmenopause-day.jpg,,,,,,,,,0,Vichy,0,244,245,,classic-editor,88977c4d-a754-4ffe-ad62-b4574adcc269,field_6081ae4f27756,1700,1700,0,0,enable,default,default,0,0,0,0,default,default,default,default,default,0,disable,enable,right,default,default,default,308,28,0,,,,,,0,,,
10691,simple,,"BECUTAN KIDS VIT.B-COMPLEX sirup 100ml",1,0,visible,,,,,taxable,,1,1,,0,0,,,,,0,,,220,"Витамини и суплементи, Витамини и суплементи > Заштита на нервниот систем",,,https://lifeline.mk/wp-content/uploads/2021/11/BECUTAN-KIDS-VIT.B-COMPLEX-sirup-100ml.png,,,,,,,,,0,Becutan,0,372,373,,,,,,,,,,,,,,,,,,,,,,,,,,,,,,,,,,,,,,,
10692,simple,,"CARBO MEDICINALIS  CARBOMED   tbl. 30 x 150 mg",1,0,visible,,,,,taxable,reduced-rate,1,5,,0,0,,,,,0,,,210,"Витамини и суплементи, Витамини и суплементи > Дигестивен тракт и пробиотици",,,https://lifeline.mk/wp-content/uploads/2021/11/CARBO-MEDICINALIS-CARBOMED-.png,,,,,,,,,0,JGL,0,98,99,,,,,,,,,,,,,,,,,,,,,,,,,,,,,,,,,,,,,,,
10693,simple,,"VICHY Neovadiol Peri-Menopause ноќна крема за сите типови кожа MB421900",1,0,visible,,,,,taxable,,1,2,,0,0,,,,,0,,,2750,"Нега и заштита > Кожа, Нега и заштита",,,https://lifeline.mk/wp-content/uploads/2022/03/perimenopause-night.jpg,,,,,,,,,0,Vichy,0,280,281,,classic-editor,635bc53e-2acb-45c6-9f58-de9d5f2149fe,field_6081ae4f27756,1700,1700,0,0,enable,default,default,0,0,0,0,default,default,default,default,default,0,disable,enable,right,default,default,default,308,28,0,,,,,,0,,,
10694,simple,,"COLIPREV SOL.15ML",1,0,visible,,,,,taxable,reduced-rate,1,3,,0,0,,,,,0,,,790,"Бебешка програма, Бебешка програма > Бебешка храна, Витамини и суплементи, Витамини и суплементи > Дигестивен тракт и пробиотици",,,https://lifeline.mk/wp-content/uploads/2021/11/COLIPREV-SOL.15ML.png,,,,,,,,,0,ColiPrev,0,493,494,,,,,,,,,,,,,,,,,,,,,,,,,,,,,,,,,,,,,,,
10695,simple,,"VICHY Neovadiol Peri-Menopause дневна крема за нормална до комбинирана кожа MB422300",1,0,visible,,,,,taxable,,1,2,,0,0,,,,,0,,,2635,"Нега и заштита > Кожа, Нега и заштита",,,https://lifeline.mk/wp-content/uploads/2022/03/perimenopause-day-normal.jpg,,,,,,,,,0,Vichy,0,234,235,,classic-editor,2bf4b876-94cc-4cad-a26d-125c70cfb4f7,field_6081ae4f27756,1700,1700,0,0,enable,default,default,0,0,0,0,default,default,default,default,default,0,disable,enable,right,default,default,default,308,28,0,,,,,,0,,,
10696,simple,,"DIET.BIOTIN tbl.x 30",1,0,visible,,,,,taxable,reduced-rate,1,1,,0,0,,,,,0,,,240,"Витамини и суплементи, Витамини и суплементи > Витамини и суплементи за коса",,,https://lifeline.mk/wp-content/uploads/2021/11/DIET.BIOTIN-tbl.x-30.png,,,,,,,,,0,DietPharm,0,420,421,,,,,,,,,,,,,,,,,,,,,,,,,,,,,,,,,,,,,,,
10697,simple,,"VICHY Neovadiol Peri-Menopause дневна крема за сува кожа MB422700",1,0,visible,"<p>Во перименопауза, поради промените во нивото на естраген и намалувањето на производството на колаген, кожата може да стане се повеќе сува, затегната и иритирана. Кожата ја губи севкупната еластичност и густина, што предизвикува кожата да свисне, со фини линии и брчки кои се појавуваат поизразени, особено околу устата и очите. Дневниот крем помага да се смират и компензираат видливите симптоми на менопауза, а истовремено ја хидрира интензивно кожата.</p>\n<p>Со моментално чувство на ладење по нанесувањето, овој дневен навлажнувач ја надополнува загубата на влага во кожата, враќајќи го сјајниот и свеж изглед. Тонот на кожата изгледа порамномерен, а кожата изгледа погуста и помазна.</p>\n<ul>\n<li>Остава кожата да се чувствува поцврста и погуста</li>\n<li>Инстантно смирувачко чувство при нанесување</li>\n<li>Ја надополнува загубата на влага</li>\n<li>Враќање на блескав и свеж изглед</li>\n<li>Тонот на кожата изгледа порамномерно, а контурите на лицето поодредени</li>\n</ul>\n<p><strong>Како да го употребувате?</strong></p>\n<ol>\n<li style=""text-align: left"">Кремот се нанесува на чисто лице. Нанесете го на лицето и вратот и дозволете да се впие во кожата.</li>\n<li style=""text-align: left"">По нанесување на Neovadiol кремот, нанесете и крем за лице и врат со заштитен фактор.</li>\n</ol>\n",,,,taxable,,1,2,,0,0,,,,,0,,,2635,"Нега и заштита > Кожа, Нега и заштита",,,https://lifeline.mk/wp-content/uploads/2022/03/perimenopause-day.jpg,,,,,,,,,0,Vichy,0,360,361,,classic-editor,89d953df-7349-4a36-9fa7-5ea410c8c4bb,field_6081ae4f27756,1700,1700,0,0,enable,default,default,0,0,0,0,default,default,default,default,default,0,disable,enable,right,default,default,default,308,28,0,,,,,,0,,,"Дневниот крем помага да се смират и компензираат видливите симптоми на менопауза, а истовремено ја хидрира интензивно кожата."
10698,simple,,"D-MANURO granuli 10 x 1g",1,0,visible,,,,,taxable,reduced-rate,1,1,,0,0,,,,,0,,,500,"Витамини и суплементи, Витамини и суплементи > Уринарен систем",,,https://lifeline.mk/wp-content/uploads/2021/11/D-MANURO-granuli-10-x-1g.png,,,,,,,,,0,"Hemofarm,Pharmanova",0,409,410,,,,,,,,,,,,,,,,,,,,,,,,,,,,,,,,,,,,,,,
10699,simple,,"Dr.Hauschka hidratanten dneven losion 50ml",1,0,visible,,,,,taxable,,1,2,,0,0,,,,,0,,,1450,"Нега и заштита > Кожа, Нега и заштита",,,https://lifeline.mk/wp-content/uploads/2021/11/haushkakur.jpg,,,,,,,,,0,"Dr. Hauschka",0,233,234,,,,,,,,,,,,,,,,,,,,,,,,,,,,,,,,,,,,,,,
10700,simple,,"DR.LEO BABY D3 CAPS.30X400IE",1,0,visible,,,,,taxable,reduced-rate,1,1,,0,0,,,,,0,,,280,"Бебешка програма, Бебешка програма > Бебешка храна, Витамини и суплементи, Витамини и суплементи > Имунитет",,,https://lifeline.mk/wp-content/uploads/2021/11/DR.LEO-BABY-D3-CAPS.30X400IE.png,,,,,,,,,0,"Dr. Leo",0,190,191,,,,,,,,,,,,,,,,,,,,,,,,,,,,,,,,,,,,,,,
10701,simple,,"DR.THEISS BRSHLEN sir. 250ML",1,0,visible,,,,,taxable,reduced-rate,1,4,,0,0,,,,,0,,,270,"Настинка и грип > Кашлица, Настинка и грип",,,https://lifeline.mk/wp-content/uploads/2021/11/DR.THEISS-BRSHLEN-sir.-250ML-.png,,,,,,,,,0,"Dr. Theiss,Natusana",0,235,236,,,,,,,,,,,,,,,,,,,,,,,,,,,,,,,,,,,,,,,
10702,simple,,"DR.VITON  K2 KOMPLEX X30 caps.",1,0,visible,,,,,taxable,reduced-rate,1,1,,0,0,,,,,0,,,430,"Витамини и суплементи, Витамини и суплементи > Заштита на срце и крвни садови, Витамини и суплементи > Коски\, зглобови и мускули",,,https://lifeline.mk/wp-content/uploads/2021/11/DR.VITON-K2-KOMPLEX-X30-caps.png,,,,,,,,,0,"Dr. Viton",0,187,188,,,,,,,,,,,,,,,,,,,,,,,,,,,,,,,,,,,,,,,
10703,simple,,"DR.WOLZ DARMFLORA PLUS CAPS X 10",1,0,visible,,,,,taxable,reduced-rate,1,1,,0,0,,,,,0,,,400,"Витамини и суплементи, Витамини и суплементи > Дигестивен тракт и пробиотици, Витамини и суплементи > Имунитет",,,https://lifeline.mk/wp-content/uploads/2021/11/DR.WOLZ-DARMFLORA-PLUS-CAPS-X-10.png,,,,,,,,,0,"Dr. Wolz",0,340,341,,,,,,,,,,,,,,,,,,,,,,,,,,,,,,,,,,,,,,,
10704,simple,,"ESI NOGLIC tbl. x 30",1,0,visible,,,,,taxable,reduced-rate,1,1,,0,0,,,,,0,,,300,"Витамини и суплементи, Витамини и суплементи > Дијабетес",,,https://lifeline.mk/wp-content/uploads/2021/11/ESI-NOGLIC-tbl.-x-30.png,,,,,,,,,0,Esi,0,217,218,,,,,,,,,,,,,,,,,,,,,,,,,,,,,,,,,,,,,,,
10719,simple,,"ESI NO DOL TRAUMGEL gel 50 ml",1,0,visible,,,,,taxable,,1,1,,0,0,,,,,0,,,330,"Против болка",,,https://lifeline.mk/wp-content/uploads/2021/11/ESI-NO-DOL-TRAUMGEL-gel-50-ml.png,,,,,,,,,0,Esi,0,99,100,,,,,,,,,,,,,,,,,,,,,,,,,,,,,,,,,,,,,,,
10720,simple,,"ESPUMISAN cps. 25 x 40 mg",1,0,visible,,,,,taxable,reduced-rate,1,2,,0,0,,,,,0,,,220,"Витамини и суплементи, Витамини и суплементи > Дигестивен тракт и пробиотици",,,https://lifeline.mk/wp-content/uploads/2021/11/espumisan25.jpg,,,,,,,,,0,"Berlin Chemie",0,411,412,,,,,,,,,,,,,,,,,,,,,,,,,,,,,,,,,,,,,,,
10721,simple,,"ESPUMISAN cps. 50 x 40 mg",1,0,visible,,,,,taxable,reduced-rate,1,3,,0,0,,,,,0,,,410,"Витамини и суплементи, Витамини и суплементи > Дигестивен тракт и пробиотици",,,https://lifeline.mk/wp-content/uploads/2021/11/espumisan50.jpg,,,,,,,,,0,"Berlin Chemie",0,347,348,,,,,,,,,,,,,,,,,,,,,,,,,,,,,,,,,,,,,,,
10722,simple,,"ESPUMISAN L per.emul.30 ml (40 mg/ml)",1,0,visible,,,,,taxable,reduced-rate,1,2,,0,0,,,,,0,,,370,"Витамини и суплементи, Витамини и суплементи > Дигестивен тракт и пробиотици",,,https://lifeline.mk/wp-content/uploads/2021/11/espumisanl.jpg,,,,,,,,,0,"Berlin Chemie",0,91,92,,,,,,,,,,,,,,,,,,,,,,,,,,,,,,,,,,,,,,,
10723,simple,,"FEMISAN A sol 30ml.",1,0,visible,,,,,taxable,,1,1,,0,0,,,,,0,,,620,"Витамини и суплементи, Витамини и суплементи > Менопауза и пмс",,,https://lifeline.mk/wp-content/uploads/2021/11/FEMISAN-A-sol-30ml.-.png,,,,,,,,,0,Femisan,0,351,352,,,,,,,,,,,,,,,,,,,,,,,,,,,,,,,,,,,,,,,
10724,simple,,"FERVEX children sugar freeX8",1,0,visible,,,,,taxable,reduced-rate,1,2,,0,0,,,,,0,,,256,"Настинка и грип, Настинка и грип > Настинка и грип",,,https://lifeline.mk/wp-content/uploads/2021/11/decafervex.jpg,,,,,,,,,0,Amicus,0,201,202,,,,,,,,,,,,,,,,,,,,,,,,,,,,,,,,,,,,,,,
10725,simple,,"FITALP tonik 150 ml",1,0,visible,,,,,taxable,,1,1,,0,0,,,,,0,,,220,"Против болка",,,https://lifeline.mk/wp-content/uploads/2021/11/FITALP-tonik-150-ml-.png,,,,,,,,,0,Fitofarm,0,288,289,,,,,,,,,,,,,,,,,,,,,,,,,,,,,,,,,,,,,,,
10726,simple,,"FORVITA GLUKOZAMIN cps.30X500mg",1,0,visible,,,,,taxable,reduced-rate,1,1,,0,0,,,,,0,,,155,"Витамини и суплементи, Витамини и суплементи > Коски\, зглобови и мускули",,,https://lifeline.mk/wp-content/uploads/2021/11/FORVITA-GLUKOZAMIN-cps.30X500mg.png,,,,,,,,,0,Forvita,0,226,227,,,,,,,,,,,,,,,,,,,,,,,,,,,,,,,,,,,,,,,
10727,simple,,"FORVITA VIT.B12 tbl.60x100mcg.",1,0,visible,,,,,taxable,reduced-rate,1,1,,0,0,,,,,0,,,380,"Витамини и суплементи, Витамини и суплементи > Заштита на нервниот систем",,,https://lifeline.mk/wp-content/uploads/2021/11/FORVITA-VIT.B12-tbl.60x100mcg.png,,,,,,,,,0,Forvita,0,298,299,,,,,,,,,,,,,,,,,,,,,,,,,,,,,,,,,,,,,,,
10728,simple,,"FORVITA AVIREKS FORTE CPSX60",1,0,visible,,,,,taxable,reduced-rate,1,1,,0,0,,,,,0,,,480,"Витамини и суплементи, Витамини и суплементи > Имунитет",,,https://lifeline.mk/wp-content/uploads/2021/11/FORVITA-AVIREKS-FORTE.png,,,,,,,,,0,Forvita,0,335,336,,,,,,,,,,,,,,,,,,,,,,,,,,,,,,,,,,,,,,,
10729,simple,,"GARCIA SLIM X60TBL HEALTHAID",1,0,visible,,,,,taxable,reduced-rate,1,1,,0,0,,,,,0,,,1090,"Витамини и суплементи, Витамини и суплементи > Препарати за слабеење",,,https://lifeline.mk/wp-content/uploads/2021/11/GARCIA-SLIM-X60TBL-HEALTHAID.png,,,,,,,,,0,HealthAid,0,320,321,,,,,,,,,,,,,,,,,,,,,,,,,,,,,,,,,,,,,,,
10730,simple,,"H.A COLLAGEN COMPLEX TBL. X 60",1,0,visible,,,,,taxable,reduced-rate,1,1,,0,0,,,,,0,,,1560,"Витамини и суплементи",,,https://lifeline.mk/wp-content/uploads/2021/11/H.A-COLLAGEN-COMPLEX-TBL.-X-60.png,,,,,,,,,0,HealthAid,0,145,146,,,,,,,,,,,,,,,,,,,,,,,,,,,,,,,,,,,,,,,
10731,simple,,"H.A DAY-VIT PROBIO tbl.x30",1,0,visible,,,,,taxable,reduced-rate,0,0,,0,0,,,,,0,,,865,"Витамини и суплементи, Витамини и суплементи > Дигестивен тракт и пробиотици",,,https://lifeline.mk/wp-content/uploads/2021/11/H.A-DAY-VIT-PROBIO-tbl.x30в.png,,,,,,,,,0,HealthAid,0,69,70,,,,,,,,,,,,,,,,,,,,,,,,,,,,,,,,,,,,,,,
10732,simple,,"H.A DIGESTON MAX TBL.30",1,0,visible,,,,,taxable,reduced-rate,1,2,,0,0,,,,,0,,,1140,"Витамини и суплементи, Витамини и суплементи > Дигестивен тракт и пробиотици",,,https://lifeline.mk/wp-content/uploads/2021/11/H.A-DIGESTON-MAX-TBL.30.png,,,,,,,,,0,HealthAid,0,105,106,,,,,,,,,,,,,,,,,,,,,,,,,,,,,,,,,,,,,,,
10736,simple,,"HEALTH AID JUNIOR VIT tbl.x 30",1,0,visible,,,,,taxable,reduced-rate,1,2,,0,0,,,,,0,,,850,"Витамини и суплементи",,,https://lifeline.mk/wp-content/uploads/2021/11/HEALTH-AID-JUNIOR-VIT-tbl.x-30-.png,,,,,,,,,0,HealthAid,0,69,70,,,,,,,,,,,,,,,,,,,,,,,,,,,,,,,,,,,,,,,
10737,simple,,"HA CURCUMIN 3 tbl.x30",1,0,visible,,,,,taxable,reduced-rate,1,1,,0,0,,,,,0,,,1160,"Витамини и суплементи, Витамини и суплементи > Имунитет, Витамини и суплементи > Коски\, зглобови и мускули",,,https://lifeline.mk/wp-content/uploads/2021/11/HA-CURCUMIN-3-tbl.x30-.png,,,,,,,,,0,HealthAid,0,85,86,,,,,,,,,,,,,,,,,,,,,,,,,,,,,,,,,,,,,,,
10738,simple,,"HA WINTERVITS TBL X 30",1,0,visible,,,,,taxable,reduced-rate,0,0,,0,0,,,,,0,,,"955,2942","Витамини и суплементи, Витамини и суплементи > Имунитет",,,,,,,,,,,,0,HealthAid,0,164,165,,,,,,,,,,,,,,,,,,,,,,,,,,,,,,,,,,,,,,,
10742,simple,,"HA-ALPHA LIPOIC ACID CPS.60X250MG",1,0,visible,,,,,taxable,reduced-rate,1,1,,0,0,,,,,0,,,1350,"Витамини и суплементи, Витамини и суплементи > Дијабетес",,,https://lifeline.mk/wp-content/uploads/2021/11/HA-ALPHA-LIPOIC-ACID-CPS.60X250MG.png,,,,,,,,,0,HealthAid,0,134,135,,,,,,,,,,,,,,,,,,,,,,,,,,,,,,,,,,,,,,,
10743,simple,,"HA-GASTONE CAPS X 60",1,0,visible,,,,,taxable,reduced-rate,1,1,,0,0,,,,,0,,,"949,8258","Витамини и суплементи, Витамини и суплементи > Дигестивен тракт и пробиотици",,,https://lifeline.mk/wp-content/uploads/2021/11/HA-GASTONE-CAPS-X-60.png,,,,,,,,,0,HealthAid,0,90,91,,,,,,,,,,,,,,,,,,,,,,,,,,,,,,,,,,,,,,,
10744,simple,,"HA-SERRAPEPTASE TBL 30 X 250 000 IE",1,0,visible,,,,,taxable,reduced-rate,1,39,,0,0,,,,,0,,,1380,"Против болка",,,https://lifeline.mk/wp-content/uploads/2021/11/HA-SERRAPEPTASE-TBL-30-X-250-000-IE.png,,,,,,,,,0,HealthAid,0,121,122,,,,,,,,,,,,,,,,,,,,,,,,,,,,,,,,,,,,,,,
10749,simple,,"HA-TURMERIC ROOT EXT. TBL.X60",1,0,visible,,,,,taxable,reduced-rate,1,1,,0,0,,,,,0,,,1210,"Витамини и суплементи, Витамини и суплементи > Имунитет, Витамини и суплементи > Коски\, зглобови и мускули",,,https://lifeline.mk/wp-content/uploads/2021/11/HA-TURMERIC-ROOT-EXT.-TBL.X60v.png,,,,,,,,,0,HealthAid,0,67,68,,,,,,,,,,,,,,,,,,,,,,,,,,,,,,,,,,,,,,,
10750,simple,,"HA-VITAMIN C tbl. 30 x 1500 MG",1,0,visible,,,,,taxable,reduced-rate,0,0,,0,0,,,,,0,,,1040,"Витамини и суплементи, Витамини и суплементи > Имунитет, Настинка и грип > Настинка и грип, Настинка и грип",,,https://lifeline.mk/wp-content/uploads/2021/11/HA-VITAMIN-C-tbl.-30-x-1500-MG.png,,,,,,,,,0,HealthAid,0,105,106,,,,,,,,,,,,,,,,,,,,,,,,,,,,,,,,,,,,,,,
10751,simple,,"HA-VITAMIN D3 caps. 30 x 5000 IU",1,0,visible,,,,,taxable,reduced-rate,1,1,,0,0,,,,,0,,,985,"Витамини и суплементи, Витамини и суплементи > Имунитет, Витамини и суплементи > Коски\, зглобови и мускули",,,https://lifeline.mk/wp-content/uploads/2021/11/HA-VITAMIN-D3-caps.-30-x-5000-IU.png,,,,,,,,,0,HealthAid,0,90,91,,,,,,,,,,,,,,,,,,,,,,,,,,,,,,,,,,,,,,,
10752,simple,,"HEPAFAR FORTE CAPS.X30",1,0,visible,,,,,taxable,reduced-rate,1,1,,0,0,,,,,0,,,650,"Витамини и суплементи, Витамини и суплементи > Заштита на црн дроб",,,https://lifeline.mk/wp-content/uploads/2021/11/HEPAFAR-FORTE-CAPS.X30.png,,,,,,,,,0,Sensilab,0,265,266,,,,,,,,,,,,,,,,,,,,,,,,,,,,,,,,,,,,,,,
10758,simple,,"HUMANA COLIMIL PLUS KAPKI 30ml",1,0,visible,,,,,taxable,,backorder,,,0,0,,,,,0,,,920,"Бебешка програма, Бебешка програма > Бебешка храна, Витамини и суплементи, Витамини и суплементи > Дигестивен тракт и пробиотици",,,https://lifeline.mk/wp-content/uploads/2021/11/HUMANA-COLIMIL-PLUS-KAPKI-30ml.png,,,,,,,,,0,Humana,0,528,529,,,,,,,,,,,,,,,,,,,,,,,,,,,,,,,,,,,,,,,
10759,simple,,"HYLO-DUAL sol.10ml",1,0,visible,,,,,taxable,,1,2,,0,0,,,,,0,,,"950,40504","Нега и заштита, Нега и заштита > Очи",,,https://lifeline.mk/wp-content/uploads/2021/11/HYLO-DUAL-sol.10ml.png,,,,,,,,,0,Ursapharm,0,102,103,,,,,,,,,,,,,,,,,,,,,,,,,,,,,,,,,,,,,,,
10760,simple,,"IMMUNOBALANS cps. x60",1,0,visible,,,,,taxable,reduced-rate,1,1,,0,0,,,,,0,,,1130,"Витамини и суплементи, Витамини и суплементи > Имунитет",,,https://lifeline.mk/wp-content/uploads/2021/11/imunobalans.jpg,,,,,,,,,0,Pharmamed,0,95,96,,,,,,,,,,,,,,,,,,,,,,,,,,,,,,,,,,,,,,,
10761,simple,,"IMUNOCINK ZA VOZRASNI  tbl.60 x 10mg",1,0,visible,,,,,taxable,reduced-rate,1,1,,0,0,,,,,0,,,410,"Витамини и суплементи, Витамини и суплементи > Имунитет",,,https://lifeline.mk/wp-content/uploads/2021/11/IMUNOCINK-ZA-VOZRASNI-.png,,,,,,,,,0,Hemofarm,0,312,313,,,,,,,,,,,,,,,,,,,,,,,,,,,,,,,,,,,,,,,
10762,simple,,"IMUNOCINK ZA DECA tbl.60 x 5mg",1,0,visible,,,,,taxable,reduced-rate,1,1,,0,0,,,,,0,,,290,"Витамини и суплементи, Витамини и суплементи > Имунитет",,,https://lifeline.mk/wp-content/uploads/2021/11/IMUNOCINK-ZA-DECA-tbl.60-x-5mg-.png,,,,,,,,,0,Hemofarm,0,277,278,,,,,,,,,,,,,,,,,,,,,,,,,,,,,,,,,,,,,,,
10768,simple,,"ISLA MEDIC PASTILI X20",1,0,visible,,,,,taxable,reduced-rate,0,0,,0,0,,,,,0,,,395,"Настинка и грип > Грло, Настинка и грип",,,https://lifeline.mk/wp-content/uploads/2021/11/ISLA-MEDIC-PASTILI-X20.png,,,,,,,,,0,Engelhard,0,102,103,,,,,,,,,,,,,,,,,,,,,,,,,,,,,,,,,,,,,,,
10769,simple,,"K2+D3 WITAMINA caps.x30",1,0,visible,,,,,taxable,reduced-rate,1,1,,0,0,,,,,0,,,380,"Витамини и суплементи, Витамини и суплементи > Имунитет, Витамини и суплементи > Коски\, зглобови и мускули",,,https://lifeline.mk/wp-content/uploads/2021/11/K2D3-WITAMINA-caps.x30.png,,,,,,,,,0,Protego,0,186,187,,,,,,,,,,,,,,,,,,,,,,,,,,,,,,,,,,,,,,,
10770,simple,,"CLA caps. 30 x 1000 mg",1,0,visible,,,,,taxable,reduced-rate,1,2,,0,0,,,,,0,,,470,"Витамини и суплементи, Витамини и суплементи > Препарати за слабеење",,,https://lifeline.mk/wp-content/uploads/2021/11/2.cla_.jpg,,,,,,,,,0,"Dr. Viton",0,173,174,,,,,,,,,,,,,,,,,,,,,,,,,,,,,,,,,,,,,,,
10771,simple,,"KUTIJA za lekovi nedelna",1,0,visible,,,,,taxable,,1,1,,0,0,,,,,0,,,350,"Медицински помагала > Кутии за лекови, Медицински помагала",,,,,,,,,,,,0,,0,380,381,,,,,,,,,,,,,,,,,,,,,,,,,,,,,,,,,,,,,,,
10772,simple,,"LEVIKER TBL.X30",1,0,visible,,,,,taxable,reduced-rate,1,5,,0,0,,,,,0,,,830,"Витамини и суплементи, Витамини и суплементи > Заштита на црн дроб",,,https://lifeline.mk/wp-content/uploads/2021/11/LEVIKER-TBL.X30.png,,,,,,,,,0,Bionika,0,267,268,,,,,,,,,,,,,,,,,,,,,,,,,,,,,,,,,,,,,,,
10773,simple,,"LUTEIN COMPLEX cps. x 30",1,0,visible,,,,,taxable,reduced-rate,1,1,,0,0,,,,,0,,,810,"Витамини и суплементи, Витамини и суплементи > Препарати за око",,,https://lifeline.mk/wp-content/uploads/2021/11/LUTEIN-COMPLEX-cps.-x-30.png,,,,,,,,,0,Kiberg,0,333,334,,,,,,,,,,,,,,,,,,,,,,,,,,,,,,,,,,,,,,,
10778,simple,,"MULTILAC BABY SINBIOTIC KESIX10",1,0,visible,,,,,taxable,reduced-rate,0,0,,0,0,,,,,0,,,330,"Витамини и суплементи, Витамини и суплементи > Дигестивен тракт и пробиотици",,,https://lifeline.mk/wp-content/uploads/2021/11/MULTILAC-BABY-SINBIOTIC-KESIX10.png,,,,,,,,,0,USP,0,502,503,,,,,,,,,,,,,,,,,,,,,,,,,,,,,,,,,,,,,,,
10779,simple,,"NOW CALCIUM CITRAT tbl.x 100",1,0,visible,,,,,taxable,reduced-rate,1,1,,0,0,,,,,0,,,1050,"Витамини и суплементи, Витамини и суплементи > Коски\, зглобови и мускули",,,https://lifeline.mk/wp-content/uploads/2021/11/NOW-CALCIUM-CITRAT-tbl.x-100.png,,,,,,,,,0,Now,0,190,191,,,,,,,,,,,,,,,,,,,,,,,,,,,,,,,,,,,,,,,
10780,simple,,"NOW OMEGA-3 cps.100 x 1000mg",1,0,visible,,,,,taxable,reduced-rate,1,1,,0,0,,,,,0,,,690,"Витамини и суплементи, Витамини и суплементи > Заштита на срце и крвни садови",,,https://lifeline.mk/wp-content/uploads/2021/11/NOW-OMEGA-3-cps.100-x-1000mg-.png,,,,,,,,,0,Now,0,289,290,,,,,,,,,,,,,,,,,,,,,,,,,,,,,,,,,,,,,,,
10781,simple,,"NOW  MAGNESIUM CITRAT tbl. 100X200mg",1,0,visible,,,,,taxable,reduced-rate,1,1,,0,0,,,,,0,,,1070,"Витамини и суплементи, Витамини и суплементи > Коски\, зглобови и мускули",,,https://lifeline.mk/wp-content/uploads/2021/11/NOW-CALCIUM-CITRAT-tbl.x-100-1.png,,,,,,,,,0,Now,0,245,246,,,,,,,,,,,,,,,,,,,,,,,,,,,,,,,,,,,,,,,
10785,simple,,"NOW ACIDOPHILUS 4X6 cps.X 60",1,0,visible,,,,,taxable,reduced-rate,1,1,,0,0,,,,,0,,,1140,"Витамини и суплементи, Витамини и суплементи > Дигестивен тракт и пробиотици",,,https://lifeline.mk/wp-content/uploads/2021/11/NOW-ACIDOPHILUS-4X6-cps.X-60.png,,,,,,,,,0,Now,0,272,273,,,,,,,,,,,,,,,,,,,,,,,,,,,,,,,,,,,,,,,
10786,simple,,"NOW L- ARGININE CAPS. 100 X 500MG",1,0,visible,,,,,taxable,reduced-rate,1,1,,0,0,,,,,0,,,980,"Витамини и суплементи, Витамини и суплементи > Заштита на срце и крвни садови",,,https://lifeline.mk/wp-content/uploads/2021/11/NOW-L-ARGININE-CAPS.-100-X-500MG-.png,,,,,,,,,0,Now,0,285,288,,,,,,,,,,,,,,,,,,,,,,,,,,,,,,,,,,,,,,,
10787,simple,,"NOW MACA caps.100X500 mg",1,0,visible,,,,,taxable,reduced-rate,1,1,,0,0,,,,,0,,,880,"Витамини и суплементи",,,https://lifeline.mk/wp-content/uploads/2021/11/NOW-MACA-caps.100X500-mg.png,,,,,,,,,0,Now,0,234,235,,,,,,,,,,,,,,,,,,,,,,,,,,,,,,,,,,,,,,,
10791,simple,,"NOW METHYL B-12 100 X 1000 mg",1,0,visible,,,,,taxable,reduced-rate,1,1,,0,0,,,,,0,,,1010,"Витамини и суплементи, Витамини и суплементи > Заштита на нервниот систем",,,https://lifeline.mk/wp-content/uploads/2021/11/NOW-METHYL-B-12-100-X-1000-mg-.png,,,,,,,,,0,Now,0,155,156,,,,,,,,,,,,,,,,,,,,,,,,,,,,,,,,,,,,,,,
10792,simple,,"NOW METHYL FOLAT 1000mcg x 90tbl",1,0,visible,,,,,taxable,reduced-rate,1,1,,0,0,,,,,0,,,1685,"Витамини и суплементи > Витамини за трудници и доилки, Витамини и суплементи",,,https://lifeline.mk/wp-content/uploads/2021/11/NOW-METHYL-FOLAT-1000mcg-x-90tbl-.png,,,,,,,,,0,Now,0,228,229,,,,,,,,,,,,,,,,,,,,,,,,,,,,,,,,,,,,,,,
10793,simple,,"NOW NIACIN 25mg x 90cps",1,0,visible,,,,,taxable,reduced-rate,1,1,,0,0,,,,,0,,,1010,"Витамини и суплементи, Витамини и суплементи > Заштита на срце и крвни садови",,,https://lifeline.mk/wp-content/uploads/2021/11/NOW-NIACIN-25mg-x-90cps-.png,,,,,,,,,0,Now,0,209,210,,,,,,,,,,,,,,,,,,,,,,,,,,,,,,,,,,,,,,,
10797,simple,,"NOW OMEGA 3-6-9 cps.90 x 1200mg",1,0,visible,,,,,taxable,reduced-rate,1,1,,0,0,,,,,0,,,1250,"Витамини и суплементи, Витамини и суплементи > Заштита на срце и крвни садови",,,https://lifeline.mk/wp-content/uploads/2021/11/NOW-OMEGA-3-6-9-cps.90-x-1200mg.png,,,,,,,,,0,Now,0,245,246,,,,,,,,,,,,,,,,,,,,,,,,,,,,,,,,,,,,,,,
10798,simple,,"NURSE HARVEYS sir. 145ml",1,0,visible,,,,,taxable,,1,1,,0,0,,,,,0,,,950,"Бебешка програма, Бебешка програма > Бебешка храна, Витамини и суплементи, Витамини и суплементи > Дигестивен тракт и пробиотици",,,https://lifeline.mk/wp-content/uploads/2021/11/NURSE-HARVEYS-sir.-145m.png,,,,,,,,,0,HealthAid,0,333,334,,,,,,,,,,,,,,,,,,,,,,,,,,,,,,,,,,,,,,,
10799,simple,,"OSTEOVITAL  FORTE SUM.TBL. 20X1000MG",1,0,visible,,,,,taxable,reduced-rate,1,1,,0,0,,,,,0,,,340,"Витамини и суплементи, Витамини и суплементи > Коски\, зглобови и мускули",,,https://lifeline.mk/wp-content/uploads/2021/11/osteovital.png,,,,,,,,,0,Burgerstein,0,375,376,,,,,,,,,,,,,,,,,,,,,,,,,,,,,,,,,,,,,,,
10800,simple,,"PICO C gtt 12ml",1,0,visible,,,,,taxable,reduced-rate,1,2,,0,0,,,,,0,,,290,"Бебешка програма, Бебешка програма > Бебешка храна, Витамини и суплементи, Витамини и суплементи > Имунитет",,,https://lifeline.mk/wp-content/uploads/2021/11/PICO-C-gtt-12ml-.png,,,,,,,,,0,"DS Natural",0,311,312,,,,,,,,,,,,,,,,,,,,,,,,,,,,,,,,,,,,,,,
10804,simple,,"PLUSMED APARAT ZA GLIKEMIJA",1,0,visible,,,,,taxable,,0,,,0,0,,,,,0,,,950,"Медицински помагала > Апарати за мерење шеќер, Медицински помагала",,,https://lifeline.mk/wp-content/uploads/2021/11/PLUSMED-APARAT-ZA-GLIKEMIJA.png,,,,,,,,,0,PlusMed,0,880,881,,,,,,,,,,,,,,,,,,,,,,,,,,,,,,,,,,,,,,,
10805,simple,,"PROSTAMOL UNO cps.x 30",1,0,visible,,,,,taxable,reduced-rate,1,2,,0,0,,,,,0,,,795,"Витамини и суплементи, Витамини и суплементи > Простата",,,https://lifeline.mk/wp-content/uploads/2021/11/PROSTAMOL-UNO-cps.x-30.png,,,,,,,,,0,"Berlin Chemie",0,110,111,,,,,,,,,,,,,,,,,,,,,,,,,,,,,,,,,,,,,,,
10806,simple,,"PROSTATOL COMPLEX X30",1,0,visible,,,,,taxable,reduced-rate,1,3,,0,0,,,,,0,,,800,"Витамини и суплементи, Витамини и суплементи > Простата",,,https://lifeline.mk/wp-content/uploads/2021/11/PROSTATOL-COMPLEX-X30-.png,,,,,,,,,0,"Natura Therapy",0,690,691,,,,,,,,,,,,,,,,,,,,,,,,,,,,,,,,,,,,,,,
10810,simple,,"SILIMARIN FORTE CAPS. 30 X 200MG",1,0,visible,,,,,taxable,reduced-rate,1,1,,0,0,,,,,0,,,580,"Витамини и суплементи, Витамини и суплементи > Заштита на црн дроб",,,https://lifeline.mk/wp-content/uploads/2021/11/SILIMARIN-FORTE-CAPS.-30-X-200MG.png,,,,,,,,,0,Belupo,0,101,102,,,,,,,,,,,,,,,,,,,,,,,,,,,,,,,,,,,,,,,
10811,simple,,"SILYMARIN DUO tbl. x 30",1,0,visible,,,,,taxable,reduced-rate,1,2,,0,0,,,,,0,,,300,"Витамини и суплементи, Витамини и суплементи > Заштита на црн дроб",,,https://lifeline.mk/wp-content/uploads/2021/11/silimarinduo.jpg,,,,,,,,,0,Fitofarm,0,209,210,,,,,,,,,,,,,,,,,,,,,,,,,,,,,,,,,,,,,,,
10812,simple,,"SOPHIE - 450409 NEKAPECKA CASA",1,0,visible,,,,,taxable,reduced-rate,1,1,,0,0,,,,,0,,,650,"Бебешка програма > Бебешка опрема, Бебешка програма",,,https://lifeline.mk/wp-content/uploads/2021/11/SOPHIE-450409-NEKAPECKA-CASA.png,,,,,,,,,0,Sophie,0,329,330,,,,,,,,,,,,,,,,,,,,,,,,,,,,,,,,,,,,,,,
10817,simple,,"SOPHIE - 460006 SET ZA JADENJE 6+",1,0,visible,,,,,taxable,,1,1,,0,0,,,,,0,,,1460,"Бебешка програма > Бебешка опрема, Бебешка програма",,,https://lifeline.mk/wp-content/uploads/2021/11/SOPHIE-460006-SET-ZA-JADENJE-6.png,,,,,,,,,0,Sophie,0,261,262,,,,,,,,,,,,,,,,,,,,,,,,,,,,,,,,,,,,,,,
10818,simple,,"SOPHIE - 460008 MOJ PRV SET ZA JADENJE",1,0,visible,,,,,taxable,,1,1,,0,0,,,,,0,,,2595,"Бебешка програма > Бебешка опрема, Бебешка програма",,,https://lifeline.mk/wp-content/uploads/2021/11/SOPHIE-460008-MOJ-PRV-SET-ZA-JADENJE.png,,,,,,,,,0,Sophie,0,244,245,,,,,,,,,,,,,,,,,,,,,,,,,,,,,,,,,,,,,,,
10819,simple,,"SOPHIE-616624 ZIRAFA + SO PURE GLODALKA",1,0,visible,,,,,taxable,,1,1,,0,0,,,,,0,,,"1730,4788736","Бебешка програма > Бебешка опрема, Бебешка програма",,,https://lifeline.mk/wp-content/uploads/2021/11/SOPHIE-616624-ZIRAFA-SO-PURE-GLODALKA.png,,,,,,,,,0,Sophie,0,104,105,,,,,,,,,,,,,,,,,,,,,,,,,,,,,,,,,,,,,,,
10820,simple,,"SOPHIE - 523510 SET ZA HIGIENA",1,0,visible,,,,,taxable,,1,1,,0,0,,,,,0,,,1648,"Бебешка програма > Бебешка опрема, Бебешка програма",,,https://lifeline.mk/wp-content/uploads/2021/11/SOPHIE-523510-SET-ZA-HIGIENA.png,,,,,,,,,0,Sophie,0,102,103,,,,,,,,,,,,,,,,,,,,,,,,,,,,,,,,,,,,,,,
10831,simple,,"SOPHIE - 523518 SET ZA BANJANJE",1,0,visible,,,,,taxable,,1,1,,0,0,,,,,0,,,"2090,016","Бебешка програма > Бебешка опрема, Бебешка програма",,,https://lifeline.mk/wp-content/uploads/2021/11/SOPHIE-523518-SET-ZA-BANJANJE.png,,,,,,,,,0,Sophie,0,146,147,,,,,,,,,,,,,,,,,,,,,,,,,,,,,,,,,,,,,,,
10832,simple,,"SOPHIE-200318 SO PURE GLODALKA SOFT",1,0,visible,,,,,taxable,,0,0,,0,0,,,,,0,,,"755,2196352","Бебешка програма > Бебешка опрема, Бебешка програма",,,https://lifeline.mk/wp-content/uploads/2021/11/SOPHIE-200318-SO-PURE-GLODALKA-SOFT.png,,,,,,,,,0,Sophie,0,131,132,,,,,,,,,,,,,,,,,,,,,,,,,,,,,,,,,,,,,,,
10833,simple,,"SOPHIE-200319 SO PURE GLODALKA VERY SOFT",1,0,visible,,,,,taxable,,1,1,,0,0,,,,,0,,,1198,"Бебешка програма > Бебешка опрема, Бебешка програма",,,https://lifeline.mk/wp-content/uploads/2021/11/SOPHIE-200319-SO-PURE-GLODALKA-VERY-SOFT.png,,,,,,,,,0,Sophie,0,84,85,,,,,,,,,,,,,,,,,,,,,,,,,,,,,,,,,,,,,,,
10834,simple,,"SOPHIE - 450408 MEKI SILIKONSKI LAZICKI X 2",1,0,visible,,,,,taxable,,1,1,,0,0,,,,,0,,,920,"Бебешка програма > Бебешка опрема, Бебешка програма",,,https://lifeline.mk/wp-content/uploads/2021/11/SOPHIE-450408-MEKI-SILIKONSKI-LAZICKI-X-2.png,,,,,,,,,0,Sophie,0,102,103,,,,,,,,,,,,,,,,,,,,,,,,,,,,,,,,,,,,,,,
10835,simple,,"TRAKI ZA SEKER MEDISIGN - 02 / 50",1,0,visible,,,,,taxable,,1,2,,0,0,,,,,0,,,600,"Медицински помагала > Апарати за мерење шеќер, Медицински помагала",,,https://lifeline.mk/wp-content/uploads/2021/11/TRAKI-ZA-SEKER-MEDISIGN-02-50.png,,,,,,,,,0,,0,223,224,,,,,,,,,,,,,,,,,,,,,,,,,,,,,,,,,,,,,,,
10836,simple,,"NOW COENZIM Q10 cps.60 x 30mg",1,0,visible,,,,,taxable,reduced-rate,1,1,,0,0,,,,,0,,,1000,"Витамини и суплементи, Витамини и суплементи > Заштита на срце и крвни садови",,,https://lifeline.mk/wp-content/uploads/2021/11/NOW-COENZIM-Q10-cps.60-x-30mg.png,,,,,,,,,0,Now,0,181,182,,,,,,,,,,,,,,,,,,,,,,,,,,,,,,,,,,,,,,,
10837,simple,,"NOW D-MANOSE cps.120 x 500mg",1,0,visible,,,,,taxable,reduced-rate,0,0,,0,0,,,,,0,,,2396,"Витамини и суплементи, Витамини и суплементи > Уринарен систем",,,https://lifeline.mk/wp-content/uploads/2021/11/NOW-D-MANOSE-cps.120-x-500mg.png,,,,,,,,,0,Now,0,166,167,,,,,,,,,,,,,,,,,,,,,,,,,,,,,,,,,,,,,,,
10838,simple,,"NOW UBIQUINOL COQH-CF CAPS.X60",1,0,visible,,,,,taxable,reduced-rate,0,0,,0,0,,,,,0,,,"2533,86","Витамини и суплементи, Витамини и суплементи > Заштита на срце и крвни садови",,,https://lifeline.mk/wp-content/uploads/2021/11/NOW-UBIQUINOL-COQH-CF-CAPS.X60.png,,,,,,,,,0,Now,0,249,250,,,,,,,,,,,,,,,,,,,,,,,,,,,,,,,,,,,,,,,
10839,simple,,"TRIMEX SPIRULINA PACIF.tbl. x 100",1,0,visible,,,,,taxable,reduced-rate,1,1,,0,0,,,,,0,,,1100,"Витамини и суплементи",,,https://lifeline.mk/wp-content/uploads/2021/11/TRIMEX-SPIRULINA-PACIF.tbl_.-x-100.png,,,,,,,,,0,Trimeks,0,161,162,,,,,,,,,,,,,,,,,,,,,,,,,,,,,,,,,,,,,,,
10840,simple,,"TRIMEX SPIRULINA PACIF.tbl. X400",1,0,visible,,,,,taxable,reduced-rate,0,0,,0,0,,,,,0,,,3284,"Витамини и суплементи",,,https://lifeline.mk/wp-content/uploads/2021/11/TRIMEX-SPIRULINA-PACIF.tbl_.-X400.png,,,,,,,,,0,Trimeks,0,215,216,,,,,,,,,,,,,,,,,,,,,,,,,,,,,,,,,,,,,,,
10841,simple,,"TRIMEX SPIRULINA PACIFICA prasok 141.75gr",1,0,visible,,,,,taxable,reduced-rate,0,0,,0,0,,,,,0,,,1714,"Витамини и суплементи",,,https://lifeline.mk/wp-content/uploads/2021/11/TRIMEX-SPIRULINA-PACIFICA-prasok-141.75gr.png,,,,,,,,,0,Trimeks,0,340,341,,,,,,,,,,,,,,,,,,,,,,,,,,,,,,,,,,,,,,,
10854,simple,,"TRIMEX SPIRULINA PACIF.tbl. X200",1,0,visible,,,,,taxable,reduced-rate,1,1,,0,0,,,,,0,,,"1955,52","Витамини и суплементи",,,https://lifeline.mk/wp-content/uploads/2021/11/TRIMEX-SPIRULINA-PACIF.tbl_.-X200.png,,,,,,,,,0,Trimeks,0,181,182,,,,,,,,,,,,,,,,,,,,,,,,,,,,,,,,,,,,,,,
10855,simple,,"UTISEPT cps.x 30",1,0,visible,,,,,taxable,reduced-rate,1,1,,0,0,,,,,0,,,530,"Витамини и суплементи, Витамини и суплементи > Уринарен систем",,,https://lifeline.mk/wp-content/uploads/2021/11/UTISEPT-cps.x-30.png,,,,,,,,,0,Pharmanova,0,270,271,,,,,,,,,,,,,,,,,,,,,,,,,,,,,,,,,,,,,,,
10856,simple,,"VITABIOTICS VISIONACE ORIGINAL tbl.x 30",1,0,visible,,,,,taxable,reduced-rate,1,1,,0,0,,,,,0,,,900,"Витамини и суплементи, Витамини и суплементи > Препарати за око",,,https://lifeline.mk/wp-content/uploads/2021/11/VITABIOTICS-VISIONACE-ORIGINAL-tbl.x-30.png,,,,,,,,,0,Vitabiotics,0,316,317,,,,,,,,,,,,,,,,,,,,,,,,,,,,,,,,,,,,,,,
10857,simple,,"VB-PREGNACARE BEFORE CONCEPTION TBL.X30",1,0,visible,,,,,taxable,reduced-rate,0,0,,0,0,,,,,0,,,990,"Витамини и суплементи > Витамини за трудници и доилки, Витамини и суплементи",,,https://lifeline.mk/wp-content/uploads/2021/11/VB-PREGNACARE-BEFORE-CONCEPTION-TBL.X30-.png,,,,,,,,,0,Vitabiotics,0,227,228,,,,,,,,,,,,,,,,,,,,,,,,,,,,,,,,,,,,,,,
10858,simple,,"VIRANTO FORTE",1,0,visible,,,,,taxable,,1,2,,0,0,,,,,0,,,450,"Витамини и суплементи, Витамини и суплементи > Имунитет",,,https://lifeline.mk/wp-content/uploads/2021/11/VIRANTO-FORTE.png,,,,,,,,,0,"4U Pharma",0,104,105,,,,,,,,,,,,,,,,,,,,,,,,,,,,,,,,,,,,,,,
10859,simple,,"VISET 0.5MG/ML KAPKI ZA OKO 10ML",1,0,visible,,,,,taxable,reduced-rate,1,1,,0,0,,,,,0,,,320,"Нега и заштита, Нега и заштита > Очи",,,https://lifeline.mk/wp-content/uploads/2021/11/VISET-0.5MG-ML-KAPKI-ZA-OKO-10ML.png,,,,,,,,,0,JGL,0,258,259,,,,,,,,,,,,,,,,,,,,,,,,,,,,,,,,,,,,,,,
10860,simple,,"Vizol S intensive sol. 10 ml",1,0,visible,,,,,taxable,,1,1,,0,0,,,,,0,,,390,"Нега и заштита, Нега и заштита > Очи",,,https://lifeline.mk/wp-content/uploads/2021/11/Vizol-S-intensive-sol.-10-ml.png,,,,,,,,,0,JGL,0,204,205,,,,,,,,,,,,,,,,,,,,,,,,,,,,,,,,,,,,,,,
10861,simple,,"WELEDA maslo za masaza na perineuim regijata 50ml",1,0,visible,,,,,taxable,,1,1,,0,0,,,,,0,,,880,"Нега и заштита > Кожа, Нега и заштита, Нега и заштита > Трудници и доилки",,,https://lifeline.mk/wp-content/uploads/2021/11/WELEDA-maslo-za-masaza-na-perineuim-regijata-50ml.png,,,,,,,,,0,Weleda,0,373,374,,,,,,,,,,,,,,,,,,,,,,,,,,,,,,,,,,,,,,,
10862,simple,,"W-IMMUN SELECT CPSX60",1,0,visible,,,,,taxable,reduced-rate,1,1,,0,0,,,,,0,,,1300,"Витамини и суплементи, Витамини и суплементи > Имунитет",,,https://lifeline.mk/wp-content/uploads/2021/11/W-IMMUN-SELECT-CPSX60-.png,,,,,,,,,0,"Dr. Wolz",0,134,135,,,,,,,,,,,,,,,,,,,,,,,,,,,,,,,,,,,,,,,
10863,simple,,"VICHY 24h Tolerance Deo Sprey",1,0,visible,,,,,taxable,,0,,,0,0,,,,,0,,,935,"Нега и заштита > Кожа, Нега и заштита > Кожа - секојдневна нега и заштита, Нега и заштита",,,https://lifeline.mk/wp-content/uploads/2021/11/VICHY-24H-TOLERANCE-DEO-SPRAY.jpg,,,,,,,,,0,Vichy,0,211,212,,classic-editor,,,,,,,,,,,,,,,,,,,,,,,,,,,,0,,,,,,0,,,
10864,simple,,"VICHY 48h Deo Sprey- за сензитивна кожа",1,0,visible,,,,,taxable,,0,,,0,0,,,,,0,,,900,"Нега и заштита > Кожа, Нега и заштита > Кожа - секојдневна нега и заштита, Нега и заштита",,,https://lifeline.mk/wp-content/uploads/2021/11/VICHY-48H-DEO-SPREY-sensitive-skin.jpg,,,,,,,,,0,Vichy,0,179,180,,classic-editor,,,,,,,,,,,,,,,,,,,,,,,,,,,,0,,,,,,0,,,
10865,simple,,"TOPLOMER HUMAN-ZIVIN x 1  TOPLOMER HUMAN-ZIVIN x 1",1,0,visible,,,,,taxable,,1,,,0,0,,,,,0,,,110,"Медицински помагала, Медицински помагала > Топломери",,,,,,,,,,,,0,,0,95,96,,,,,,,,,,,,,,,,,,,,,,,,,,,,,,,,,,,,,,,
10876,simple,,"DOC BETA GLUCANS TBL.X60",1,0,visible,,,,,taxable,reduced-rate,1,2,,0,0,,,,,0,,,680,"Витамини и суплементи, Витамини и суплементи > Имунитет",,,https://lifeline.mk/wp-content/uploads/2021/11/viber_image_2021-09-01_11-35-22-486.jpg,,,,,,,,,0,Doc,0,214,215,,,,,,,,,,,,,,,,,,,,,,,,,,,,,,,,,,,,,,,
10877,simple,,"DOC IRON ADVANCED CAPS.X60",1,0,visible,,,,,taxable,reduced-rate,1,1,,0,0,,,,,0,,,960,"Витамини и суплементи > Анемија, Витамини и суплементи",,,https://lifeline.mk/wp-content/uploads/2021/11/iron.jpg,,,,,,,,,0,Doc,0,253,254,,,,,,,,,,,,,,,,,,,,,,,,,,,,,,,,,,,,,,,
10878,simple,,"DOC MSM/GLUCOSAMINE TBL.X60",1,0,visible,,,,,taxable,reduced-rate,1,1,,0,0,,,,,0,,,580,"Витамини и суплементи, Витамини и суплементи > Коски\, зглобови и мускули",,,https://lifeline.mk/wp-content/uploads/2021/11/glucosamine.jpg,,,,,,,,,0,Doc,0,184,185,,,,,,,,,,,,,,,,,,,,,,,,,,,,,,,,,,,,,,,
10879,simple,,"DOC OMEGA 3 softgel X30",1,0,visible,,,,,taxable,reduced-rate,0,0,,0,0,,,,,0,,,420,"Витамини и суплементи, Витамини и суплементи > Заштита на срце и крвни садови",,,https://lifeline.mk/wp-content/uploads/2021/11/omega3.jpg,,,,,,,,,0,Doc,0,182,183,,,,,,,,,,,,,,,,,,,,,,,,,,,,,,,,,,,,,,,
10880,simple,,"DOC MSM/VIT.C TBL.X60",1,0,visible,,,,,taxable,reduced-rate,1,1,,0,0,,,,,0,,,580,"Витамини и суплементи, Витамини и суплементи > Коски\, зглобови и мускули",,,https://lifeline.mk/wp-content/uploads/2021/11/msm.jpg,,,,,,,,,0,Doc,0,190,191,,,,,,,,,,,,,,,,,,,,,,,,,,,,,,,,,,,,,,,
10881,simple,,"DOC OMEGA 3-6-9 softgels X30",1,0,visible,,,,,taxable,reduced-rate,0,0,,0,0,,,,,0,,,300,"Витамини и суплементи, Витамини и суплементи > Заштита на срце и крвни садови",,,https://lifeline.mk/wp-content/uploads/2021/11/omega369.jpg,,,,,,,,,0,Doc,0,223,224,,,,,,,,,,,,,,,,,,,,,,,,,,,,,,,,,,,,,,,
10882,simple,,"DOC ZINK/VIT.C TBL.X60",1,0,visible,,,,,taxable,reduced-rate,1,2,,0,0,,,,,0,,,430,"Витамини и суплементи, Витамини и суплементи > Имунитет",,,https://lifeline.mk/wp-content/uploads/2021/11/viber_image_2021-09-01_11-35-32-423.jpg,,,,,,,,,0,Doc,0,218,219,,,,,,,,,,,,,,,,,,,,,,,,,,,,,,,,,,,,,,,
10883,simple,,"DOC VITAMIN D3 1000IE TBL.X60",1,0,visible,,,,,taxable,reduced-rate,0,0,,0,0,,,,,0,,,310,"Витамини и суплементи, Витамини и суплементи > Имунитет, Витамини и суплементи > Коски\, зглобови и мускули",,,https://lifeline.mk/wp-content/uploads/2021/11/viber_image_2021-09-01_11-35-27-484.jpg,,,,,,,,,0,Doc,0,97,98,,,,,,,,,,,,,,,,,,,,,,,,,,,,,,,,,,,,,,,
10884,simple,,"URI.HYSEAC BL-stick 3 ml",1,0,visible,,,,,taxable,,1,1,,0,0,,,,,0,,,660,"Нега и заштита > Кожа, Нега и заштита > Кожа - масна и акни, Нега и заштита",,,https://lifeline.mk/wp-content/uploads/2021/11/URI.HYSEAC-BL-stick-3-ml.jpg,,,,,,,,,0,"Hyséac,Uriage",0,211,212,,,,,,,,,,,,,,,,,,,,,,,,,,,,,,,,,,,,,,,
10885,simple,,"WELEDA сет куферче- шампон за коса и тело, крем за пеленска регија и крем за лице",1,0,visible,,,,,taxable,,0,0,,0,0,,,,,0,,,1025,"Бебешка програма > Бебешка козметика, Бебешка програма, Нега и заштита > Кожа, Нега и заштита",,,https://lifeline.mk/wp-content/uploads/2021/11/WELEDA-SET-KUFERCE.jpg,,,,,,,,,0,Weleda,0,260,261,,,,,,,,,,,,,,,,,,,,,,,,,,,,,,,,,,,,,,,
10898,simple,,"URI.HYSEAC DERMATOL.gel 150 ml",1,0,visible,,,,,taxable,,1,1,,0,0,,,,,0,,,665,"Нега и заштита > Кожа, Нега и заштита > Кожа - масна и акни, Нега и заштита",,,https://lifeline.mk/wp-content/uploads/2021/11/URI.HYSEAC-DERMATOL.gel-150-ml.jpg,,,,,,,,,0,"Hyséac,Uriage",0,270,271,,,,,,,,,,,,,,,,,,,,,,,,,,,,,,,,,,,,,,,
10899,simple,,"URIAGE HYSEAC FLUID SPF50+ 50ml",1,0,visible,,,,,taxable,,1,1,,0,0,,,,,0,,,"856,68","Нега и заштита > Кожа, Нега и заштита > Кожа - масна и акни, Нега и заштита",,,https://lifeline.mk/wp-content/uploads/2021/11/URIAGE-HYSEAC-FLUID-SPF50-50ml.jpg,,,,,,,,,0,"Hyséac,Uriage",0,243,244,,,,,,,,,,,,,,,,,,,,,,,,,,,,,,,,,,,,,,,
10900,simple,,"WELEDА масло за масажа на детско стомаче 50мл",1,0,visible,,,,,taxable,,backorder,,,0,0,,,,,0,,,870,"Бебешка програма > Бебешка козметика, Бебешка програма, Нега и заштита > Кожа, Нега и заштита",,,https://lifeline.mk/wp-content/uploads/2021/11/61r8VWi-m4S._SL1174_.jpg,,,,,,,,,0,Weleda,0,156,157,,,,,,,,,,,,,,,,,,,,,,,,,,,,,,,,,,,,,,,
10901,simple,,"RILASTIL ACNESTIL CLEANSING GEL 200ML",1,0,visible,,,,,taxable,,1,1,,0,0,,,,,0,,,850,"Нега и заштита > Кожа, Нега и заштита > Кожа - масна и акни, Нега и заштита",,,https://lifeline.mk/wp-content/uploads/2021/11/RILASTIL-ACNESTIL-CLEANSING-GEL-250ML.jpg,,,,,,,,,0,Rilastil,0,325,326,,,,,,,,,,,,,,,,,,,,,,,,,,,,,,,,,,,,,,,
10902,simple,,"RILASTIL ACNESTIL CLEANSING MOUSSE 150ML",1,0,visible,,,,,taxable,,1,1,,0,0,,,,,0,,,850,"Нега и заштита > Кожа, Нега и заштита > Кожа - масна и акни, Нега и заштита",,,https://lifeline.mk/wp-content/uploads/2021/11/RILASTIL-ACNESTIL-CLEANSING-MOUSSE-150ML.jpg,,,,,,,,,0,Rilastil,0,217,218,,,,,,,,,,,,,,,,,,,,,,,,,,,,,,,,,,,,,,,
10903,simple,,"RILASTIL ACNESTIL KREM 50ML",1,0,visible,,,,,taxable,,1,,,0,0,,,,,0,,,1080,"Нега и заштита > Кожа, Нега и заштита > Кожа - масна и акни, Нега и заштита",,,https://lifeline.mk/wp-content/uploads/2021/11/RILASTIL-ACNESTIL-KREM-50ML.jpg,,,,,,,,,0,Rilastil,0,239,240,,,,,,,,,,,,,,,,,,,,,,,,,,,,,,,,,,,,,,,
10904,simple,,"RILASTIL ACNESTIL MAT CREAM 50ML",1,0,visible,,,,,taxable,,1,1,,0,0,,,,,0,,,1080,"Нега и заштита > Кожа, Нега и заштита > Кожа - масна и акни, Нега и заштита",,,https://lifeline.mk/wp-content/uploads/2021/11/RILASTIL-ACNESTIL-MAT-CREAM-50ML.jpg,,,,,,,,,0,Rilastil,0,368,369,,,,,,,,,,,,,,,,,,,,,,,,,,,,,,,,,,,,,,,
10905,simple,,"RILASTIL ATOPIC BALM 400ML",1,0,visible,,,,,taxable,,1,1,,0,0,,,,,0,,,1700,"Нега и заштита > Кожа, Нега и заштита",,,https://lifeline.mk/wp-content/uploads/2021/11/RILASTIL-ATOPIC-BALM-400ML.jpg,,,,,,,,,0,Rilastil,0,272,273,,,,,,,,,,,,,,,,,,,,,,,,,,,,,,,,,,,,,,,
10906,simple,,"RILASTIL ATOPIC CLEАNSING OLI 250ML",1,0,visible,,,,,taxable,,1,1,,0,0,,,,,0,,,900,"Нега и заштита > Кожа, Нега и заштита",,,https://lifeline.mk/wp-content/uploads/2021/11/1.png,,,,,,,,,0,Rilastil,0,172,173,,,,,,,,,,,,,,,,,,,,,,,,,,,,,,,,,,,,,,,
10907,simple,,"RILASTIL D-CLAR DEPIGM. DROPS",1,0,visible,,,,,taxable,,1,1,,0,0,,,,,0,,,2230,"Нега и заштита > Кожа, Нега и заштита",,,https://lifeline.mk/wp-content/uploads/2021/11/RILASTIL-D-CLAR-DEPIGM.-DROPS.jpg,,,,,,,,,0,Rilastil,0,104,105,,,,,,,,,,,,,,,,,,,,,,,,,,,,,,,,,,,,,,,
10908,simple,,"RILASTIL D-CLAR MICROPEELING",1,0,visible,,,,,taxable,,1,,,0,0,,,,,0,,,1920,"Нега и заштита > Кожа, Нега и заштита",,,https://lifeline.mk/wp-content/uploads/2021/11/RILASTIL-D-CLAR-MICROPEELING.jpg,,,,,,,,,0,Rilastil,0,157,158,,,,,,,,,,,,,,,,,,,,,,,,,,,,,,,,,,,,,,,
10909,simple,,"RILASTIL D-CLAR SPF 50",1,0,visible,,,,,taxable,,1,1,,0,0,,,,,0,,,1450,"Нега и заштита > Заштита од сонце, Нега и заштита > Кожа, Нега и заштита",,,https://lifeline.mk/wp-content/uploads/2021/11/RILASTIL-D-CLAR-SPF-50.jpg,,,,,,,,,0,Rilastil,0,263,264,,,,,,,,,,,,,,,,,,,,,,,,,,,,,,,,,,,,,,,
10931,simple,,"RILASTIL D-CLEAR DAYILY DEPIGM. CREAM",1,0,visible,,,,,taxable,,1,1,,0,0,,,,,0,,,1230,"Нега и заштита > Кожа, Нега и заштита",,,https://lifeline.mk/wp-content/uploads/2021/11/RILASTIL-D-CLEAR-DAYILY-DEPIGM.-CREAM.jpg,,,,,,,,,0,Rilastil,0,277,278,,,,,,,,,,,,,,,,,,,,,,,,,,,,,,,,,,,,,,,,
10932,simple,,"RILASTIL EAP LIPOGEL",1,0,visible,,,,,taxable,,1,1,,0,0,,,,,0,,,1130,"Нега и заштита > Кожа, Нега и заштита",,,https://lifeline.mk/wp-content/uploads/2021/11/RILASTIL-EAP-LIPOGEL.jpg,,,,,,,,,0,Rilastil,0,233,234,,,,,,,,,,,,,,,,,,,,,,,,,,,,,,,,,,,,,,,,
10933,simple,,"RILASTIL krem protiv strii 200ml",1,0,visible,,,,,taxable,,1,1,,0,0,,,,,0,,,1730,"Нега и заштита > Кожа, Нега и заштита",,,https://lifeline.mk/wp-content/uploads/2021/11/RILASTIL-krem-pr.strii-200ml.jpg,,,,,,,,,0,Rilastil,0,371,372,,,,,,,,,,,,,,,,,,,,,,,,,,,,,,,,,,,,,,,,
10934,simple,,"RILASTIL XEROLACT 12% 400ML",1,0,visible,,,,,taxable,,1,,,0,0,,,,,0,,,1400,"Нега и заштита > Кожа, Нега и заштита",,,https://lifeline.mk/wp-content/uploads/2021/11/RILASTIL-XEROLACT-12-400ML.jpg,,,,,,,,,0,Rilastil,0,347,348,,,,,,,,,,,,,,,,,,,,,,,,,,,,,,,,,,,,,,,,
10935,simple,,"RILASTIL XEROLACT 18% 100ML",1,0,visible,,,,,taxable,,1,1,,0,0,,,,,0,,,1170,"Нега и заштита > Кожа, Нега и заштита",,,https://lifeline.mk/wp-content/uploads/2021/11/RILASTIL-XEROLACT-18-100ML.jpg,,,,,,,,,0,Rilastil,0,209,210,,,,,,,,,,,,,,,,,,,,,,,,,,,,,,,,,,,,,,,,
10936,simple,,"RILASTIL XEROLACT 30%",1,0,visible,,,,,taxable,,1,1,,0,0,,,,,0,,,1070,"Нега и заштита > Кожа, Нега и заштита",,,https://lifeline.mk/wp-content/uploads/2021/11/RILASTIL-XEROLACT-30.jpg,,,,,,,,,0,Rilastil,0,312,313,,,,,,,,,,,,,,,,,,,,,,,,,,,,,,,,,,,,,,,,
10937,simple,,"RILASTIL XEROLACT PODOS LIPOGEL 100ML",1,0,visible,,,,,taxable,,1,1,,0,0,,,,,0,,,1170,"Нега и заштита > Кожа, Нега и заштита",,,https://lifeline.mk/wp-content/uploads/2021/11/RILASTIL-XEROLACT-PODOS-LIPOGEL-100ML.png,,,,,,,,,0,Rilastil,0,75,76,,,,,,,,,,,,,,,,,,,,,,,,,,,,,,,,,,,,,,,,
10938,simple,,"TOLERIANE DERMALLERGO LIGHT CREAM 40ml",1,0,visible,,,,,taxable,,1,1,,0,0,,,,,0,,,1730,"Нега и заштита > Кожа, Нега и заштита",,,https://lifeline.mk/wp-content/uploads/2021/11/TOLERIANE-DERMALLERGO-LIGHT-CREAM-40ml.png,,,,,,,,,0,"LaRoche-Posay,Toleriane",0,114,115,,classic-editor,,,,,,,,,,,,,,,,,,,,,,,,,,,,0,,,,,,0,,,,
10939,simple,,"TOLERIANE DERMALERGO EYE CREM 20ml",1,0,visible,,,,,taxable,,0,,,0,0,,,,,0,,,1490,"Нега и заштита > Кожа, Нега и заштита",,,https://lifeline.mk/wp-content/uploads/2021/11/TOLERIANE-DERMALERGO-EYE-CREM-20ml.png,,,,,,,,,0,"LaRoche-Posay,Toleriane",0,77,78,,classic-editor,,,,,,,,,,,,,,,,,,,,,,,,,,,,0,,,,,,0,,,,
10940,simple,,"TOLERIANE DERMALLERGO CREAM 40ml",1,0,visible,,,,,taxable,,0,,,0,0,,,,,0,,,1730,"Нега и заштита > Кожа, Нега и заштита",,,https://lifeline.mk/wp-content/uploads/2021/11/TOLERIANE-DERMALLERGO-CREAM-40ml.png,,,,,,,,,0,"LaRoche-Posay,Toleriane",0,116,117,,classic-editor,,,,,,,,,,,,,,,,,,,,,,,,,,,,0,,,,,,0,,,,
10941,simple,,"TOLERIANE DERMALLERGO FLUID 40ml",1,0,visible,,,,,taxable,,0,,,0,0,,,,,0,,,1730,"Нега и заштита > Кожа, Нега и заштита",,,https://lifeline.mk/wp-content/uploads/2021/11/TOLERIANE-DERMALLERGO-FLUID-40ml.png,,,,,,,,,0,"LaRoche-Posay,Toleriane",0,167,168,,classic-editor,,,,,,,,,,,,,,,,,,,,,,,,,,,,0,,,,,,0,,,,
10942,simple,,"EUC.69617 UREA 10%complete repair lotion",1,0,visible,,,,,taxable,,1,1,,0,0,,,,,0,,,960,"Нега и заштита > Кожа, Нега и заштита",,,https://lifeline.mk/wp-content/uploads/2021/11/EUC.69617-UREA-10complete-repair-lotion.png,,,,,,,,,0,Eucerin,0,124,125,,,,,,,,,,,,,,,,,,,,,,,,,,,,,,,,,,,,,,,,
10943,simple,,"LR HYALU B5 CR+ HYALU B5 SERUM",1,0,visible,,,,,taxable,,0,,,0,0,,,,,0,,,1570,"Нега и заштита > Кожа, Нега и заштита",,,https://lifeline.mk/wp-content/uploads/2021/11/La-Roche-Posay-HYALU-B5-Cream-40ml-Serum-10-ml.png,,,,,,,,,0,LaRoche-Posay,0,180,181,,,,,,,,,,,,,,,,,,,,,,,,,,,,,,,,,,,,,,,,
10944,simple,,"CALMTU NIGHT CPSX15",1,0,visible,,,,,taxable,reduced-rate,1,2,,0,0,,,,,0,,,"495,74952","Витамини и суплементи, Витамини и суплементи > Заштита на нервниот систем",,,https://lifeline.mk/wp-content/uploads/2021/11/CALMTU-NIGHT-CPSX15.jpg,,,,,,,,,0,"Vitae Health Innovation",0,232,233,,,,,,,,,,,,,,,,,,,,,,,,,,,,,,,,,,,,,,,,
10945,simple,,"SENSILAB lizavchinja za patuvanje x 3",1,0,visible,,,,,taxable,reduced-rate,1,2,,0,0,,,,,0,,,178,"Витамини и суплементи, Витамини и суплементи > Дигестивен тракт и пробиотици",,,https://lifeline.mk/wp-content/uploads/2021/11/SENSILAB-lizavchinja-za-patuvanje-x-3.png,,,,,,,,,0,Sensilab,0,266,267,,,,,,,,,,,,,,,,,,,,,,,,,,,,,,,,,,,,,,,,
10946,simple,,"MUSTELA derm.gel za mienje novorod. 500 ml",1,0,visible,,,,,taxable,,1,1,,0,0,,,,,0,,,730,"Бебешка програма > Бебешка козметика, Бебешка програма",,,https://lifeline.mk/wp-content/uploads/2021/11/MUSTELA-derm.gel-za-mienje-novorod.-500-ml.png,,,,,,,,,0,Mustela,0,330,331,,,,,,,,,,,,,,,,,,,,,,,,,,,,,,,,,,,,,,,,
10947,simple,,"MUSTELA HRANLIV COLD KREM ZA LICE 40ML",1,0,visible,,,,,taxable,,0,0,,0,0,,,,,0,,,410,"Бебешка програма > Бебешка козметика, Бебешка програма",,,https://lifeline.mk/wp-content/uploads/2021/11/MUSTELA-HRANLIV-COLD-KREM-ZA-LICE-40ML.png,,,,,,,,,0,Mustela,0,91,92,,,,,,,,,,,,,,,,,,,,,,,,,,,,,,,,,,,,,,,,
10948,simple,,"MUSTELA KREMA PROTIV STRII 150ML",1,0,visible,,,,,taxable,,1,1,,0,0,,,,,0,,,1420,"Бебешка програма > Бебешка козметика, Бебешка програма",,,https://lifeline.mk/wp-content/uploads/2021/11/MUSTELA-KREMA-PROTIV-STRII-150ML.png,,,,,,,,,0,Mustela,0,523,524,,,,,,,,,,,,,,,,,,,,,,,,,,,,,,,,,,,,,,,,
10949,simple,,"MUSTELA zastiten vitaminski krem 100 ml",1,0,visible,,,,,taxable,,1,1,,0,0,,,,,0,,,450,"Бебешка програма > Бебешка козметика, Бебешка програма",,,https://lifeline.mk/wp-content/uploads/2021/11/MUSTELA-zastiten-vitaminski-krem-100-ml.png,,,,,,,,,0,Mustela,0,211,212,,,,,,,,,,,,,,,,,,,,,,,,,,,,,,,,,,,,,,,,
10950,simple,,"JAM-VIT.C 500mg+D3 500IE TBL.X75",1,0,visible,,,,,taxable,reduced-rate,1,1,,0,0,,,,,0,,,580,"Витамини и суплементи, Витамини и суплементи > Имунитет, Витамини и суплементи > Коски\, зглобови и мускули",,,https://lifeline.mk/wp-content/uploads/2021/11/JAM-VIT.C-500mgD3-500IE-TBL.X75.png,,,,,,,,,0,Jamieson,0,198,199,,,,,,,,,,,,,,,,,,,,,,,,,,,,,,,,,,,,,,,,
10951,simple,,"INN-DIART SPRIC 1,8% 2ML",1,0,visible,,,,,taxable,reduced-rate,1,1,,0,0,,,,,0,,,6562,"Витамини и суплементи, Витамини и суплементи > Коски\, зглобови и мускули",,,https://lifeline.mk/wp-content/uploads/2021/11/INN-DIART-SPRIC-18-2ML.png,,,,,,,,,0,"INNventa Pharm",0,172,173,,,,,,,,,,,,,,,,,,,,,,,,,,,,,,,,,,,,,,,,
10952,simple,,"INN-FORTINN KESI X 30",1,0,visible,,,,,taxable,reduced-rate,1,1,,0,0,,,,,0,,,1880,"Витамини и суплементи, Витамини и суплементи > Коски\, зглобови и мускули",,,https://lifeline.mk/wp-content/uploads/2021/11/INN-FORTINN-KESI-X-30.png,,,,,,,,,0,"INNventa Pharm",0,116,118,,,,,,,,,,,,,,,,,,,,,,,,,,,,,,,,,,,,,,,,
10960,simple,,"INN-TENDOCILINN KESI X 28",1,0,visible,,,,,taxable,reduced-rate,1,1,,0,0,,,,,0,,,1880,"Витамини и суплементи, Витамини и суплементи > Коски\, зглобови и мускули",,,https://lifeline.mk/wp-content/uploads/2021/11/INN-TENDOCILINN-KESI-X-28.png,,,,,,,,,0,"INNventa Pharm",0,184,185,,,,,,,,,,,,,,,,,,,,,,,,,,,,,,,,,,,,,,,,
10961,simple,,"ESI LE DIECI ERBE COLON CLEANSE tbl.x60",1,0,visible,,,,,taxable,reduced-rate,0,0,,0,0,,,,,0,,,320,"Витамини и суплементи, Витамини и суплементи > Дигестивен тракт и пробиотици",,,https://lifeline.mk/wp-content/uploads/2021/11/diecierbe.jpg,,,,,,,,,0,Esi,0,105,106,,,,,,,,,,,,,,,,,,,,,,,,,,,,,,,,,,,,,,,,
10962,simple,,"4U BIMUNAL SIR.300ML",1,0,visible,,,,,taxable,,1,1,,0,0,,,,,0,,,820,"Витамини и суплементи, Витамини и суплементи > Имунитет",,,https://lifeline.mk/wp-content/uploads/2021/11/4U-BIMUNAL-SIR.300ML.png,,,,,,,,,0,"4U Pharma",0,111,112,,,,,,,,,,,,,,,,,,,,,,,,,,,,,,,,,,,,,,,,
10963,simple,,"LR- HYALU B5 SERUM+ RUMENILO",1,0,visible,,,,,taxable,,0,,,0,0,,,,,0,,,2395,"Нега и заштита > Кожа, Нега и заштита",,,https://lifeline.mk/wp-content/uploads/2021/11/La-Roche-Posay-HYALU-B5-Serum-30-ml-Toleriane-Rumenilo-5g.png,,,,,,,,,0,LaRoche-Posay,0,93,94,,classic-editor,,,,,,,,,,,,,,,,,,,,,,,,,,,,0,,,,,,0,,,,
11653,simple,,"Curaprox Kids Watermelon",1,0,visible,"Детска паста за заби со вкус на лубеница за деца од 6 години и нагоре.\n\n&nbsp;\n<p id=""tw-target-text"" class=""tw-data-text tw-text-large tw-ta"" data-placeholder=""Translation""><span class=""Y2IQFc"" lang=""mk"">Оваа паста за заби не содржи штетни состојки како што се SLS, триклосан или микропластика. </span></p>\n<p class=""tw-data-text tw-text-large tw-ta"" data-placeholder=""Translation""><span class=""Y2IQFc"" lang=""mk"">За повеќето пасти за заби, листата на состојки е полна со чудни зборови. Но не и оваа. </span></p>\n<p class=""tw-data-text tw-text-large tw-ta"" data-placeholder=""Translation""><span class=""Y2IQFc"" lang=""mk"">Што има во оваа паста за заби? Само добри работи. </span></p>\n<p class=""tw-data-text tw-text-large tw-ta"" data-placeholder=""Translation""><span class=""Y2IQFc"" lang=""mk"">Флуор, на пример, кој ги зајакнува забите.\n</span><span class=""Y2IQFc"" lang=""mk"">Ензимите се уште една добра состојка. Тие ја поддржуваат природната заштитна улога на плунката, така што таа може да е корисна за реминерализирање на глеѓта на забите.\n</span><span class=""Y2IQFc"" lang=""mk"">Содржи и сорбитол, кој го спречува сушењето на пастата за заби.\nПотоа, има малку ксилитол (или брезен шеќер), кој штити од бактерии и исто така ги зајакнува забите.\nСе надеваме дека вашите деца ќе уживаат во миењето заби со ова овошно задоволство!</span></p>",,,,taxable,,1,,,0,0,,,,,0,,,320,"Дентална програма, Дентална програма > Пасти за деца",,,https://lifeline.mk/wp-content/uploads/2022/03/CURAPROX-CHILDRENS-TOOTHPASTE-CS-KIDS-WATERMELON-60-ML-320-den.jpg,,,,,,,,,0,Curaprox,0,125,126,,,,,,,,,,,,,,,,,,,,,,,,,,,,,,,,,,,,0,,,,
11655,simple,,"Curaprox Kids Strawberry",1,0,visible,"Детска паста за заби со вкус на јагода за деца од 6 години и нагоре.\n\n&nbsp;\n<p id=""tw-target-text"" class=""tw-data-text tw-text-large tw-ta"" data-placeholder=""Translation""><span class=""Y2IQFc"" lang=""mk"">Оваа паста за заби не содржи штетни состојки како што се SLS, триклосан или микропластика. </span></p>\n<p class=""tw-data-text tw-text-large tw-ta"" data-placeholder=""Translation""><span class=""Y2IQFc"" lang=""mk"">За повеќето пасти за заби, листата на состојки е полна со чудни зборови. Но не и оваа. </span></p>\n<p class=""tw-data-text tw-text-large tw-ta"" data-placeholder=""Translation""><span class=""Y2IQFc"" lang=""mk"">Што има во оваа паста за заби? Само добри работи. </span></p>\n<span class=""Y2IQFc"" lang=""mk"">Флуор, на пример, кој ги зајакнува забите.\n</span><span class=""Y2IQFc"" lang=""mk"">Ензимите се уште една добра состојка. Тие ја поддржуваат природната заштитна улога на плунката, така што таа може да е корисна за реминерализирање на глеѓта на забите.\n</span><span class=""Y2IQFc"" lang=""mk"">Содржи и сорбитол, кој го спречува сушењето на пастата за заби.\nПотоа, има малку ксилитол (или брезен шеќер), кој штити од бактерии и исто така ги зајакнува забите.\nСе надеваме дека вашите деца ќе уживаат во миењето заби со ова овошно задоволство!</span>",,,,taxable,,1,,,0,0,,,,,0,,,320,"Дентална програма, Дентална програма > Пасти за деца",,,https://lifeline.mk/wp-content/uploads/2022/03/CURAPROX-CHILDRENS-TOOTHPASTE-CS-KIDS-STRAWBERRY-60-ML-320-den.jpg,,,,,,,,,0,Curaprox,0,166,167,,,,,,,,,,,,,,,,,,,,,,,,,,,,,,,,,,,,0,,,,
11657,simple,,"Curaprox Kids Mint",1,0,visible,"Детска паста за заби со вкус на лубеница за деца од 6 години и нагоре.\n\n&nbsp;\n<p id=""tw-target-text"" class=""tw-data-text tw-text-large tw-ta"" data-placeholder=""Translation""><span class=""Y2IQFc"" lang=""mk"">Оваа паста за заби не содржи штетни состојки како што се SLS, триклосан или микропластика.</span></p>\n<p class=""tw-data-text tw-text-large tw-ta"" data-placeholder=""Translation""><span class=""Y2IQFc"" lang=""mk"">За повеќето пасти за заби, листата на состојки е полна со чудни зборови. Но не и оваа.</span></p>\n<p class=""tw-data-text tw-text-large tw-ta"" data-placeholder=""Translation""><span class=""Y2IQFc"" lang=""mk"">Што има во оваа паста за заби? Само добри работи.</span></p>\n<p class=""tw-data-text tw-text-large tw-ta"" data-placeholder=""Translation""><span class=""Y2IQFc"" lang=""mk"">Флуор, на пример, кој ги зајакнува забите.\n</span><span class=""Y2IQFc"" lang=""mk"">Ензимите се уште една добра состојка. Тие ја поддржуваат природната заштитна улога на плунката, така што таа може да е корисна за реминерализирање на глеѓта на забите.\n</span><span class=""Y2IQFc"" lang=""mk"">Содржи и сорбитол, кој го спречува сушењето на пастата за заби.\nПотоа, има малку ксилитол (или брезен шеќер), кој штити од бактерии и исто така ги зајакнува забите.\nСе надеваме дека вашите деца ќе уживаат во миењето заби со ова овошно задоволство!</span></p>",,,,taxable,,1,,,0,0,,,,,0,,,320,"Дентална програма, Дентална програма > Пасти за деца",,,https://lifeline.mk/wp-content/uploads/2022/03/CURAPROX-CHILDRENS-TOOTHPASTE-CS-KIDS-MINT-60-ML-320-den.jpg,,,,,,,,,0,Curaprox,0,136,137,,,,,,,,,,,,,,,,,,,,,,,,,,,,,,,,,,,,0,,,,
11659,simple,,"Curaprox BE YOU Watermelon 60ml",1,0,visible,"Паста за заби за возрасни со вкус на лубеница.\n<ul>\n 	<li style=""text-align: left;""><span class=""Y2IQFc"" lang=""mk"">Против лош здив </span></li>\n 	<li style=""text-align: left;""><span class=""Y2IQFc"" lang=""mk"">Заштита од кариес </span></li>\n 	<li style=""text-align: left;""><span class=""Y2IQFc"" lang=""mk"">За чисти заби </span></li>\n 	<li style=""text-align: left;""><span class=""Y2IQFc"" lang=""mk"">Свеж здив </span></li>\n 	<li style=""text-align: left;""><span class=""Y2IQFc"" lang=""mk"">Нега на непцата </span></li>\n 	<li style=""text-align: left;""><span class=""Y2IQFc"" lang=""mk"">Пријатен вкус </span></li>\n 	<li style=""text-align: left;""><span class=""Y2IQFc"" lang=""mk"">Чувствителни заби </span></li>\n 	<li style=""text-align: left;""><span class=""Y2IQFc"" lang=""mk"">Заштита на забната глеѓ</span></li>\n 	<li style=""text-align: left;""><span class=""Y2IQFc"" lang=""mk"">Белење</span></li>\n</ul>",,,,taxable,,1,,,0,0,,,,,0,,,600,"Дентална програма, Дентална програма > Пасти за возрасни",,,https://lifeline.mk/wp-content/uploads/2022/03/CURAPROX-BE-YOU-WATERMELON-90-ML-600-den.jpg,,,,,,,,,0,Curaprox,0,131,132,,,,,,,,,,,,,,,,,,,,,,,,,,,,,,,,,,,,0,,,,
11661,simple,,"Curaprox BE YOU Peach 60ml",1,0,visible,"Паста за заби за возрасни со вкус на праска.\n<ul>\n 	<li><span class=""Y2IQFc"" lang=""mk"">Против лош здив</span></li>\n 	<li><span class=""Y2IQFc"" lang=""mk"">Заштита од кариес</span></li>\n 	<li><span class=""Y2IQFc"" lang=""mk"">За чисти заби</span></li>\n 	<li><span class=""Y2IQFc"" lang=""mk"">Свеж здив</span></li>\n 	<li><span class=""Y2IQFc"" lang=""mk"">Нега на непцата</span></li>\n 	<li><span class=""Y2IQFc"" lang=""mk"">Пријатен вкус</span></li>\n 	<li><span class=""Y2IQFc"" lang=""mk"">Чувствителни заби</span></li>\n 	<li><span class=""Y2IQFc"" lang=""mk"">Заштита на забната глеѓ</span></li>\n 	<li><span class=""Y2IQFc"" lang=""mk"">Белење</span></li>\n</ul>",,,,taxable,,1,,,0,0,,,,,0,,,600,"Дентална програма, Дентална програма > Пасти за возрасни",,,https://lifeline.mk/wp-content/uploads/2022/03/CURAPROX-BE-YOU-PEACH-90-ML-600-den.jpg,,,,,,,,,0,Curaprox,0,165,166,,,,,,,,,,,,,,,,,,,,,,,,,,,,,,,,,,,,0,,,,
11663,simple,,"Curaprox BE YOU Grapefruit",1,0,visible,"Паста за заби за возрасни со вкус на грејпфрут.\n<ul>\n 	<li><span class=""Y2IQFc"" lang=""mk"">Против лош здив</span></li>\n 	<li><span class=""Y2IQFc"" lang=""mk"">Заштита од кариес</span></li>\n 	<li><span class=""Y2IQFc"" lang=""mk"">За чисти заби</span></li>\n 	<li><span class=""Y2IQFc"" lang=""mk"">Свеж здив</span></li>\n 	<li><span class=""Y2IQFc"" lang=""mk"">Нега на непцата</span></li>\n 	<li><span class=""Y2IQFc"" lang=""mk"">Пријатен вкус</span></li>\n 	<li><span class=""Y2IQFc"" lang=""mk"">Чувствителни заби</span></li>\n 	<li><span class=""Y2IQFc"" lang=""mk"">Заштита на забната глеѓ</span></li>\n 	<li><span class=""Y2IQFc"" lang=""mk"">Белење</span></li>\n</ul>",,,,taxable,,1,,,0,0,,,,,0,,,600,"Дентална програма, Дентална програма > Пасти за возрасни",,,https://lifeline.mk/wp-content/uploads/2022/03/CURAPROX-BE-YOU-GRAPEFRUIT-90-ML-600-den.jpg,,,,,,,,,0,Curaprox,0,192,193,,,,,,,,,,,,,,,,,,,,,,,,,,,,,,,,,,,,0,,,,
11665,simple,,"Curaprox BE YOU Gin Tonic 60ml",1,0,visible,"Паста за заби за возрасни со вкус на џин тоник.\n<ul>\n 	<li><span class=""Y2IQFc"" lang=""mk"">Против лош здив</span></li>\n 	<li><span class=""Y2IQFc"" lang=""mk"">Заштита од кариес</span></li>\n 	<li><span class=""Y2IQFc"" lang=""mk"">За чисти заби</span></li>\n 	<li><span class=""Y2IQFc"" lang=""mk"">Свеж здив</span></li>\n 	<li><span class=""Y2IQFc"" lang=""mk"">Нега на непцата</span></li>\n 	<li><span class=""Y2IQFc"" lang=""mk"">Пријатен вкус</span></li>\n 	<li><span class=""Y2IQFc"" lang=""mk"">Чувствителни заби</span></li>\n 	<li><span class=""Y2IQFc"" lang=""mk"">Заштита на забната глеѓ</span></li>\n 	<li><span class=""Y2IQFc"" lang=""mk"">Белење</span></li>\n</ul>",,,,taxable,,1,,,0,0,,,,,0,,,600,"Дентална програма, Дентална програма > Пасти за возрасни",,,https://lifeline.mk/wp-content/uploads/2022/03/CURAPROX-BE-YOU-GIN-TONIC-90-ML-600-den.jpg,,,,,,,,,0,,0,129,130,,,,,,,,,,,,,,,,,,,,,,,,,,,,,,,,,,,,0,,,,
11667,simple,,"Curaprox BE YOU Blackberry 60ml",1,0,visible,"Паста за заби за возрасни со вкус на капина.\n<ul>\n 	<li><span class=""Y2IQFc"" lang=""mk"">Против лош здив</span></li>\n 	<li><span class=""Y2IQFc"" lang=""mk"">Заштита од кариес</span></li>\n 	<li><span class=""Y2IQFc"" lang=""mk"">За чисти заби</span></li>\n 	<li><span class=""Y2IQFc"" lang=""mk"">Свеж здив</span></li>\n 	<li><span class=""Y2IQFc"" lang=""mk"">Нега на непцата</span></li>\n 	<li><span class=""Y2IQFc"" lang=""mk"">Пријатен вкус</span></li>\n 	<li><span class=""Y2IQFc"" lang=""mk"">Чувствителни заби</span></li>\n 	<li><span class=""Y2IQFc"" lang=""mk"">Заштита на забната глеѓ</span></li>\n 	<li><span class=""Y2IQFc"" lang=""mk"">Белење</span></li>\n</ul>",,,,taxable,,1,,,0,0,,,,,0,,,600,"Дентална програма, Дентална програма > Пасти за возрасни",,,https://lifeline.mk/wp-content/uploads/2022/03/CURAPROX-BE-YOU-BLACKBERRY-90-ML-600-den.jpg,,,,,,,,,0,Curaprox,0,158,160,,,,,,,,,,,,,,,,,,,,,,,,,,,,,,,,,,,,0,,,,
11669,simple,,"Curaprox BE YOU Apple 60ml",1,0,visible,"Паста за заби за возрасни со вкус на јаболко.\n<ul>\n 	<li><span class=""Y2IQFc"" lang=""mk"">Против лош здив</span></li>\n 	<li><span class=""Y2IQFc"" lang=""mk"">Заштита од кариес</span></li>\n 	<li><span class=""Y2IQFc"" lang=""mk"">За чисти заби</span></li>\n 	<li><span class=""Y2IQFc"" lang=""mk"">Свеж здив</span></li>\n 	<li><span class=""Y2IQFc"" lang=""mk"">Нега на непцата</span></li>\n 	<li><span class=""Y2IQFc"" lang=""mk"">Пријатен вкус</span></li>\n 	<li><span class=""Y2IQFc"" lang=""mk"">Чувствителни заби</span></li>\n 	<li><span class=""Y2IQFc"" lang=""mk"">Заштита на забната глеѓ</span></li>\n 	<li><span class=""Y2IQFc"" lang=""mk"">Белење</span></li>\n</ul>",,,,taxable,,1,,,0,0,,,,,0,,,600,"Дентална програма, Дентална програма > Пасти за возрасни",,,https://lifeline.mk/wp-content/uploads/2022/03/CURAPROX-BE-YOU-APPLE-90-ML-600-den.jpg,,,,,,,,,0,Curaprox,0,130,131,,,,,,,,,,,,,,,,,,,,,,,,,,,,,,,,,,,,0,,,,
11671,simple,,"Curaprox Baby четка за заби за деца",1,0,visible,"<p id=""tw-target-text"" class=""tw-data-text tw-text-large tw-ta"" data-placeholder=""Translation""><span class=""Y2IQFc"" lang=""mk"">Нема опасност од повреда благодарение на малата, гумена глава на четката.</span></p>\n<p class=""tw-data-text tw-text-large tw-ta"" data-placeholder=""Translation""><span class=""Y2IQFc"" lang=""mk"">Совршено одговара за рацете на децата и родителите.</span></p>\n<p class=""tw-data-text tw-text-large tw-ta"" data-placeholder=""Translation""><span class=""Y2IQFc"" lang=""mk"">Заоблената рачка го намалува притисокот на минимум.</span></p>\n<p class=""tw-data-text tw-text-large tw-ta"" data-placeholder=""Translation""><span class=""Y2IQFc"" lang=""mk"">Изработен од анти-лизгачки материјал во фантастични комбинации на бои.</span></p>",,,,taxable,,1,,,0,0,,,,,0,,,300,"Дентална програма, Дентална програма > Останати производи за дентална хигиена",,,https://lifeline.mk/wp-content/uploads/2022/03/CURAPROX-BABY-TOOTHBRUSH-BLUE-BLUE-300DEN.jpg,,,,,,,,,0,Curaprox,0,177,178,,,,,,,,,,,,,,,,,,,,,,,,,,,,,,,,,,,,0,,,,
11675,simple,,"Curaprox CS 5460 Ortho четка за заби",1,0,visible,"<p id=""tw-target-text"" class=""tw-data-text tw-text-large tw-ta"" data-placeholder=""Translation""><span class=""Y2IQFc"" lang=""mk"">Зошто стоматолозите ги препорачуваат CS 5460 четките за заби? </span></p>\n<p class=""tw-data-text tw-text-large tw-ta"" data-placeholder=""Translation""><span class=""Y2IQFc"" lang=""mk"">Два збора. Нежни. И ефикасни. Ултра фините, CUREN® филаменти се густо набиени на главата на четката за да дадат исклучителна моќ на чистење. </span></p>\n<p class=""tw-data-text tw-text-large tw-ta"" data-placeholder=""Translation""><span class=""Y2IQFc"" lang=""mk"">И изгледа убаво.</span></p>",,,,taxable,,1,,,0,0,,,,,0,,,300,"Дентална програма, Дентална програма > Четки за возрасни",,,https://lifeline.mk/wp-content/uploads/2022/03/CURAPROX-CS-5460-ORTHO-300-DEN.jpg,,,,,,,,,0,Curaprox,0,148,149,,,,,,,,,,,,,,,,,,,,,,,,,,,,,,,,,,,,0,,,,
11677,simple,,"Curaprox CPS 457 џебен сет",1,0,visible,"<p class=""tw-data-text tw-text-large tw-ta"" data-placeholder=""Translation""><span class=""Y2IQFc"" lang=""mk"">Стилска, практична кутија за складирање.</span></p>\n<p id=""tw-target-text"" class=""tw-data-text tw-text-large tw-ta"" data-placeholder=""Translation""><span class=""Y2IQFc"" lang=""mk"">Совршено за дома или кога сте во движење.</span></p>",,,,taxable,,1,,,0,0,,,,,0,,,480,"Дентална програма, Дентална програма > Останати производи за дентална хигиена, Дентална програма > СЕТ од дентални производи",,,https://lifeline.mk/wp-content/uploads/2022/03/CURAPROX-CPS-457-POCKET-SET.jpg,,,,,,,,,0,Curaprox,0,181,182,,,,,,,,,,,,,,,,,,,,,,,,,,,,,,,,,,,,0,,,,
11686,simple,,"Curaprox CPS 011 Prime Start Зелено",1,0,visible,"<p id=""tw-target-text"" class=""tw-data-text tw-text-large tw-ta"" data-placeholder=""Translation""><span class=""Y2IQFc"" lang=""mk"">Овие интердентални четки можат да го исчистат дури и најтесниот интердентален простор и се меѓу најдобрите достапни, обезбедувајќи ефикасна превенција од воспаление и лош здив. </span></p>",,,,taxable,,1,,,0,0,,,,,0,,,440,"Дентална програма, Дентална програма > Останати производи за дентална хигиена",,,https://lifeline.mk/wp-content/uploads/2022/03/CURAPROX-CPS-011-PRIME-START.jpg,,,,,,,,,0,Curaprox,0,177,178,,,,,,,,,,,,,,,,,,,,,,,,,,,,277,249,,,,,,,0,,60,,
11688,simple,,"Curaprox CPS 011 Prime Start Црвено",1,0,visible,"<p id=""tw-target-text"" class=""tw-data-text tw-text-large tw-ta"" data-placeholder=""Translation""><span class=""Y2IQFc"" lang=""mk"">Овие интердентални четки можат да го исчистат дури и најтесниот интердентален простор и се меѓу најдобрите достапни, обезбедувајќи ефикасна превенција од воспаление и лош здив. </span></p>",,,,taxable,,1,,,0,0,,,,,0,,,440,"Дентална програма, Дентална програма > Останати производи за дентална хигиена",,,https://lifeline.mk/wp-content/uploads/2022/03/CURAPROX-CPS-011-PRIME-START-CRVENO.jpg,,,,,,,,,0,Curaprox,0,152,153,,,,,,,,,,,,,,,,,,,,,,,,,,,,277,249,,,,,,,0,,60,,
11746,simple,,"VICHY Capital Soleil воден флуид со заштитен фактор 50 за комбинирана до масна кожа",1,0,visible,,"VICHY CAPITAL SOLIL UV-AGE DAILY SPF 50+ воден флуид 40ml.\n\nВисока заштита од сонце за лице. Помага во спречување на брчки,темни флеки и оксидативен стрес предизвикан од УВ зрачење и загадување на воздухот.\n\nХипоалерген.Нова технологија на вмрежани филтри во лесен слој, за ултра лесен, невидлив, немасен траг отпорен на пот.\n\nНанесувајте често и обилно за да бидете сигурни дека сте заштитени, особено после капење, потење и бришење со крпа.\n\nИзбегнувајте го пределот околу очите.\n\nСилно протресете пред нанесување.",,,taxable,,0,,,0,0,,,,,0,,,1370,"Бебешка програма, Нега и заштита > Заштита од сонце, Нега и заштита > Кожа, Нега и заштита",,,https://lifeline.mk/wp-content/uploads/2022/03/VICHY_CAPITAL_SOLEIL_PACK_EMULSION_SPF50_V3.jpg,,,,,,,,,0,Vichy,0,80,81,,classic-editor,,,,,,,,,,,,,,,,,,,,,,,,,,308,242,1,,,,,,0,,90,,
11748,simple,,"VICHY Capital Soleil UV-AGE DAILY  тониран воден флуид против фото-стареење UVB SPF 50+ и UVA PF 46",1,0,visible,,"VICHY CAPITAL SOLIL UV-AGE DAILY SPF 50+ тониран воден флуид 40ml.\n\nВисока заштита од сонце за лице. Помага во спречување на брчки,темни флеки и оксидативен стрес предизвикан од УВ зрачење и загадување на воздухот.\n\nХипоалерген.Нова технологија на вмрежани филтри во лесен слој, за ултра лесен, невидлив, немасен траг отпорен на пот.\n\nНанесувајте често и обилно за да бидете сигурни дека сте заштитени, особено после капење, потење и бришење со крпа.\n\nИзбегнувајте го пределот околу очите.\n\nСилно протресете пред нанесување.",,,taxable,,0,,,0,0,,,,,0,,,1595,"Нега и заштита > Заштита од сонце, Нега и заштита > Кожа, Нега и заштита",,,https://lifeline.mk/wp-content/uploads/2022/03/vichy-capital-soleil-anti-age-uv-daily-tonirani-fluid-srbotrade-1.jpg,,,,,,,,,0,Vichy,0,169,170,,classic-editor,,,,,,,,,,,,,,,,,,,,,,,,,,308,216,1,,,,,,0,,90,,
11770,simple,,"ABBOTT Prosure високоенергетска и високопротеинска ентерална исхрана со вкус на банана",1,0,visible,,"<ul>\n 	<li>Храна за посебна медицинска намена</li>\n 	<li>Високо енергетска, високо протеинска храна со омега-3 масни киселини (ЕПА)</li>\n 	<li>Хранлив додаток од 1,27 kcal/мл</li>\n 	<li>За орална употреба</li>\n 	<li>Без глутен</li>\n</ul>\nЗа диететско регулирање на исхраната кај пациенти со туморска кахексија. Специфични хранливи материи се модифицирани за да ги задоволат потребите на пациентите со оваа состојба: зголемено количество на магнезиум, цинк, витамин Е и витамин Ц. Збогатен со ЕПА (еикозапентаеноична киселина, омега 3 масна киселина од рибино масло) 1 г по шише.\n\nProSure содржи мешавина од влакна и FOS (фрукто-олигосахариди). Влакната и FOS имаат важна улога во исхраната со тоа што помагаат за поддршка на гастроинтестиналната функција.\n\nДостапен во 5 вкусни вкусови: банана, чоколадо, кафе, бобинки и ванила.\n\n<strong>Пакување</strong>: 220 мл",,,taxable,,1,,,0,0,,,,,0,,,313,"Витамини и суплементи",,,https://lifeline.mk/wp-content/uploads/2022/09/Untitled-111.jpg,,,,,,,,,0,,0,111,112,,classic-editor,,,,,,,,,,,,,,,,,,,,,,,,,,,214,1,,,,,,0,,90,,
11771,simple,,"ABBOTT Prosure високоенергетска и високопротеинска ентерална исхрана со вкус на ванила",1,0,visible,,"<ul>\n 	<li>Храна за посебна медицинска намена</li>\n 	<li>Високо енергетска, високо протеинска храна со омега-3 масни киселини (ЕПА)</li>\n 	<li>Хранлив додаток од 1,27 kcal/мл</li>\n 	<li>За орална употреба</li>\n 	<li>Без глутен</li>\n</ul>\nЗа диететско регулирање на исхраната кај пациенти со туморска кахексија. Специфични хранливи материи се модифицирани за да ги задоволат потребите на пациентите со оваа состојба: зголемено количество на магнезиум, цинк, витамин Е и витамин Ц. Збогатен со ЕПА (еикозапентаеноична киселина, омега 3 масна киселина од рибино масло) 1 г по шише.\n\nProSure содржи мешавина од влакна и FOS (фрукто-олигосахариди). Влакната и FOS имаат важна улога во исхраната со тоа што помагаат за поддршка на гастроинтестиналната функција.\n\nДостапен во 5 вкусни вкусови: банана, чоколадо, кафе, бобинки и ванила.\n\n<strong>Пакување</strong>: 220 мл",,,taxable,,1,,,0,0,,,,,0,,,313,"Витамини и суплементи",,,https://lifeline.mk/wp-content/uploads/2022/09/Untitled-11-1.jpg,,,,,,,,,0,,0,116,117,,classic-editor,,,,,,,,,,,,,,,,,,,,,,,,,,,214,1,,,,,,0,,90,,
11773,simple,,"ABBOTT Prosure високоенергетска и високопротеинска ентерална исхрана со вкус на чоколадо",1,0,visible,,"<ul>\n 	<li>Храна за посебна медицинска намена</li>\n 	<li>Високо енергетска, високо протеинска храна со омега-3 масни киселини (ЕПА)</li>\n 	<li>Хранлив додаток од 1,27 kcal/мл</li>\n 	<li>За орална употреба</li>\n 	<li>Без глутен</li>\n</ul>\nЗа диететско регулирање на исхраната кај пациенти со туморска кахексија. Специфични хранливи материи се модифицирани за да ги задоволат потребите на пациентите со оваа состојба: зголемено количество на магнезиум, цинк, витамин Е и витамин Ц. Збогатен со ЕПА (еикозапентаеноична киселина, омега 3 масна киселина од рибино масло) 1 г по шише.\n\nProSure содржи мешавина од влакна и FOS (фрукто-олигосахариди). Влакната и FOS имаат важна улога во исхраната со тоа што помагаат за поддршка на гастроинтестиналната функција.\n\nДостапен во 5 вкусни вкусови: банана, чоколадо, кафе, бобинки и ванила.\n\n<strong>Пакување</strong>: 220 мл",,,taxable,,1,,,0,0,,,,,0,,,313,"Витамини и суплементи",,,https://lifeline.mk/wp-content/uploads/2022/09/Untitled-11111.jpg,,,,,,,,,0,,0,358,359,,classic-editor,,,,,,,,,,,,,,,,,,,,,,,,,,,214,1,,,,,,0,,90,,2022-09-06
11775,simple,,"ABBOTT Prosure високоенергетска и високопротеинска ентерална исхрана со вкус на бобинки",1,0,visible,,"<ul>\n 	<li>Храна за посебна медицинска намена</li>\n 	<li>Високо енергетска, високо протеинска храна со омега-3 масни киселини (ЕПА)</li>\n 	<li>Хранлив додаток од 1,27 kcal/мл</li>\n 	<li>За орална употреба</li>\n 	<li>Без глутен</li>\n</ul>\nЗа диететско регулирање на исхраната кај пациенти со туморска кахексија. Специфични хранливи материи се модифицирани за да ги задоволат потребите на пациентите со оваа состојба: зголемено количество на магнезиум, цинк, витамин Е и витамин Ц. Збогатен со ЕПА (еикозапентаеноична киселина, омега 3 масна киселина од рибино масло) 1 г по шише.\n\nProSure содржи мешавина од влакна и FOS (фрукто-олигосахариди). Влакната и FOS имаат важна улога во исхраната со тоа што помагаат за поддршка на гастроинтестиналната функција.\n\nДостапен во 5 вкусни вкусови: банана, чоколадо, кафе, бобинки и ванила.\n\n<strong>Пакување</strong>: 220 мл",,,taxable,,1,,,0,0,,,,,0,,,313,"Бебешка програма",,,https://lifeline.mk/wp-content/uploads/2022/09/1111111111.jpg,,,,,,,,,0,,0,112,113,,classic-editor,,,,,,,,,,,,,,,,,,,,,,,,,,,,1,,,,,,0,,90,,2022-09-06
11848,simple,,"VICHY Liftactive B3 серум 30ml",1,0,visible,,,,,taxable,,1,,,0,0,,,,,0,,,2865,"Нега и заштита",,,https://lifeline.mk/wp-content/uploads/2022/11/R.jpeg,,,,,,,,,0,Vichy,0,67,68,,classic-editor,,,,,,,,,,,,,,,,,,,,,,,,,,308,216,0,,,,,,0,,,,
11850,simple,,"VICHY Liftactiv Vitamin C серум 20ml",1,0,visible,,,,,taxable,,1,,,0,0,,,,,0,,,2790,"Нега и заштита",,,https://lifeline.mk/wp-content/uploads/2022/11/OIP.jpeg,,,,,,,,,0,Vichy,0,132,133,,classic-editor,,,,,,,,,,,,,,,,,,,,,,,,,,308,216,0,,,,,,0,,,,
11852,simple,,"LA ROCHE POSEY Toleriane Ultra Dermallergo серум",1,0,visible,,,,,taxable,,1,,,0,0,,,,,0,,,2195,"Нега и заштита",,,https://lifeline.mk/wp-content/uploads/2022/11/R-1.jpeg,,,,,,,,,0,LaRoche-Posay,0,83,84,,classic-editor,,,,,,,,,,,,,,,,,,,,,,,,,,272,216,0,,,,,,0,,,,
11854,simple,,"LA ROCHE POSEY Retinol B3 серум",1,0,visible,,,,,taxable,,0,,,0,0,,,,,0,,,2820,"Нега и заштита",,,https://lifeline.mk/wp-content/uploads/2022/11/64518911590430.jpg,,,,,,,,,0,LaRoche-Posay,0,144,145,,classic-editor,,,,,,,,,,,,,,,,,,,,,,,,,,272,216,0,,,,,,0,,,,
